writing_id,learner_id,learner_id_categorical,nationality,l1,cefr,cefr_numeric,level,unit,topic_id_original,topic_id_original_categorical,topic_id,topic_id_categorical,text_number_per_learner_in_task,topic,secondary_topic,topic_to_keep,date,time,grade,wordcount,mtld,text,text_corrected
961,130930,130930,br,Portuguese,A1,1,1,1,1,1A,1,1A,1,Introducing yourself by email,english,both topics,40614,23:24:33.520,78,41,67.24,"
	  Hi, My name's Leon. I don't speak english, but I am in learning stage, so I do not have much to say in the newsroom. Good, study the 3rd grade of high school and I intend to exchange. Good Night, bye.
	","Hi, My name's Leon. I don't speak english, but I am in learning stage, so I do not have much to say in the newsroom. Good, study the 3rd grade of high school and I intend to exchange. Good Night, bye."
1523,18131,18131,sa,Arabic,A1,1,1,1,1,1A,1,1A,1,Introducing yourself by email,name,both topics,40617,02:24:17.907,83,24,26.88,"
	  Hi.... From: To: Date: Hi! How are you? My name's Anna. I'm 23 years old. What's your name? How old are you? Bye! Anna.
	",Hi.... From: To: Date: Hi! How are you? My name's Anna. I'm 23 years old. What's your name? How old are you? eye! Anna.
2817,8501,8501,cn,Mandarin,A1,1,1,1,1,1A,1,1A,1,Introducing yourself by email,name,both topics,40617,11:21:38.090,82,25,43.75,"
	  Dear Anna: I'm Xudong. I'm 33 years old. Nice to meet you. I'm from Guang Dong I hope take to your friend. good Bye! Xudong
	",Dear Anna: I'm auding. I'm 33 years old. Nice to meet you. I'm from Guana Dong I hope take to your friend. good eye! auding
2887,13162,13162,fr,French,A1,1,1,1,1,1A,1,1A,1,Introducing yourself by email,name,both topics,40617,12:57:02.390,96,35,42.875,"
	  Hello! Nice to meet you. I am fine, thanks. How are you? My name is Marie Joelle. I am 53 years old. What's your phone number. My phone number is 555 5555 Goodbye! Marie joelle
	","bello! Nice to meet you. I am fine, thanks. How are you? My name is Marie Joelle. I am 53 years old. What's your phone number. My phone number is 555 5555 goodbye! Marie jelly"
2286,152797,152797,br,Portuguese,A1,1,1,1,1,1A,1,1A,1,Introducing yourself by email,english,both topics,40617,20:47:14.560,90,44,108.416,"
	  Hi teacher! How are you? My name's Marcos Malachias and live in Brazil, where do you live? I'm 26 years old. Today is my second day of the course. I need to learn english to visit a client em Dallas EUA. Thanks. Bye! Marcos.
	","Hi teacher! How are you? My name's Marcos Malachias and live in Brazil, where do you live? I'm 26 years old. Today is my second day of the course. I need to learn english to visit a client em Dallas EU. thanks. eye! Marcos."
3224,25011,25011,it,Italian,A1,1,1,1,1,1A,1,1A,1,Introducing yourself by email,name,both topics,40618,11:56:58.683,87,22,45.17333333,"
	  hello! my name's Gaetano, i'm 70 years old. I'm italian. i leave in Legnano Milano. My addres is ......... I'm ingeneer electronic, Bye
	","hello! my name's Gaetano, i'm 70 years old. I'm italian. i leave in Lugano Milano. My address is ......... I'm ingener electronic, eye"
796,52581,52581,br,Portuguese,A1,1,1,1,1,1A,1,1A,1,Introducing yourself by email,name,both topics,40619,19:53:26.670,89,45,81,"
	  Hi Anna! I'm fine, thanks. My name's Elias. I'm 34 years old. I'm from Brasil and i live in the city of Belo Horizonte with my dog and my wife Ana Beatriz. We don't have kids, but we are thinking about this. Regards, Elias Peixoto.
	","Hi Anna! I'm fine, thanks. My name's Elias. I'm 34 years old. I'm from Brasil and i live in the city of Bell Horizonte with my dog and my wife Ana Beatriz. We don't have kids, but we are thinking about this. regards, Elias Peixoto."
2152,42261,42261,cn,Mandarin,A1,1,1,1,1,1A,1,1A,1,Introducing yourself by email,english,both topics,40620,01:00:34.187,72,42,152.46,"
	  Hi! My name""s huxiaofang. I come from China.I'm thirty-eight.My family have four .husbuad and two boy.I like thier.they love me,too. Anna.How are you now?Please call me ,my phone number is 5501732. bye! huxiaofang
	","Hi! My name""s huxiaofang. I come from China.I'm thirty-eight.My family have four .husband and two boy.I like their.they love me,too. Anna.How are you now?Please call me ,my phone number is 5501732. bye! huxiaofang"
4126,19345,19345,cn,Mandarin,A1,1,1,1,1,1A,1,1A,1,Introducing yourself by email,english,both topics,40620,04:46:33.720,89,37,50.82,"
	  Hi! Anna,How are you? Thank you to sendmail to me. My name's Anfeng.I'm 24 years old.Nice to meet you !I think we are friends already,I hope we can learn english toghter! Bye! Anfeng.
	","Hi! Anna,How are you? Thank you to sendal to me. My name's Anking.I'm 24 years old.Nice to meet you !I think we are friends already,I hope we can learn english tighter! eye! Anking."
305,36888,36888,br,Portuguese,A1,1,1,1,1,1A,1,1A,1,Introducing yourself by email,name,both topics,40620,13:07:41.410,86,26,47.32,"
	  Hi. I'm fine thanks. Hope you're fine too. My name's Josyane. I'm 27 years. Where you live? I'm from Brazil. Nice to meet you. Bye Anna.
	",Hi. I'm fine thanks. Hope you're fine too. My name's Joyan. I'm 27 years. Where you live? I'm from Brazil. Nice to meet you. eye Anna.
3092,6747,6747,cn,Mandarin,A1,1,1,1,1,1A,1,1A,1,Introducing yourself by email,english,both topics,40621,07:16:49.837,95,29,73.17333333,"
	  Dear Anna, Thanks for your E-mail. I hope you everything goes well. My name's Bella. I'm 24 years old. I come from China. Thanks and Best regards Bella
	","Dear Anna, thanks for your E-mail. I hope you everything goes well. My name's Bella. I'm 24 years old. I come from China. thanks and Best regards Bella"
2231,97378,97378,cn,Mandarin,A1,1,1,1,1,1A,1,1A,1,Introducing yourself by email,name,both topics,40621,07:26:59.827,95,21,56,"
	  Dear Mz. Anna! Hello! How are you? Nice to meet you. My name's Oswald, I'm forty-two years old. Bye! Oswald.
	","Dear Mr. Anna! bello! How are you? Nice to meet you. My name's Oswald, I'm forty-two years old. eye! Oswald."
5782,27590,27590,it,Italian,A1,1,1,1,1,1A,1,1A,1,Introducing yourself by email,name,both topics,40621,11:23:41.630,92,35,42.875,"
	  Hello! My name's Raffaele. Fine thanks, and you? I'm 24 years old and I work in a bank. I think you are a student, it's right? Ops.. I'm in late. Have a nice day! Raffaele
	","bello! My name's affable. Fine thanks, and you? I'm 24 years old and I work in a bank. I think you are a student, it's right? Ops.. I'm in late. Have a nice day! affable"
5095,154565,154565,cn,Mandarin,A1,1,1,1,1,1A,1,1A,1,Introducing yourself by email,english,both topics,40621,22:42:19.997,85,42,235.48,"
	  Introduce myself Hi, Anna,I feel very happy received your letter,Ok, Right now, Let's me Intorduce myself,My name is Marenli,It's M-A-R-E-N-L-I,I'm from china,I'm twenty-three years old, Nice to meet you!
	","introduce myself Hi, Anna,I feel very happy received your letter,Ok, Right now, Let's me introduce myself,My name is Marengo,It's M-A-R-E-N-L-I,I'm from china,I'm twenty-three years old, Nice to meet you!"
5712,18874,18874,br,Portuguese,A1,1,1,1,1,1A,1,1A,1,Introducing yourself by email,name,both topics,40622,01:11:18.360,94,23,24.68666667,"
	  Hi! I'm fine, thanks. How are you? What's your name? How old are you? My name's Eric. I'm 28 years old. Bye! Eric.
	","Hi! I'm fine, thanks. How are you? What's your name? How old are you? My name's Eric. I'm 28 years old. eye! Eric."
4594,97864,97864,cn,Mandarin,A1,1,1,1,1,1A,1,1A,1,Introducing yourself by email,name,both topics,40622,11:52:45.890,92,24,41.16,"
	  Hellow! Fin thank's.How are you?What's your name?How old are you? My name's Jing Hu .I'm twenty- four yearsold. GoodBye! Jing Hu.
	",fellow! Fin thank's.How are you?What's your name?How old are you? My name's king Hu .I'm twenty- four yearsold. Goodge! king Hu.
7939,114734,114734,cn,Mandarin,A1,1,1,1,1,1A,1,1A,1,Introducing yourself by email,english,both topics,40623,07:46:54.050,92,42,44.034,"
	  Hello, I'm zhangjian. I came form China. I'm 34 years old and I have married. I have a daughter, she is 4 years old. Now, I'm in India. I have been here 12 days,so I am very miss my little girl.
	","bello, I'm zhangjian. I came form China. I'm 34 years old and I have married. I have a daughter, she is 4 years old. Now, I'm in India. I have been here 12 days,so I am very miss my little girl."
5423,113204,113204,cn,Mandarin,A1,1,1,1,1,1A,1,1A,1,Introducing yourself by email,name,both topics,40623,09:10:45.720,85,20,40.46,"
	  Hello. I'm fine,thank you. I'm from China. My name's Mo Jinfei,I'm thirty-nine years old. Bye. Mo Jinfei.
	","bello. I'm fine,thank you. I'm from China. My name's Mo infer,I'm thirty-nine years old. eye. Mo infer."
1898,161793,161793,cn,Mandarin,A1,1,1,1,1,1A,1,1A,1,Introducing yourself by email,name,both topics,40624,06:25:19.040,89,23,90.72,"
	  Hye,Anna. I'm fine,thank you.And you? My name is Ashley,I'm 29 years old. Nice to meet you! Bye-bye! Ashley.
	","Hye,Anna. I'm fine,thank you.And you? My name is Ashley,I'm 29 years old. Nice to meet you! eye-bye! Ashley."
7308,144374,144374,br,Portuguese,A1,1,1,1,1,1A,1,1A,1,Introducing yourself by email,name,both topics,40624,13:56:53.677,94,25,27.08333333,"
	  Hello. Nice to meet you Anna. I'm fine, thank's. And you? My name's Wanderson, I'm 28 years old. I'm a studdent, and you? Bye! Wanderson.
	","bello. Nice to meet you Anna. I'm fine, thank's. And you? My name's anderson, I'm 28 years old. I'm a student, and you? eye! anderson."
4916,29966,29966,mx,Spanish,A1,1,1,1,1,1A,1,1A,1,Introducing yourself by email,name,both topics,40625,00:53:08.813,78,26,63.09333333,"
	  Hi, How are you? My name is Estela, I'm 24 years old. I live in plano il, and I merried my husband work in the Navy.
	","Hi, How are you? My name is Estela, I'm 24 years old. I live in plano il, and I married my husband work in the Navy."
2692,126509,126509,mx,Spanish,A1,1,1,1,1,1A,1,1A,1,Introducing yourself by email,name,both topics,40625,01:35:22.263,80,36,45.36,"
	  Hi Anna, my name's Elda I'm 42 yers old, I lived in Mexico I'm study english, because I want to improve and I need for to help my doughters in homework. Bye Anna, naice to meet
	","Hi Anna, my name's Elda I'm 42 years old, I lived in Mexico I'm study english, because I want to improve and I need for to help my daughters in homework. eye Anna, nice to meet"
2914,152471,152471,cn,Mandarin,A1,1,1,1,1,1A,1,1A,1,Introducing yourself by email,name,both topics,40625,02:32:26.140,87,27,0,"
	  From:Cindy To:Anna Date:2011-03-23 Hi,Anna. I'm fine,thank you.How are you? My name's Cindy.I'm thiry-three years old. Bye! Cindy
	","From:Cindy To:Anna Date:2011-03-23 Hi,Anna. I'm fine,thank you.How are you? My name's Cindy.I'm third-three years old. eye! Cindy"
2415,63028,63028,br,Portuguese,A1,1,1,1,1,1A,1,1A,1,Introducing yourself by email,name,both topics,40625,08:46:44.040,88,27,68.04,"
	  Hi! Anna. I'm fine, Thanks and how are you? My name's Tiago and have 29 years old. Nice to meet you. What's your phone number? Bye! Tiago.
	","Hi! Anna. I'm fine, thanks and how are you? My name's iago and have 29 years old. Nice to meet you. What's your phone number? eye! iago."
6988,59136,59136,cn,Mandarin,A1,1,1,1,1,1A,1,1A,1,Introducing yourself by email,name,both topics,40625,23:00:36.377,89,32,44.84666667,"
	  Hi! Fine thanks.How are you? My name Shijun Chen.I'm 24 years old.My phone number is ### #### ####. I'm from China.Welcome to Tianjin. where are you from? what's your phone number?
	",Hi! Fine thanks.How are you? My name Shin Chen.I'm 24 years old.My phone number is ### #### ####. I'm from China.Welcome to Tianjin. where are you from? what's your phone number?
908,95798,95798,br,Portuguese,A1,1,1,1,1,1A,1,1A,1,Introducing yourself by email,name,both topics,40625,23:28:49.323,82,32,71.68,"
	  Hello! My name is Jivonildo, I am From Brazil, and  live in  city Sao Paulo of state sao paulo. I to work  HP brazil , on  departament os Logistics Material planning.  Thanks  Jivonildo
	","bello! My name is Jivonildo, I am From Brazil, and live in city Sao Paulo of state sao paul. I to work HP brazil , on department os logistics Material planning. thanks Jivonildo"
9739,57628,57628,br,Portuguese,A1,1,1,1,1,1A,1,1A,1,Introducing yourself by email,name,both topics,40625,23:40:26.953,90,23,49.37333333,"
	  Hi Anna. I'm fine, thanks. How are you? My name's Advan and i'm 22 years old. Thank you for your email. Bye. Advan
	","Hi Anna. I'm fine, thanks. How are you? My name's Avan and i'm 22 years old. Thank you for your email. eye. Avan"
3786,7596,7596,br,Portuguese,A1,1,1,1,1,1A,1,1A,1,Introducing yourself by email,name,both topics,40626,17:11:26.230,92,26,37.856,"
	  Hellow Anna! I'm fine thanks. And you? My name is Marcelo and I'm 28 yars old. My graduation is in Electrical Engineer. What's your graduation? Bye!
	",fellow Anna! I'm fine thanks. And you? My name is Marcelo and I'm 28 years old. My graduation is in Electrical Engineer. What's your graduation? eye!
3948,48055,48055,br,Portuguese,A1,1,1,1,1,1A,1,1A,1,Introducing yourself by email,name,both topics,40626,17:30:34.810,95,39,53.235,"
	  Hello Anna, I'm Luciana. Nice to meet you! I'm forty one years old and working with children in to Gurilndia International School. I'm live in Salvador, Bahia, Brasil. Will be a pleasure to exchange emails with you. Goodbye! Luciana.
	","bello Anna, I'm Luciana. Nice to meet you! I'm forty one years old and working with children in to Gurilndia International School. I'm live in Salvador, Bahia, Brasil. Will be a pleasure to exchange emails with you. goodbye! Luciana."
4231,169908,169908,br,Portuguese,A1,1,1,1,1,1A,1,1A,1,Introducing yourself by email,name,both topics,40627,07:29:04.560,79,26,37.856,"
	  Hello, Anna. I'm fine thanks. My name's Luzineti. I'm 52 years old. How old are you? I like to write. Do you like too? Bye Luzineti
	","bello, Anna. I'm fine thanks. My name's Luzineti. I'm 52 years old. How old are you? I like to write. Do you like too? eye Luzineti"
9404,76555,76555,cn,Mandarin,A1,1,1,1,1,1A,1,1A,1,Introducing yourself by email,name,both topics,40627,09:24:02.707,94,20,45.36,"
	  Hello! Fine,thanks. what's your name? How old are you? My name's Polly Zhang.I'm 30 years old. Goodbye! Polly
	","bello! Fine,thanks. what's your name? How old are you? My name's Polly Zhang.I'm 30 years old. goodbye! Polly"
8742,22608,22608,de,German,A1,1,1,1,1,1A,1,1A,1,Introducing yourself by email,name,both topics,40627,12:56:00.777,98,22,45.17333333,"
	  Hello Anna! How are you? I'm fine. Thank you for your message. My name's Karina and I'm 27 years old. Bye! Karina.
	",bello Anna! How are you? I'm fine. Thank you for your message. My name's Karina and I'm 27 years old. eye! Karina.
10652,81377,81377,cn,Mandarin,A1,1,1,1,1,1A,1,1A,1,Introducing yourself by email,english,both topics,40627,18:42:02.520,100,24,40.32,"
	  Hello! I'm fine, and you? My name's David, I'm 28. Now I live in China. Where are you from? The best for you! David
	","bello! I'm fine, and you? My name's David, I'm 28. Now I live in China. Where are you from? The best for you! David"
9967,91941,91941,mx,Spanish,A1,1,1,1,1,1A,1,1A,1,Introducing yourself by email,name,both topics,40628,01:43:39.087,96,26,47.32,"
	  Hi Anna! I'm fine thanks. How are you? My name's Esteban. I'm 27 years old. What's your phone number? Nice to meet you Anna. Bye! Esteban.
	",Hi Anna! I'm fine thanks. How are you? My name's Esteban. I'm 27 years old. What's your phone number? Nice to meet you Anna. eye! Esteban.
4918,173704,173704,br,Portuguese,A1,1,1,1,1,1A,1,1A,1,Introducing yourself by email,name,both topics,40628,16:47:58.507,100,29,29.2175,"
	  Hello, Anna! I'm fine, thanks. And you? My name's Osmar. I'm 30 years old. What's your phone number? I'm from Brazil. And you? My phone number is ... Bye! Osmar.
	","bello, Anna! I'm fine, thanks. And you? My name's Oskar. I'm 30 years old. What's your phone number? I'm from Brazil. And you? My phone number is ... eye! Oskar."
9965,97468,97468,br,Portuguese,A1,1,1,1,1,1A,1,1A,1,Introducing yourself by email,name,both topics,40628,20:58:51.037,92,22,67.76,"
	  Hi Anna! Nice to meet you. I'm fine, thanks. My name's Alex. I'm 39 years old. What's your phone number? Bye!  Alex.
	","Hi Anna! Nice to meet you. I'm fine, thanks. My name's Alex. I'm 39 years old. What's your phone number? eye! Alex."
10118,52732,52732,br,Portuguese,A1,1,1,1,1,1A,1,1A,1,Introducing yourself by email,name,both topics,40629,01:42:12.423,95,26,47.32,"
	  Hello Anna! I'm fine, thanks and you? My name is Lucas and i'm 23 years old. Well,  was a pleasure write to you. Bye bye!  Lucas.
	","bello Anna! I'm fine, thanks and you? My name is Lucas and i'm 23 years old. Well, was a pleasure write to you. eye bye! Lucas."
2635,130875,130875,br,Portuguese,A1,1,1,1,1,1A,1,1A,1,Introducing yourself by email,name,both topics,40629,19:55:13.940,85,25,175,"
	  Hello Anna, good morning. I'm brazilian and have twenty six old. I understand a little english, but not very well. But, nice to meet you
	","bello Anna, good morning. I'm brazilian and have twenty six old. I understand a little english, but not very well. But, nice to meet you"
5399,46704,46704,br,Portuguese,A1,1,1,1,1,1A,1,1A,1,Introducing yourself by email,name,both topics,40630,19:44:53.653,95,41,33.24324324,"
	  Hello Anna. I am Carlos. I am 36 years old. I am maried. My name''s wife is Simone. I have twou daugthers. We live in Curitiba, Brazil. Curitiba is wonderful city. I am a student and a consultant. Bye. Carlos
	","bello Anna. I am Carlos. I am 36 years old. I am marked. My name''s wife is Simone. I have two daughters. We live in Curitiba, Brazil. Curitiba is wonderful city. I am a student and a consultant. eye. Carlos"
602,154833,154833,mx,Spanish,A1,1,1,1,1,1A,1,1A,1,Introducing yourself by email,name,both topics,40630,22:40:30.720,80,24,112,"
	  Dear Anna!I'm fine, thanks.My name's Gabriel. I'm 28 years old.Thank you for your letter. How are you doing? Best regards.Gabriel.
	","Dear Anna!I'm fine, thanks.My name's Gabriel. I'm 28 years old.Thank you for your letter. How are you doing? Best regards.Gabriel."
12334,170599,170599,cn,Mandarin,A1,1,1,1,1,1A,1,1A,1,Introducing yourself by email,english,both topics,40630,23:59:29.097,84,23,0,"
	  Hi, my name is Liu Fang ,i'm fine.I'm twenty-five years old.How are you?I'm glad that you wrote to me.
	","Hi, my name is Liu Fang ,i'm fine.I'm twenty-five years old.How are you?I'm glad that you wrote to me."
10338,67337,67337,cn,Mandarin,A1,1,1,1,1,1A,1,1A,1,Introducing yourself by email,name,both topics,40631,06:03:04.110,75,29,63,"
	  Hello ~ My name's Cystal .I'm 24 years old .I'm come from Cina and I'm woking in the Airlines now .I think my personality is very breey outgoing ang friendly.
	",bello ~ My name's cystal .I'm 24 years old .I'm come from China and I'm working in the airlines now .I think my personality is very breed outgoing and friendly.
8007,152588,152588,fr,French,A1,1,1,1,1,1A,1,1A,1,Introducing yourself by email,name,both topics,40631,15:56:11.657,95,32,47.78666667,"
	  Hello Anna, I'm fine thanks you , I hope you're well also ? My name's Christophe , I leave in France and I'm 49 years old. I hope to see you soon Best regard Christophe
	","bello Anna, I'm fine thanks you , I hope you're well also ? My name's Christophe , I leave in France and I'm 49 years old. I hope to see you soon Best regard Christophe"
12180,23979,23979,br,Portuguese,A1,1,1,1,1,1A,1,1A,1,Introducing yourself by email,name,both topics,40631,16:18:05.687,98,23,49.37333333,"
	  HI DEAR I'M FINE. AND YOU? MY NAME'S PAULA, I'M TWENTY SIX YEARS OLD. I'M FROM BRAZIL! BYE I HOPE  KNOW YOU SOON!
	","HI DEAR I'M FINE. AND YOU? MY AME'S PAU, I'M TWENTY SIX YEARS OLD. I'M FROM BRAZIL! BY I POE NOW YOU ON!"
14098,148128,148128,br,Portuguese,A1,1,1,1,1,1A,1,1A,1,Introducing yourself by email,name,both topics,40631,18:49:06.040,94,23,49.37333333,"
	  Hello Anna! I'm fine thanks. And you? I hope that you're ok. My name's Alex and I'm 29 years old. Take care! Alex
	",bello Anna! I'm fine thanks. And you? I hope that you're ok. My name's Alex and I'm 29 years old. Take care! Alex
9093,59422,59422,br,Portuguese,A1,1,1,1,1,1A,1,1A,1,Introducing yourself by email,name,both topics,40631,19:49:08.590,90,21,30.24,"
	  Hi,ana. I'm fine,thanks. My name's Anderson. I'm 36 years old. I'm study english,nice to me you. bye! Anderson
	","Hi,ana. I'm fine,thanks. My name's Anderson. I'm 36 years old. I'm study english,nice to me you. bye! Anderson"
9934,67330,67330,br,Portuguese,A1,1,1,1,1,1A,1,1A,1,Introducing yourself by email,name,both topics,40631,20:43:06.140,100,25,43.75,"
	  Hello I'm fine, Thank you. What's your name? How old are you? My name's Ailly, I'm 31 years old. Nice to meet you. good by
	","bello I'm fine, Thank you. What's your name? How old are you? My name's silly, I'm 31 years old. Nice to meet you. good by"
10253,28689,28689,cn,Mandarin,A1,1,1,1,1,1A,1,1A,1,Introducing yourself by email,name,both topics,40632,08:20:17.460,97,27,29.16,"
	  Hello! Form: To: Date: Hello! I am fine, thank you, and you? My name is Suziyu. I am 24 years old. Nice to meet you! Bye! Suziyu
	","bello! Form: To: Date: bello! I am fine, thank you, and you? My name is Suzhou. I am 24 years old. Nice to meet you! eye! Suzhou"
8523,82868,82868,cn,Mandarin,A1,1,1,1,1,1A,1,1A,1,Introducing yourself by email,name,both topics,40632,10:01:36.867,95,25,49.37333333,"
	  Hi, Anna I'm fine,thanks.How are you? My name's Eimily.I'm 23 years old. My phone number is #### ####.What's your phone number? Bye. Eimily.
	","Hi, Anna I'm fine,thanks.How are you? My name's Eimile.I'm 23 years old. My phone number is #### ####.What's your phone number? eye. Eimile."
13634,109057,109057,it,Italian,A1,1,1,1,1,1A,1,1A,1,Introducing yourself by email,name,both topics,40632,12:12:15.017,100,25,23.67901235,"
	  Hi. My name's Monica. What's your name? I'm 41 years old. How old are you? My phone number is ### ### ###. What's your phone number? Bye Monica
	",Hi. My name's Monica. What's your name? I'm 41 years old. How old are you? My phone number is ### ### ###. What's your phone number? eye Monica
13361,13937,13937,mx,Spanish,A1,1,1,1,1,1A,1,1A,1,Introducing yourself by email,name,both topics,40633,00:17:51.143,84,54,81.648,"
	  Hi! Anna,  My name's Alberto, I'm fine thanks, I'm 35. How are you? I come from Mexico City, I'm Single, My jobbies are listen classical music, RandB and Pop. I Like dance. I work full time, but go to Gym every day of week, except sundays     Well Anna nice to meet you.  Bye Alberto
	","Hi! Anna, My name's Alberto, I'm fine thanks, I'm 35. How are you? I come from Mexico City, I'm single, My jobbies are listen classical music, Randy and Pop. I Like dance. I work full time, but go to lym every day of week, except sundays Well Anna nice to meet you. eye Alberto"
3551,153369,153369,tw,Mandarin,A1,1,1,1,1,1A,1,1A,1,Introducing yourself by email,name,both topics,40633,09:52:49.980,98,30,47.32,"
	  Hello,Anna. How are you? My name's Hui-Ting.I'm 24 years old. My phone number is 123 456. what's your phone number? Nice to meet you. Bye! Hui-Ting.
	","bello,Anna. How are you? My name's Hui-Ting.I'm 24 years old. My phone number is 123 456. what's your phone number? Nice to meet you. eye! Hui-Ting."
12756,130342,130342,br,Portuguese,A1,1,1,1,1,1A,1,1A,1,Introducing yourself by email,name,both topics,40633,09:56:31.587,96,37,42.59111111,"
	  Hi! How are you? My name's Marcia. I'm 26 years old. What's your name? How old are you? Nice too meet you. I live in Recife. Where do you live? See you later Good Bye! Mrcia. Mrcia.
	",Hi! How are you? My name's Marcia. I'm 26 years old. What's your name? How old are you? Nice too meet you. I live in Recife. Where do you live? See you later Good eye! Mercia. Mercia.
12961,28519,28519,mx,Spanish,A1,1,1,1,1,1A,1,1A,1,Introducing yourself by email,name,both topics,40633,14:46:41.400,85,25,43.75,"
	  Hi! I'm fine thanks. What's your name? How old are you? Nice to meet you . Anna. My name's Maribel. I'm 27 years old. bye. Maribel.
	",Hi! I'm fine thanks. What's your name? How old are you? Nice to meet you . Anna. My name's Maribel. I'm 27 years old. bye. Maribel.
9251,17476,17476,cn,Mandarin,A1,1,1,1,1,1A,1,1A,1,Introducing yourself by email,name,both topics,40633,14:47:54.227,86,25,0,"
	  From:xiaoyan To:Anna Date:2011-03-31 Hi,Anna!I'm fine,thank you,and you?My name's xiaoyan.I'm 27 years old. Bye! xiaoyan.
	","From:xiaoyan To:Anna Date:2011-03-31 Hi,Anna!I'm fine,thank you,and you?My name's xiaoyan.I'm 27 years old. eye! xiaoyan."
7544,52982,52982,br,Portuguese,A1,1,1,1,1,1A,1,1A,1,Introducing yourself by email,english,both topics,40633,19:16:01.917,89,41,47.068,"
	  Hi! My name's Eudes Henrique, i'm 21 years old and i'm a brazilian. I very like eletronic musics and travel. I'm learn english, why for i like language. But i know little about this language, for now.  Bye teacher! Eudes Henrique 
	","Hi! My name's tudes Henrique, i'm 21 years old and i'm a brazilian. I very like electronic musics and travel. I'm learn english, why for i like language. But i know little about this language, for now. eye teacher! tudes Henrique"
12915,134479,134479,de,German,A1,1,1,1,1,1A,1,1A,1,Introducing yourself by email,name,both topics,40634,02:08:55.840,100,26,63.09333333,"
	  Hello Anna! :) I'm fine, thanks. And you? My name's Katharina and I'm 24 years old. I'm looking forward to your next e-mail. :) Bye! Greetings Kathy. :)
	","bello Anna! :) I'm fine, thanks. And you? My name's Katharina and I'm 24 years old. I'm looking forward to your next e-mail. :) eye! greetings Kathy. :)"
14894,38578,38578,cn,Mandarin,A1,1,1,1,1,1A,1,1A,1,Introducing yourself by email,name,both topics,40634,07:52:46.700,87,25,80.64,"
	  Hi, Anna. Nice to write letter to you. My name is Terence. I live in the beautiful city of jiangmen. I'm twenty-nine . And you?
	","Hi, Anna. Nice to write letter to you. My name is Terence. I live in the beautiful city of ringmen. I'm twenty-nine . And you?"
14547,123188,123188,cn,Mandarin,A1,1,1,1,1,1A,1,1A,1,Introducing yourself by email,english,both topics,40634,08:35:36.277,95,40,60.48,"
	  Hi My name's junmei .I'm a teacher.I come from China. How are you? welcome to China.I'm 30 years old. I can speak a little English.Can you help me? That's all.I hope you can help me. goodbay!
	",Hi My name's june .I'm a teacher.I come from China. How are you? welcome to China.I'm 30 years old. I can speak a little English.Can you help me? That's all.I hope you can help me. goombay!
14563,169337,169337,fr,French,A1,1,1,1,1,1A,1,1A,1,Introducing yourself by email,name,both topics,40634,14:20:59.650,100,25,35,"
	  Hi Anna! I'm fine, thanks you, and you, how are you? My name's Joel. Nice to meet you. I'm 41 years old. Good bye! Joel
	","Hi Anna! I'm fine, thanks you, and you, how are you? My name's Joel. Nice to meet you. I'm 41 years old. Good bye! Joel"
16568,81213,81213,cn,Mandarin,A1,1,1,1,1,1A,1,1A,1,Introducing yourself by email,name,both topics,40635,07:44:04.123,92,23,37.03,"
	  Hi, Anna. I'm fine, thanks. My name's Freddy. I'm 26 years old. I'm from China. Where are you from? Bye! Best regards. Freddy
	","Hi, Anna. I'm fine, thanks. My name's Freddy. I'm 26 years old. I'm from China. Where are you from? eye! Best regards. Freddy"
16150,90060,90060,br,Portuguese,A1,1,1,1,1,1A,1,1A,1,Introducing yourself by email,name,both topics,40635,16:46:23.660,94,33,76.23,"
	  Hello Anna! My name is Alessandro. I'm 31 years old. I'm brazilian. I'm a lawyer, and i like to watch movies and practice brazilian football. When you arrive in Brazil call me. Goodbye!
	","bello Anna! My name is Alessandro. I'm 31 years old. I'm brazilian. I'm a lawyer, and i like to watch movies and practice brazilian football. When you arrive in Brazil call me. goodbye!"
14928,91063,91063,br,Portuguese,A1,1,1,1,1,1A,1,1A,1,Introducing yourself by email,name,both topics,40635,18:49:55.720,80,38,57.76,"
	  Hi Anna. I'm fine thanks. How are you? My name's Adilson. I'm 34 years old. What kind of music do you llike? I like gospel music. Do player any sports? I play soccer. By. Nice to meet you.
	",Hi Anna. I'm fine thanks. How are you? My name's Adamson. I'm 34 years old. What kind of music do you like? I like gospel music. Do player any sports? I play soccer. By. Nice to meet you.
2832,52490,52490,cn,Mandarin,A1,1,1,1,1,1A,1,1A,1,Introducing yourself by email,name,both topics,40636,02:43:33.973,94,30,39.24666667,"
	  Hi Anna:  How about you!  Thank you for your E-mail.  Nice to meet you!  My name is Yang qing. I'm 30 years old.  Best wishes for you!  yang qing
	",Hi Anna: How about you! Thank you for your E-mail. Nice to meet you! My name is Yang king. I'm 30 years old. Best wishes for you! yang king
9047,71787,71787,br,Portuguese,A1,1,1,1,1,1A,1,1A,1,Introducing yourself by email,name,both topics,40636,22:14:55.250,95,28,27.72,"
	  Hi! I'm fine, thanks And you? My name's Rafael. I'm 25 years old. I'm from Brazil. And you, where are you from ? Nice to meet you. Bye! Rafael  
	","Hi! I'm fine, thanks And you? My name's Rafael. I'm 25 years old. I'm from Brazil. And you, where are you from ? Nice to meet you. eye! Rafael"
18055,18686,18686,cn,Mandarin,A1,1,1,1,1,1A,1,1A,1,Introducing yourself by email,name,both topics,40637,08:04:23.507,93,30,43.75,"
	  Hi... From:Yiwu To:Anna Date:04.APR.2011  Hello! Anna. I'm fine thanks.  How are you? My name's Yiwu. I'm 26 years old. Nice to meet you! Bye! Yiwu. 
	",Hi... From:You To:Anna Date:04.APR.2011 bello! Anna. I'm fine thanks. How are you? My name's You. I'm 26 years old. Nice to meet you! eye! You.
10341,116063,116063,cn,Mandarin,A1,1,1,1,1,1A,1,1A,1,Introducing yourself by email,name,both topics,40637,08:56:42.967,90,25,148.12,"
	  Hi, Anna. My name's Amy.I'm twenty-six years old. Nice to meet you. I'm come from chinese. What city do you comefrom? Bye! Amy.
	","Hi, Anna. My name's Amy.I'm twenty-six years old. Nice to meet you. I'm come from chinese. What city do you comefrom? eye! Amy."
18528,42369,42369,cn,Mandarin,A1,1,1,1,1,1A,1,1A,1,Introducing yourself by email,name,both topics,40637,14:45:33.203,87,25,23.84333333,"
	  Hello! Fine,thanks.nice to meet you! My name's Bei bei. I'm 20 years old. I'm from china. where are you from? Bye! Bei bei
	","bello! Fine,thanks.nice to meet you! My name's Be be. I'm 20 years old. I'm from china. where are you from? eye! Be be"
11343,68324,68324,br,Portuguese,A1,1,1,1,1,1A,1,1A,1,Introducing yourself by email,name,both topics,40637,20:09:27.207,100,25,43.75,"
	  Hi, Anna. I'm fine, thanks. My name's Ftima. Nice to meet you. You are very young. How are you? What's your phone number? Bye. Ftima.
	","Hi, Anna. I'm fine, thanks. My name's Fatima. Nice to meet you. You are very young. How are you? What's your phone number? eye. Fatima."
5773,47929,47929,br,Portuguese,A1,1,1,1,1,1A,1,1A,1,Introducing yourself by email,name,both topics,40637,20:45:15.473,100,27,35.7536962,"
	  Hi, Anna! My name's Roberto. I'm 37 years old. I'm living in So Paulo, Brazil. How are you? What's your phone number? My phone number is #### ####. Bye!
	","Hi, Anna! My name's Roberto. I'm 37 years old. I'm living in So Paulo, Brazil. How are you? What's your phone number? My phone number is #### ####. eye!"
15059,11389,11389,br,Portuguese,A1,1,1,1,1,1A,1,1A,1,Introducing yourself by email,name,both topics,40637,22:09:37.363,90,24,80.64,"
	  Hello Anna, Fine thanks. How are you? My name's Eduardo. I'm 25 years old. What's your phone number? Nice to meet you. Bye Eduardo
	","bello Anna, Fine thanks. How are you? My name's Eduardo. I'm 25 years old. What's your phone number? Nice to meet you. eye Eduardo"
12828,109739,109739,br,Portuguese,A1,1,1,1,1,1A,1,1A,1,Introducing yourself by email,name,both topics,40637,22:35:43.797,91,22,27.104,"
	  Hi Anna! How are you? My name's Rodrigo. I'm 33 years old. How old are you? what's your fone number? Bye Anna
	",Hi Anna! How are you? My name's Rodrigo. I'm 33 years old. How old are you? what's your fone number? eye Anna
9708,121844,121844,mx,Spanish,A1,1,1,1,1,1A,1,1A,1,Introducing yourself by email,name,both topics,40638,00:35:30.590,90,25,58.33333333,"
	  Hi Anna. My name's Aaron. I'm 29 years old. How are you? I'm fine, thank's, and you? I hope to fine. Ok, bye. Take care.
	","Hi Anna. My name's Aaron. I'm 29 years old. How are you? I'm fine, thank's, and you? I hope to fine. Ok, bye. Take care."
18283,49690,49690,cn,Mandarin,A1,1,1,1,1,1A,1,1A,1,Introducing yourself by email,name,both topics,40638,05:58:52.840,96,41,33,"
	  Anna:HI. Jack:Hello. Anna:What's your name? Jack:My name's Jack Fan.What's your name? Anna:My name's Anna.Nice to meeting you. Jack:Nice to meeting you too. How old are you? Anna:I'm fifteen. Jack:I'm twenty-five
	",Anna:HI. Jack:bello. Anna:What's your name? Jack:My name's Jack Fan.What's your name? Anna:My name's Anna.Nice to meeting you. Jack:Nice to meeting you too. How old are you? Anna:I'm fifteen. Jack:I'm twenty-five
13164,86370,86370,cn,Mandarin,A1,1,1,1,1,1A,1,1A,1,Introducing yourself by email,english,both topics,40638,08:55:28.253,98,23,0,"
	  Hi,Anne. I 'm very happy to receive your letter. My name's Dong Fang. I'm 29 years old.How are you ? DONG FANG
	","Hi,Anne. I 'm very happy to receive your letter. My name's Dong Fang. I'm 29 years old.How are you ? DON ANG"
17664,7609,7609,br,Portuguese,A1,1,1,1,1,1A,1,1A,1,Introducing yourself by email,name,both topics,40638,12:30:42.247,89,35,42.875,"
	  Hello Anna! I'm fine thanks, and you? My name's Marcela Targina. I'm 26 years old. I'm from Brazil, I live in So Paulo! Do you know? Where are you from? Kisses for you, Marcela Targina
	","bello Anna! I'm fine thanks, and you? My name's Marcela margins. I'm 26 years old. I'm from Brazil, I live in So Paulo! Do you know? Where are you from? kisses for you, Marcela margins"
17600,160229,160229,mx,Spanish,A1,1,1,1,1,1A,1,1A,1,Introducing yourself by email,name,both topics,40638,17:33:22.980,99,21,20.27447059,"
	  Hello. I'm fine, thanks. My name's Cesar I'm twenty years old. I'm from Mexico. How are you?. Where are you from?.
	","bello. I'm fine, thanks. My name's Cesar I'm twenty years old. I'm from Mexico. How are you?. Where are you from?."
17867,91204,91204,cn,Mandarin,A1,1,1,1,1,1A,1,1A,1,Introducing yourself by email,name,both topics,40638,21:26:36.907,98,55,48.98447227,"
	  Hi! I'm very glad to hear from you. I'm happy to know you. I'm very well. My name's Helen. I'm thirty-five years old. I'm from China. I'm from the city of Harbin. It's a beartiful city. There are four seasons in our city. In winter, it often snows. we can skate or  skiing.  bye.
	","Hi! I'm very glad to hear from you. I'm happy to know you. I'm very well. My name's Helen. I'm thirty-five years old. I'm from China. I'm from the city of Harbin. It's a beautiful city. There are four seasons in our city. In winter, it often snows. we can skate or skiing. bye."
11168,88497,88497,tw,Mandarin,A1,1,1,1,1,1A,1,1A,1,Introducing yourself by email,name,both topics,40639,00:49:11.830,93,22,135.52,"
	  Dear Anna, My name's Jenny. I am 30 years old and live in Taiwan. Nice to meet you, too. Best Regards, Jenny
	","Dear Anna, My name's Jenny. I am 30 years old and live in Taiwan. Nice to meet you, too. Best regards, Jenny"
875,40663,40663,mx,Spanish,A1,1,1,1,1,1A,1,1A,1,Introducing yourself by email,english,both topics,40639,00:52:02.547,88,52,51.26562437,"
	  Hello Anna, Great!!! thank you for ask me . Today I received a good news in my work. How are you ? But first my name's Luis. I'm 29, I'm from Mexico City and I like go out to dance and also go to the movie. What do you like to do ? See you !!
	","bello Anna, Great!!! thank you for ask me . Today I received a good news in my work. How are you ? But first my name's Luis. I'm 29, I'm from Mexico City and I like go out to dance and also go to the movie. What do you like to do ? See you !!"
14305,46550,46550,mx,Spanish,A1,1,1,1,1,1A,1,1A,1,Introducing yourself by email,name,both topics,40639,01:00:02.227,100,23,49.37333333,"
	  Hi! I'm fine, thanks. How are you? My name's Sergio. I'm 33 years old. Nice to meet you Anna.  Greetings! Good bye. Sergio
	","Hi! I'm fine, thanks. How are you? My name's Sergio. I'm 33 years old. Nice to meet you Anna. greetings! Good bye. Sergio"
4423,153049,153049,mx,Spanish,A1,1,1,1,1,1A,1,1A,1,Introducing yourself by email,english,both topics,40639,10:00:46.203,87,40,60.84,"
	  Hi, Very well, thank you My name's Jesus, I'm 23 years old. where are you? Because i want know you soon Please, When you have some time, call me and I'm going to where-ever you are See you. asap.
	","Hi, Very well, thank you My name's Jesus, I'm 23 years old. where are you? Because i want know you soon Please, When you have some time, call me and I'm going to where-ever you are See you. asap."
17409,136402,136402,cn,Mandarin,A1,1,1,1,1,1A,1,1A,1,Introducing yourself by email,name,both topics,40639,10:06:39.853,94,28,53.816,"
	  Hell Anna, My name's Bear p. I'm 30 years old. Now I'm studying Enlish for my work. My phone number's ### #### ####. Keep in touch in your free. thanks, bye!
	","Hell Anna, My name's Bear p. I'm 30 years old. Now I'm studying English for my work. My phone number's ### #### ####. Keep in touch in your free. thanks, bye!"
19671,53039,53039,br,Portuguese,A1,1,1,1,1,1A,1,1A,1,Introducing yourself by email,name,both topics,40639,10:19:48.063,94,27,102.06,"
	  Hello! I'm fine thanks. Nice to meet you. My name's Vinicius. I'm twenty I'am studing at the University Unifieo in Osasco, Sao Paulo Good Bye. Regards, Vinicius.
	","bello! I'm fine thanks. Nice to meet you. My name's Vigilius. I'm twenty I'am studying at the University unified in Owasco, Sao Paulo Good eye. regards, Vigilius."
18980,126505,126505,it,Italian,A1,1,1,1,1,1A,1,1A,1,Introducing yourself by email,name,both topics,40639,11:00:09.750,84,27,102.06,"
	  Hello. My name's Paul. I'm 62 years old. I'm pensioner and I like to travel very much. One weeh ago I was in Spain with cruise. Bye
	",bello. My name's Paul. I'm 62 years old. I'm pensioner and I like to travel very much. One week ago I was in Spain with cruise. eye
20422,16771,16771,br,Portuguese,A1,1,1,1,1,1A,1,1A,1,Introducing yourself by email,name,both topics,40639,14:10:42.777,85,27,40.824,"
	  Hello! Anna. I'm very good, and you? My name is Adriano. I'm 28 years old. I'm from Brasil I live in Porto Alegre, and you? bye! Adriano.
	","bello! Anna. I'm very good, and you? My name is Adriano. I'm 28 years old. I'm from Brasil I live in Porto Alegre, and you? bye! Adriano."
17205,141345,141345,mx,Spanish,A1,1,1,1,1,1A,1,1A,1,Introducing yourself by email,name,both topics,40639,20:07:32.830,78,47,51.54333333,"
	  Hello, my name's Edih, my working is school, my animal favorit's dog, I'm 25 years old, i'm teacher the second, My husband is veterina, I have not children but many dogs, I liked climb the monts 'How are you? what is lest name? How old are you?
	","bello, my name's Edin, my working is school, my animal favorite's dog, I'm 25 years old, i'm teacher the second, My husband is veterans, I have not children but many dogs, I liked climb the months 'How are you? what is lest name? How old are you?"
20912,117012,117012,cn,Mandarin,A1,1,1,1,1,1A,1,1A,1,Introducing yourself by email,name,both topics,40640,11:28:51.560,97,21,61.74,"
	  Hello Anny! My name's Rudy. I'm 30 years old. I'm from Shandong province of China. Nics to meet you. Bye! Rudy.
	",bello Anny! My name's Rudy. I'm 30 years old. I'm from Shandong province of China. Nips to meet you. eye! Rudy.
9430,122344,122344,tw,Mandarin,A1,1,1,1,1,1A,1,1A,1,Introducing yourself by email,name,both topics,40640,11:39:54.863,97,24,40.32,"
	  Hello! I am fine, thanks. How are you? My name is Brad. I am thirty years old. What is your phone number? Bye! Brad.
	","bello! I am fine, thanks. How are you? My name is Brad. I am thirty years old. What is your phone number? eye! Brad."
16422,58901,58901,tw,Mandarin,A1,1,1,1,1,1A,1,1A,1,Introducing yourself by email,name,both topics,40640,13:13:17.323,80,25,40.32,"
	  Hello! Anna. How are you? My name's Maggine.I'm forty years old. My phone number is 233 4567. What are your phone number? Bye! Maggine
	",bello! Anna. How are you? My name's Maggie.I'm forty years old. My phone number is 233 4567. What are your phone number? eye! Maggie
15329,70607,70607,br,Portuguese,A1,1,1,1,1,1A,1,1A,1,Introducing yourself by email,name,both topics,40640,20:32:39.183,89,31,44.84666667,"
	  Helow Anna. Good morning! I'm Fine thanks, and you? My name's Huesley, I'm 30 years old. Nice to meet you. I'm like play cards and soccer. See you later! Good bye.
	","below Anna. Good morning! I'm Fine thanks, and you? My name's Huntley, I'm 30 years old. Nice to meet you. I'm like play cards and soccer. See you later! Good bye."
14301,36020,36020,br,Portuguese,A1,1,1,1,1,1A,1,1A,1,Introducing yourself by email,name,both topics,40640,21:00:03.040,68,39,60.84,"
	  Hi, Anna, I'am fine, thank you. My name is Cirlene, I'm 38 years old. I'm from Brazil I live in So Paulo I like de movie, I have one dog, It's name is Chester I love dog. Bye Anne
	","Hi, Anna, I'am fine, thank you. My name is Carlene, I'm 38 years old. I'm from Brazil I live in So Paulo I like de movie, I have one dog, It's name is Chester I love dog. eye Anne"
13452,122845,122845,cn,Mandarin,A1,1,1,1,1,1A,1,1A,1,Introducing yourself by email,name,both topics,40640,21:28:20.080,89,30,58.87,"
	  Hi, Anna. I'm very happy for your e-mail. I'm Jessica. I'm 24 years old. My phone number is 150 9043. I'm fine, thanks. Nice to meet you. Bye! Jessica.
	","Hi, Anna. I'm very happy for your e-mail. I'm Jessica. I'm 24 years old. My phone number is 150 9043. I'm fine, thanks. Nice to meet you. eye! Jessica."
7173,15538,15538,br,Portuguese,A1,1,1,1,1,1A,1,1A,1,Introducing yourself by email,name,both topics,40640,23:19:05.400,97,41,52.29777778,"
	  Hello there! I'm fine, thanks! My name's Gleison. I'm 26 years old. I  got some questions and i need you to answer me! Where did you find me? Do i know you from somewhere? Nice to meet you! Bye bye! Gleison.
	","bello there! I'm fine, thanks! My name's Gleason. I'm 26 years old. I got some questions and i need you to answer me! Where did you find me? Do i know you from somewhere? Nice to meet you! eye bye! Gleason."
18800,141195,141195,br,Portuguese,A1,1,1,1,1,1A,1,1A,1,Introducing yourself by email,name,both topics,40641,05:45:36.637,90,21,0,"
	  Hi, Anna. My name is Ricardo. I am fine, thanks. I'm thirty four years old. What are you phone number? Bye!
	","Hi, Anna. My name is Ricardo. I am fine, thanks. I'm thirty four years old. What are you phone number? eye!"
14539,4249,4249,tw,Mandarin,A1,1,1,1,1,1A,1,1A,1,Introducing yourself by email,english,both topics,40641,11:22:03.627,98,27,40.824,"
	  Hi, my name's Alex. I'm 21 years. I live in Taiwan. I'm a student. I was a bit strange in English, but I would like to study. 
	","Hi, my name's Alex. I'm 21 years. I live in Taiwan. I'm a student. I was a bit strange in English, but I would like to study."
22063,160265,160265,br,Portuguese,A1,1,1,1,1,1A,1,1A,1,Introducing yourself by email,name,both topics,40641,21:28:45.340,85,27,29.16,"
	  hi, my name is leila abou said. my is are old 41. bhoder two nizar end hussen end two sisters magida end roeda. my modher is samiha
	","hi, my name is eila about said. my is are old 41. shoder two nizam end husses end two sisters maid end rheda. my mother is samgha"
20672,126796,126796,cn,Mandarin,A1,1,1,1,1,1A,1,1A,1,Introducing yourself by email,english,both topics,40642,02:09:24.200,87,30,31.36,"
	  Hi, Anna! My name is Ming. I'm 33 years old. I am not bad, My English is bad, I'm trying to learn English.  I,m working hard. Good-Bye! Ming.
	","Hi, Anna! My name is Ming. I'm 33 years old. I am not bad, My English is bad, I'm trying to learn English. I,m working hard. Good-eye! Ming."
17857,30204,30204,cn,Mandarin,A1,1,1,1,1,1A,1,1A,1,Introducing yourself by email,english,both topics,40642,02:20:36.380,90,37,54.76,"
	  Dear Anna How are you Nice to meet your, my name is Mark , I'm 37 years ,from sumshine trading company my company made some lady shoes ,do you need buy some shoes ? Waiting for you reply ! Mark
	","Dear Anna How are you Nice to meet your, my name is Mark , I'm 37 years ,from sunshine trading company my company made some lady shoes ,do you need buy some shoes ? waiting for you reply ! Mark"
9204,82916,82916,br,Portuguese,A1,1,1,1,1,1A,1,1A,1,Introducing yourself by email,name,both topics,40642,13:24:09.387,89,23,53.76,"
	  Hi! i'am fine thanks. my name's marcelo.I'am 24 years old. what's your phone number? my phone numbers #### ####. nice too meet you. Bye.
	",Hi! i'am fine thanks. my name's marcels.I'am 24 years old. what's your phone number? my phone numbers #### ####. nice too meet you. eye.
26,11995,11995,cn,Mandarin,A2,2,4,1,25,25A,25,25A,1,Writing about what you do,work,work,40614,01:59:05.123,88,50,50,"
	  I work in a factory, and I am a sales assistant. Sometimes I think my job is really interesting, I always talk on phone and write emails, sometimes go to a business trip. I always work long time and have little breaks. When finished work to home I feel tired.
	","I work in a factory, and I am a sales assistant. sometimes I think my job is really interesting, I always talk on phone and write emails, sometimes go to a business trip. I always work long time and have little breaks. When finished work to home I feel tired."
63,110493,110493,fr,French,A2,2,4,1,25,25A,25,25A,1,Writing about what you do,work,work,40614,05:18:55.550,95,66,101.64,"
	  I'm receptionnist in a hotel. I work at Landerneau in France (Britanny). I like my job even if long hours can be difficult. I always talk on the phone, always write emails. I often help people for exemple to book their flight. I usually am in contact with guest. I don't like finish too late and my wage. I never go in business trip.  Thank you
	","I'm receptionist in a hotel. I work at Landerneau in France (Britain). I like my job even if long hours can be difficult. I always talk on the phone, always write emails. I often help people for example to book their flight. I usually am in contact with guest. I don't like finish too late and my wage. I never go in business trip. Thank you"
2021,142063,142063,cn,Mandarin,A2,2,4,1,25,25A,25,25A,1,Writing about what you do,work,work,40617,09:44:28.120,87,50,53.84615385,"
	  I am a sales manager. I like my job because it is very intreseting for me. I always talk on the phone and write emails to my customer all days. Sometimes, I take a breath for a short time and I always help people. Sure, they always help me too!
	","I am a sales manager. I like my job because it is very interesting for me. I always talk on the phone and write emails to my customer all days. sometimes, I take a breath for a short time and I always help people. sure, they always help me too!"
526,1780,1780,cn,Mandarin,A2,2,4,1,25,25A,25,25A,1,Writing about what you do,work,work,40617,10:06:55.930,94,70,76.22222222,"
	  When I graduated from university in June 2010, I went to a company for work. I always sit at a desk. Sometimes I have a meeting and send emails. I opten talke on the phone. Occasionally, I go on business trips. I can take  break every week. My job is not difficult, but I don't like it. Because it is not interesting and exciting. I think it doesn't have challenge.
	","When I graduated from university in June 2010, I went to a company for work. I always sit at a desk. sometimes I have a meeting and send emails. I often take on the phone. occasionally, I go on business trips. I can take break every week. My job is not difficult, but I don't like it. Because it is not interesting and exciting. I think it doesn't have challenge."
3036,72445,72445,fr,French,A2,2,4,1,25,25A,25,25A,1,Writing about what you do,work,work,40617,20:12:48.210,90,64,34.46001582,"
	  I work for a consulting company. I always on business trips because I live at Toulouse and I work at Paris. I like my job because I help companies to create their information technology or ameliorate their process. I often have meeting and I always write report meeting. I write and read a lot od emails. I often meet interessing people and it's rewarding.
	",I work for a consulting company. I always on business trips because I live at Toulouse and I work at Paris. I like my job because I help companies to create their information technology or ameliorate their process. I often have meeting and I always write report meeting. I write and read a lot od emails. I often meet interessing people and it's rewarding.
409,91949,91949,br,Portuguese,A2,2,4,1,25,25A,25,25A,1,Writing about what you do,work,work,40618,05:05:03.563,91,60,63,"
	  I am a doctor. I adore my work because I can help people. It sometimes is tiring but rewarding though. I take short breaks in my office. I often give medicines to patients that need. I sometimes just talk to patients and It's enough. So, I don't describes drugs to them. When I can help anybody, I am helping myself.
	","I am a doctor. I adore my work because I can help people. It sometimes is tiring but rewarding though. I take short breaks in my office. I often give medicines to patients that need. I sometimes just talk to patients and It's enough. So, I don't describes drugs to them. When I can help anybody, I am helping myself."
178,18433,18433,br,Portuguese,A2,2,4,1,25,25A,25,25A,1,Writing about what you do,work,work,40618,13:24:36.243,93,63,43.19707001,"
	  Hi, my name is Wagner, I am a manager, my job is very exciting because I always make meetings and go on a business trips. I work long hours and I feel very tired every day, but i love my job, I always talk to the people and talk on the phone, I sometimes sit a desk and never clean my room. Thanks !
	","Hi, my name is Wagner, I am a manager, my job is very exciting because I always make meetings and go on a business trips. I work long hours and I feel very tired every day, but i love my job, I always talk to the people and talk on the phone, I sometimes sit a desk and never clean my room. thanks !"
860,59789,59789,mx,Spanish,A2,2,4,1,25,25A,25,25A,1,Writing about what you do,work,work,40619,02:49:37.023,89,73,40.82132573,"
	  My name is Rosa. I work in the university. My job is exciting and very rewarding because I always help people and teach people. I like to teach statistics and I like my students, but to decide who pass or not pass the course it''s very difficult for me. I always take a break after the class and sometime I talk my students during the break about their familys or their career.
	","My name is Rosa. I work in the university. My job is exciting and very rewarding because I always help people and teach people. I like to teach statistics and I like my students, but to decide who pass or not pass the course it''s very difficult for me. I always take a break after the class and sometime I talk my students during the break about their family or their career."
2033,87440,87440,cn,Mandarin,A2,2,4,1,25,25A,25,25A,1,Writing about what you do,work,work,40619,08:36:47.087,84,54,67.228,"
	  i work in coorperation company.i am an accountant.i hate my job because i always work overtime .but my boss does not pay for the overtime.i do not usually go on business trips because my baby is small.i always have meetings. i rare take breaks.every monday i clean my office.
	",i work in cooperation company.i am an accountant.i hate my job because i always work overtime .but my boss does not pay for the overtime.i do not usually go on business trips because my baby is small.i always have meetings. i rare take breaks.every monday i clean my office.
2990,45412,45412,de,German,A2,2,4,1,25,25A,25,25A,1,Writing about what you do,work,work,40619,08:46:36.810,88,76,82.89555556,"
	  I work in a company which develop and build metall free labs. I am a electrician and plumber. We make the whole electrician, installation and the ventilation systems. Sometimes I help my collegs, they are joiners. I like my job because it''s exciting and mostly rewarding. But sometimes it''s very hard, we work a lot of hours, every week sixty ours, but after six weeks we have three month holiday so it''s good.
	","I work in a company which develop and build metall free labs. I am a electrician and plumber. We make the whole electrician, installation and the ventilation systems. sometimes I help my college, they are joiners. I like my job because it''s exciting and mostly rewarding. But sometimes it''s very hard, we work a lot of hours, every week sixty ours, but after six weeks we have three month holiday so it''s good."
5233,92900,92900,cn,Mandarin,A2,2,4,1,25,25A,25,25A,1,Writing about what you do,work,work,40619,13:14:38.700,95,69,40.19313871,"
	  I work on a big company,and I am a manager.I usually have meetings and go on business trips.Sometimes I write emails ,and talk on the phone a lot.I like my job usually because it is rewarding and exciting.Occasionally,I hate my job because it takes long hours,but I will like it soon after I finish the work,and luckly the money is good .
	","I work on a big company,and I am a manager.I usually have meetings and go on business trips.sometimes I write emails ,and talk on the phone a lot.I like my job usually because it is rewarding and exciting.occasionally,I hate my job because it takes long hours,but I will like it soon after I finish the work,and luckly the money is good ."
3800,2569,2569,ru,Russian,A2,2,4,1,25,25A,25,25A,1,Writing about what you do,work,work,40619,14:21:55.007,94,38,57.76,"
	  I work in a content provider company. I manage projects related with value added service in cell operators. Very often i have a meetings, every day i sent a lot of emails. I like my works, it's exciting.
	","I work in a content provider company. I manage projects related with value added service in cell operators. Very often i have a meetings, every day i sent a lot of emails. I like my works, it's exciting."
3634,11627,11627,de,German,A2,2,4,1,25,25A,25,25A,1,Writing about what you do,work,work,40620,05:05:18.987,100,50,48.09725159,"
	  I'm a project manager of development. I always have meetings and phone calls. My job is very exhausting but very interesting. Sometimes I go on business trips and discuss the technical topics with our suppliers. After the meeting I sometimes write the minutes and send the minutes to the participants.
	",I'm a project manager of development. I always have meetings and phone calls. My job is very exhausting but very interesting. sometimes I go on business trips and discuss the technical topics with our suppliers. After the meeting I sometimes write the minutes and send the minutes to the participants.
5031,168894,168894,ru,Russian,A2,2,4,1,25,25A,25,25A,1,Writing about what you do,work,work,40620,05:12:35.297,90,50,44.61206897,"
	  my name is Natalia. I work in sport school. I'm trener. I like my job becouse I always help people. I teach people every day. I sometimes go to competitions and to sport camp. Sometimes I write emails and talk to phone. My job is very interesting and never boring.
	",my name is Natalia. I work in sport school. I'm troner. I like my job because I always help people. I teach people every day. I sometimes go to competitions and to sport camp. sometimes I write emails and talk to phone. My job is very interesting and never boring.
1737,130087,130087,cn,Mandarin,A2,2,4,1,25,25A,25,25A,1,Writing about what you do,work,work,40620,05:42:37.380,87,92,73.88976378,"
	  I m a clark . I have work two years. I always busy. Evryday I call up to the customers asking which present they want .And then I do the daily report and monthly report at the end of the month.. At the festival for example MidAutumn Day, Spring festival we also sale Some flowers and send them to the customers. It was so busy and tring during that period. In a word, the job is as dry as sawdust. I tak on the phone most of the time. I hate my job.
	","I m a clark . I have work two years. I always busy. everyday I call up to the customers asking which present they want .And then I do the daily report and monthly report at the end of the month.. At the festival for example midautumn Day, Spring festival we also sale Some flowers and send them to the customers. It was so busy and thing during that period. In a word, the job is as dry as sawdust. I tak on the phone most of the time. I hate my job."
623,74323,74323,cn,Mandarin,A2,2,4,1,25,25A,25,25A,1,Writing about what you do,work,work,40620,11:01:06.387,90,64,109.76,"
	  I work in SUMIDA company,It's a Japanese company,My position is a supervisor of Mechanical Engineering Team.I love my job and enjoy it because it 's exciting and rewarding.But it's difficult too.I work long hours and never take breaks.I always read and write emails,Always talk on the phone.I often have meetings and sometime go on business trips.
	","I work in SUID company,It's a Japanese company,My position is a supervisor of Mechanical engineering Team.I love my job and enjoy it because it 's exciting and rewarding.But it's difficult too.I work long hours and never take breaks.I always read and write emails,Always talk on the phone.I often have meetings and sometime go on business trips."
5250,37544,37544,cn,Mandarin,A2,2,4,1,25,25A,25,25A,1,Writing about what you do,work,work,40621,03:54:22.600,76,55,87.808,"
	  I am a sales assisdant ,Our company is locaed in HangZhou city China , and produce bags and luggages and sale to abroad where is US and Europ. I responsibility developing new samples , follow the sample quality and make sure it's ship to customer on time. I don't like my work ,it's very boring and tired .
	","I am a sales assistant ,Our company is locked in Hangchou city China , and produce bags and luggages and sale to abroad where is US and Europe. I responsibility developing new samples , follow the sample quality and make sure it's ship to customer on time. I don't like my work ,it's very boring and tired ."
5299,12111,12111,cn,Mandarin,A2,2,4,1,25,25A,25,25A,1,Writing about what you do,work,work,40621,07:16:46.617,83,51,43.87254902,"
	  I'm Mandy.I  work in China, and my job is sales assitant. I always talk on phone and send email. After finishing my work, i feel tired. And i think it is unrewarding, it just repeat and repeat, Now i hate my job, maybe i need look for a new job.
	","I'm Mandy.I work in China, and my job is sales assistant. I always talk on phone and send email. After finishing my work, i feel tired. And i think it is unrewarding, it just repeat and repeat, Now i hate my job, maybe i need look for a new job."
3706,159946,159946,de,German,A2,2,4,1,25,25A,25,25A,1,Writing about what you do,work,work,40621,16:34:49.417,95,62,31.36320755,"
	  I am a secretary. I am always busy. I usually sit on a desk. I often talk on the phone. Sometimes I plan business trips for my boss. It is an intressting job but sometimes it is hard for me. I rarley take a break.But all in all it is part of the job and it makes me happy. words: 61
	",I am a secretary. I am always busy. I usually sit on a desk. I often talk on the phone. sometimes I plan business trips for my boss. It is an interesting job but sometimes it is hard for me. I rarely take a break.But all in all it is part of the job and it makes me happy. words: 61
7459,69576,69576,br,Portuguese,A2,2,4,1,25,25A,25,25A,1,Writing about what you do,work,work,40621,22:25:12.070,90,47,56.22909091,"
	  I have an intership in the company FIEP. I like my job. Sometimes I work a lot of hours but usually I take break. In my job I do many tasks that an executive secretary do, for exemple : talk on the phone, have meetings and write emails.
	","I have an intershop in the company FEP. I like my job. sometimes I work a lot of hours but usually I take break. In my job I do many tasks that an executive secretary do, for example : talk on the phone, have meetings and write emails."
2672,159780,159780,br,Portuguese,A2,2,4,1,25,25A,25,25A,1,Writing about what you do,work,work,40622,07:38:29.807,89,55,49.07327586,"
	  I don't work. I'm a engineer student. I study 8 hours per day on college and more 2 hours on my house. On next year I'll be a engeneer. A engeneer always go to business trips, go to meetings and never take breaks. I like my college and I want keep studing all my life.
	","I don't work. I'm a engineer student. I study 8 hours per day on college and more 2 hours on my house. On next year I'll be a engineer. A engineer always go to business trips, go to meetings and never take breaks. I like my college and I want keep studying all my life."
7075,140803,140803,cn,Mandarin,A2,2,4,1,25,25A,25,25A,1,Writing about what you do,work,work,40622,07:45:30.880,93,49,67.228,"
	  I have been working  seven years in DongGuan City, GuangDong Province. And i work in  a furniture company. I am an accountant. I love my job because i like computer and english. and it's rewarding, too. My boss is very kindly to me. But sometimes she is very serious.
	","I have been working seven years in DongGuan City, GuangDong Province. And i work in a furniture company. I am an accountant. I love my job because i like computer and english. and it's rewarding, too. My boss is very kindly to me. But sometimes she is very serious."
4342,161960,161960,br,Portuguese,A2,2,4,1,25,25A,25,25A,1,Writing about what you do,work,work,40622,10:23:16.370,94,58,62.72,"
	  I work in my home because I'm a housewife. I thing this is maybe the worst job because I never take a break. I spend all time cleaning, doing food for all the family, doing the dishes, and I never have anybody''s help! It''s boring, unexcitting and I feel so tired after the end of day.
	","I work in my home because I'm a housewife. I thing this is maybe the worst job because I never take a break. I spend all time cleaning, doing food for all the family, doing the dishes, and I never have anybody''s help! It''s boring, unexciting and I feel so tired after the end of day."
898,156172,156172,br,Portuguese,A2,2,4,1,25,25A,25,25A,1,Writing about what you do,work,work,40622,14:03:33.620,95,63,69.4575,"
	  My name is Jefferson and I'm an Analist medical accounts, I work downtown and start at eight o'clock. I talk on the phone and send many emails every day. I never go on business trips. Sometimes I go to meetings. I like my job because it's difficult and I help people. When the day finish I'm tired, but happy to more a day.
	","My name is Jefferson and I'm an Analise medical accounts, I work downtown and start at eight o'clock. I talk on the phone and send many emails every day. I never go on business trips. sometimes I go to meetings. I like my job because it's difficult and I help people. When the day finish I'm tired, but happy to more a day."
5196,107996,107996,cn,Mandarin,A2,2,4,1,25,25A,25,25A,1,Writing about what you do,work,work,40622,14:58:04.687,76,55,51.54333333,"
	  I work in a big company,I am an architect.I hate my job.I always work long houes.And always talk on the phone.And I always go outside.When I finish work I am very tired.It is boring and money is bad too.So I am planing to find a new job.
	","I work in a big company,I am an architect.I hate my job.I always work long house.And always talk on the phone.And I always go outside.When I finish work I am very tired.It is boring and money is bad too.So I am planing to find a new job."
7534,108979,108979,br,Portuguese,A2,2,4,1,25,25A,25,25A,1,Writing about what you do,work,work,40622,19:55:01.100,87,36,42.875,"
	  i work with glasses, work driving a car read pictures and projects,i dont like this job but the money is good is a danger job ,i like of to go the diffrent places and traveling.
	","i work with glasses, work driving a car read pictures and projects,i dont like this job but the money is good is a danger job ,i like of to go the different places and traveling."
7141,89543,89543,cn,Mandarin,A2,2,4,1,25,25A,25,25A,1,Writing about what you do,work,work,40623,01:16:12.667,79,57,54.08,"
	  I work in a clothing factory.I like my job,because I can learn a lots of things.I often talk on the phone and I always read and write emails.sometimes I help people .My work is a long time,But occasinally I take a short breads and I use the rest time to learn English.
	","I work in a clothing factory.I like my job,because I can learn a lots of things.I often talk on the phone and I always read and write emails.sometimes I help people .My work is a long time,But occasionally I take a short breads and I use the rest time to learn English."
1672,172664,172664,cn,Mandarin,A2,2,4,1,25,25A,25,25A,1,Writing about what you do,work,work,40623,01:42:56.800,91,75,78.75,"
	  My name is Amy. I am package engineer. I love my job. It's interesting, I always go factory help product department adjust machines, and make equipments work steadily. Sometimes I sit at a desk, talk on the phone. I can have breaks. I have meeting everyday. But I rarely go on business trip. I work long hours. When I finish work, I am very tired, and the only thing I want to do is sleeping
	","My name is Amy. I am package engineer. I love my job. It's interesting, I always go factory help product department adjust machines, and make equipments work steadily. sometimes I sit at a desk, talk on the phone. I can have breaks. I have meeting everyday. But I rarely go on business trip. I work long hours. When I finish work, I am very tired, and the only thing I want to do is sleeping"
3075,168454,168454,cn,Mandarin,A2,2,4,1,25,25A,25,25A,1,Writing about what you do,work,work,40623,09:27:18.910,85,47,65.83111111,"
	  I work at ShenYang ZhongFu plastic closer CO.,ltd, I am a secretary. I like this job becasue it's interesting . Everyday I talk on the phone and write more than ten emails. I have the meeting also. Through I take long hours work, I sometimes have breaks.
	","I work at Shenyang ZhongFu plastic closer CO.,ltd, I am a secretary. I like this job because it's interesting . everyday I talk on the phone and write more than ten emails. I have the meeting also. through I take long hours work, I sometimes have breaks."
2105,59251,59251,it,Italian,A2,2,4,1,25,25A,25,25A,1,Writing about what you do,work,work,40623,11:40:43.023,76,50,87.5,"
	  I'm a junior web developer. My work is very interesting because every day I learn so much! I'm always sit at the desk, sometimes talk on the phone. Sometimes help people, but often are people helps me! Usually write emails. I work for many hours and sometimes I take breaks.
	","I'm a junior web developer. My work is very interesting because every day I learn so much! I'm always sit at the desk, sometimes talk on the phone. sometimes help people, but often are people helps me! usually write emails. I work for many hours and sometimes I take breaks."
2381,94622,94622,de,German,A2,2,4,1,25,25A,25,25A,1,Writing about what you do,work,work,40623,16:56:54.437,85,84,58.52303279,"
	  Hello, i''m stefanie. I''m a psychology student and trainee. At the moment i make an internship in a market research company. I like this job, because i always sit on the desk, write emails or talk on the phone. I usually take a break. My work always starts at 9 o'clock and ends at 18 o'clock. I don't like in this job, that i never go on business trips or have a meeting. Sometimes it's boring because i have nothing to do.
	","bello, i''m steane. I''m a psychology student and trainee. At the moment i make an internship in a market research company. I like this job, because i always sit on the desk, write emails or talk on the phone. I usually take a break. My work always starts at 9 o'clock and ends at 18 o'clock. I don't like in this job, that i never go on business trips or have a meeting. sometimes it's boring because i have nothing to do."
6892,81560,81560,cn,Mandarin,A2,2,4,1,25,25A,25,25A,1,Writing about what you do,work,work,40623,22:51:04.913,88,46,74.06,"
	  I'm work in MAQUET company. My position is process control engineer. I don't like my job because it's always write emails and document. Sometime I talk on the phone. I have lots of breaks. I never go on business trip. I always sit on a desk.
	",I'm work in MAQUET company. My position is process control engineer. I don't like my job because it's always write emails and document. sometime I talk on the phone. I have lots of breaks. I never go on business trip. I always sit on a desk.
3063,23913,23913,cn,Mandarin,A2,2,4,1,25,25A,25,25A,1,Writing about what you do,work,work,40624,09:29:19.070,89,64,84,"
	  I'm a sales assistant and work in the office of factory,I don't very like my job but I try hard because I can through own efforts to make more money . I always talk to people and help them buy things in internet,always talk on the phone and send emails,sometimes go to meeting,Usually I work long hours and take short breaks.
	","I'm a sales assistant and work in the office of factory,I don't very like my job but I try hard because I can through own efforts to make more money . I always talk to people and help them buy things in internet,always talk on the phone and send emails,sometimes go to meeting,usually I work long hours and take short breaks."
2165,155569,155569,cn,Mandarin,A2,2,4,1,25,25A,25,25A,1,Writing about what you do,work,work,40624,10:01:55.437,86,56,57.26933333,"
	  I don't like my job in fact, i am working on a factory that product notebook computer, i am a qualitity control engineer, i am working  six years, it is difficult because i often have meetings and talk on the phone and work long hours every day, i often go home late and i am tired.
	","I don't like my job in fact, i am working on a factory that product notebook computer, i am a quantity control engineer, i am working six years, it is difficult because i often have meetings and talk on the phone and work long hours every day, i often go home late and i am tired."
6273,150007,150007,tw,Mandarin,A2,2,4,1,25,25A,25,25A,1,Writing about what you do,work,work,40624,10:50:16.773,89,29,47.096,"
	  I work on sciently company. I do that manufacture exchange in different space. I do not like my job because I work long hours and salary is very low
	",I work on silently company. I do that manufacture exchange in different space. I do not like my job because I work long hours and salary is very low
777,62915,62915,br,Portuguese,A2,2,4,1,25,25A,25,25A,1,Writing about what you do,work,work,40624,17:34:07.477,90,51,51,"
	  My name is Rodson and i work in a chemical laboratories. Rarely i have meetings and never i go business trip. My job is tiring and boring. Sometimes i help peoples and always i talk on the phone. i work long hours on week and weekends. i need a new job.
	",My name is godson and i work in a chemical laboratories. rarely i have meetings and never i go business trip. My job is tiring and boring. sometimes i help peoples and always i talk on the phone. i work long hours on week and weekends. i need a new job.
655,3920,3920,it,Italian,A2,2,4,1,25,25A,25,25A,1,Writing about what you do,work,work,40624,17:50:42.170,94,85,42.5,"
	  The hospital and the office are the two sites of my job. I'm a psychiatrist and psychotherapist. I love my job because it's rewarding to talk with people about their life. It's exciting to know how people cope with their life. Sometimes I am tired because I work for all day. The time spending for the hospital job is of less than in my office. The activity carried out in my office is predominantly psychotherapy, instead of in the hospital I treat people with drugs.
	","The hospital and the office are the two sites of my job. I'm a psychiatrist and psychotherapist. I love my job because it's rewarding to talk with people about their life. It's exciting to know how people cope with their life. sometimes I am tired because I work for all day. The time spending for the hospital job is of less than in my office. The activity carried out in my office is predominantly psychotherapy, instead of in the hospital I treat people with drugs."
7295,108741,108741,fr,French,A2,2,4,1,25,25A,25,25A,1,Writing about what you do,work,work,40624,19:06:35.170,84,62,34.42834891,"
	  I'm a sales assistant. I work in a shop who sell phones. I always help peoples and I sometimes sit at a desk. I never mop the floor and I never clean the desk. I sometimes write emails and talk on the phone. I never have meetings and I never go on business trips. I don't like my job because it's boring!
	",I'm a sales assistant. I work in a shop who sell phones. I always help peoples and I sometimes sit at a desk. I never mop the floor and I never clean the desk. I sometimes write emails and talk on the phone. I never have meetings and I never go on business trips. I don't like my job because it's boring!
4685,115682,115682,br,Portuguese,A2,2,4,1,25,25A,25,25A,1,Writing about what you do,work,work,40624,19:16:08.900,94,92,41.49168399,"
	  My name is Patricia. I''m computer instructor. I talk on the phone with our clients. I teach how to use our program and help people. Sometimes I write emails and I go on a business trip (I love to trip, to know peoples and locations, but I feel miss of my house and my family). My work is not easy because is tiring and I never take a break. Sometimes, my job  very boring. I don''t like my job and I hate my boss. I realy need a new job.
	","My name is Patricia. I''m computer instructor. I talk on the phone with our clients. I teach how to use our program and help people. sometimes I write emails and I go on a business trip (I love to trip, to know peoples and locations, but I feel miss of my house and my family). My work is not easy because is tiring and I never take a break. sometimes, my job very boring. I don''t like my job and I hate my boss. I really need a new job."
825,49704,49704,br,Portuguese,A2,2,4,1,25,25A,25,25A,1,Writing about what you do,work,work,40624,22:02:35.520,84,66,36.63157895,"
	  Hi I''m a Tatiana, I''m a teacher. I work at school everyday. I always read books or magazines with my students. I love my job. sometimes I talk  my students sitting at desk. I often  a meeting and I sometimes write emails and rarely talk on the phone. My work is difficult because I teach languages. when i finish my work I have tired.
	","Hi I''m a Tatiana, I''m a teacher. I work at school everyday. I always read books or magazines with my students. I love my job. sometimes I talk my students sitting at desk. I often a meeting and I sometimes write emails and rarely talk on the phone. My work is difficult because I teach languages. when i finish my work I have tired."
6861,85769,85769,tw,Mandarin,A2,2,4,1,25,25A,25,25A,1,Writing about what you do,work,work,40624,22:27:13.877,95,70,80.70588235,"
	  My name is Lynn. I am a sales assitant. I wrok long hours but I like my job because it's interisting.  I always help people to buy things and talk on the phone, I always stand up all day so when I finish my work I'm very tired. I never sit at desk and go on business trips but I somtimes make a cup of coffee and take a break
	","My name is Lynn. I am a sales assistant. I work long hours but I like my job because it's interesting. I always help people to buy things and talk on the phone, I always stand up all day so when I finish my work I'm very tired. I never sit at desk and go on business trips but I sometimes make a cup of coffee and take a break"
9375,161084,161084,it,Italian,A2,2,4,1,25,25A,25,25A,1,Writing about what you do,work,work,40625,11:33:47.970,92,57,46.36567164,"
	  My name is Sergio and Im a menager. I work in a office and in many external factory. Its interesting, because I go to lots of different places, and its very funy. I work long hours and never take breaks. I always talk to people and sameone help people When I finish work I feel very exciting.
	","My name is Sergio and Im a manager. I work in a office and in many external factory. Its interesting, because I go to lots of different places, and its very funny. I work long hours and never take breaks. I always talk to people and someone help people When I finish work I feel very exciting."
4702,8498,8498,br,Portuguese,A2,2,4,1,25,25A,25,25A,1,Writing about what you do,work,work,40625,20:12:01.340,95,60,49.03378378,"
	  My job is very exciting. I m an enginner and like my job. Sometimes I go on business trips, I always sends and write emails, I help peoples and peoples help me too. I rarely take a breaks, but I like to run, it''s not is boring. I stand up morning, take a shower and do brush my teeth.
	","My job is very exciting. I m an engineer and like my job. sometimes I go on business trips, I always sends and write emails, I help peoples and peoples help me too. I rarely take a breaks, but I like to run, it''s not is boring. I stand up morning, take a shower and do brush my teeth."
4576,156668,156668,mx,Spanish,A2,2,4,1,25,25A,25,25A,1,Writing about what you do,work,work,40626,10:55:05.823,90,58,57,"
	  Hi!, My name is Martn. I''m graphic design and work in the Security Car Rental in Mexico. My work is exciting because made all the addvertaicing por the company, I always write the email and talk the phone. I never clean the desk, I sometimes have the meetings. My job is tiring, all the time help people.
	","Hi!, My name is Martin. I''m graphic design and work in the security Car mental in Mexico. My work is exciting because made all the addvertaicing por the company, I always write the email and talk the phone. I never clean the desk, I sometimes have the meetings. My job is tiring, all the time help people."
2622,33551,33551,br,Portuguese,A2,2,4,1,25,25A,25,25A,1,Writing about what you do,work,work,40626,13:19:18.870,90,57,58.824,"
	  I'm an engineer agronomist and I work with health for plants and soil. I don't work at particular place. I work at farms provides techinal assistence for the farmers. It's a very rewarding job for me, because I love the fresh air and don't like activitys when every day is the same routine; office routine for exemple.
	","I'm an engineer agronomist and I work with health for plants and soil. I don't work at particular place. I work at farms provides echinal assistance for the farmers. It's a very rewarding job for me, because I love the fresh air and don't like activity when every day is the same routine; office routine for example."
8480,25819,25819,br,Portuguese,A2,2,4,1,25,25A,25,25A,1,Writing about what you do,work,work,40626,17:58:34.723,98,70,72.21052632,"
	  Hi! I am an Automation and Control Engineer. I work at office making projects and developing programs of automation and other solutions for customers. I like my job, but sometimes I go home very tired. No rarely, I have meetings with customers. I usually talk on the phone a lot. This is boring because I don't like talk on the phone. In my job, exchange emails is intense and necessary.
	","Hi! I am an automation and Control Engineer. I work at office making projects and developing programs of automation and other solutions for customers. I like my job, but sometimes I go home very tired. No rarely, I have meetings with customers. I usually talk on the phone a lot. This is boring because I don't like talk on the phone. In my job, exchange emails is intense and necessary."
5754,13859,13859,mx,Spanish,A2,2,4,1,25,25A,25,25A,1,Writing about what you do,work,work,40627,00:01:50.997,83,69,22.30496454,"
	  I am Laura, I am an accountant, in this moment I am looking  a job, but my  last work was by a tires company  in the Taxes Area, I was  Taxes and Payroll Mangment, my work was very stressful but it was very interesting, because I have many metting with other Areas of the company and   the onion''s company and I participed in the decision of the company.
	","I am Laura, I am an accountant, in this moment I am looking a job, but my last work was by a tires company in the Taxes area, I was Taxes and payroll hangment, my work was very stressful but it was very interesting, because I have many meeting with other areas of the company and the onion''s company and I participated in the decision of the company."
6098,160192,160192,cn,Mandarin,A2,2,4,1,25,25A,25,25A,1,Writing about what you do,work,work,40627,00:54:15.020,77,77,89.78,"
	  I am Li,I am a manager.I always have meeting and make and chcke the plan.I have to talk to lots of peoples and solve questions.so when I finsh the whole day woke,I feel very tired.I hope to improve my english level,but feel difficult for me.especially speak and listen.There are sth to want to say in english,but don't know how and catch your every words what your mean.
	","I am Li,I am a manager.I always have meeting and make and choke the plan.I have to talk to lots of peoples and solve questions.so when I finish the whole day woke,I feel very tired.I hope to improve my english level,but feel difficult for me.especially speak and listen.There are th to want to say in english,but don't know how and catch your every words what your mean."
10428,45460,45460,cn,Mandarin,A2,2,4,1,25,25A,25,25A,1,Writing about what you do,work,work,40627,10:07:00.000,86,66,43.52568042,"
	  My name is Mark,work for a private company as sales manager,my job it is very exceiting and sometime it is diificult,my english is not very well. I work long hours and never take breaks. I always help my boss make a decision , always talk to people and always help people. Sometimes I write emails everyday. When I finish work I feel very tired!
	","My name is Mark,work for a private company as sales manager,my job it is very exciting and sometime it is difficult,my english is not very well. I work long hours and never take breaks. I always help my boss make a decision , always talk to people and always help people. sometimes I write emails everyday. When I finish work I feel very tired!"
10410,88099,88099,cn,Mandarin,A2,2,4,1,25,25A,25,25A,1,Writing about what you do,work,work,40627,12:16:58.760,88,67,78.5575,"
	  I'm work in Zhangjiagang city, JiangSu Province. my job is engage in after service for ship's all equipment at Tsuji shipyard. i like my job , because i'm a diligent person and also always disire to improve my technology and english speaking level. and on the other hand , i want to earn more money to provide for my parents and child, furthermore to improve the standard of living.
	","I'm work in Zhangjiagang city, JiangSu Province. my job is engage in after service for ship's all equipment at Tsui shipyard. i like my job , because i'm a diligent person and also always desire to improve my technology and english speaking level. and on the other hand , i want to earn more money to provide for my parents and child, furthermore to improve the standard of living."
7478,145264,145264,mx,Spanish,A2,2,4,1,25,25A,25,25A,1,Writing about what you do,work,work,40627,22:26:35.817,97,63,92.61,"
	  My name is Liliana. I'm an engineer on computer systems. I work in an office. I usually develop software but sometimes too help people to resolve problems on their computers. I talk on the phone and send a lot of emails every day. I never go on business trips but sometimes have meetings. I love my job because it's interesting and so exciting.
	",My name is Liliana. I'm an engineer on computer systems. I work in an office. I usually develop software but sometimes too help people to resolve problems on their computers. I talk on the phone and send a lot of emails every day. I never go on business trips but sometimes have meetings. I love my job because it's interesting and so exciting.
416,33492,33492,mx,Spanish,A2,2,4,1,25,25A,25,25A,1,Writing about what you do,work,work,40627,23:53:20.250,85,50,50,"
	  i'm working in the restaurant, i lake my job because is easy a litter bad tired because  always talk the people and help the people, and sometimes i don't undestand but  my manager always help my, when i'm tired he give 20 or 30 minetes breik i  love my job
	","i'm working in the restaurant, i lake my job because is easy a litter bad tired because always talk the people and help the people, and sometimes i don't understand but my manager always help my, when i'm tired he give 20 or 30 minutes break i love my job"
7241,129203,129203,cn,Mandarin,A2,2,4,1,25,25A,25,25A,1,Writing about what you do,work,work,40628,09:43:45.500,78,26,63.09333333,"
	  I work in a hospital. I am adoctor. I love my job because it is so exciting that sometimes help my patient to remove their painful.
	",I work in a hospital. I am doctor. I love my job because it is so exciting that sometimes help my patient to remove their painful.
4539,112406,112406,br,Portuguese,A2,2,4,1,25,25A,25,25A,1,Writing about what you do,work,work,40628,11:41:51.283,96,48,48,"
	  Hi My name is Filipe, I'm a journalist student. I like to write about movies, violence and arts. I like my studies, but is very difficult and very tired, because it's a lot of things to study. My dream is to make movies as a director and writer.
	","Hi My name is Filipe, I'm a journalist student. I like to write about movies, violence and arts. I like my studies, but is very difficult and very tired, because it's a lot of things to study. My dream is to make movies as a director and writer."
5491,23190,23190,sa,Arabic,A2,2,4,1,25,25A,25,25A,1,Writing about what you do,work,work,40628,15:01:06.400,85,45,47.25,"
	  he usually busy because I have meetings with bosses. I somtimes talk on the phone or write and send emails. she a secratery! she love my job because I have chair, desk, computer and condition, I talk on the phone, but very all time busy
	","he usually busy because I have meetings with bosses. I sometimes talk on the phone or write and send emails. she a secretary! she love my job because I have chair, desk, computer and condition, I talk on the phone, but very all time busy"
11538,48018,48018,br,Portuguese,A2,2,4,1,25,25A,25,25A,1,Writing about what you do,work,work,40628,19:42:30.780,94,75,72.288,"
	  My name is Alexandra and I work in global company. I''m an accountant and I like it. Nowadays, I prepare the budget and always compare with the actual figures. It''s intereting because I make sugestion to improve the results. Normally I read and write emails in english because my director is turkish, but I have a manager. She''s very nice. I need to improve my comunication in english. Thanks for your support
	","My name is Alexandra and I work in global company. I''m an accountant and I like it. nowadays, I prepare the budget and always compare with the actual figures. It''s interesting because I make suggestion to improve the results. normally I read and write emails in english because my director is turkish, but I have a manager. She''s very nice. I need to improve my communication in english. thanks for your support"
7871,86551,86551,cn,Mandarin,A2,2,4,1,25,25A,25,25A,1,Writing about what you do,work,work,40629,08:21:33.443,90,46,52.29777778,"
	  I'm quality inspector.My job is do the experimentalize and operate instrmend.Sometimes I go to have meetings,I always sit on my desk. I like my work because it is interesting,I have many kind colleagues.They always help me ,and I always help them. 
	","I'm quality inspector.My job is do the experimentalize and operate instrument.sometimes I go to have meetings,I always sit on my desk. I like my work because it is interesting,I have many kind colleagues.They always help me ,and I always help them."
300,70495,70495,de,German,A2,2,4,1,25,25A,25,25A,1,Writing about what you do,work,work,40629,15:59:21.310,96,41,36.94057439,"
	  I like my job because my job is interesting and it is rewarding. I sometimes have meetings and sometimes go on business trips. I often send emails to the costumer. I work at a power supplier. I am a sales support.
	",I like my job because my job is interesting and it is rewarding. I sometimes have meetings and sometimes go on business trips. I often send emails to the costumer. I work at a power supplier. I am a sales support.
8118,109661,109661,cn,Mandarin,A2,2,4,1,25,25A,25,25A,1,Writing about what you do,work,work,40629,23:08:39.200,80,44,43.0769697,"
	  My name is Regina,I'm work myself company.My company do home fashion,I'm sales comfortes and curtains .I like my job,beacuse it's very interesting,sometime I go to business trips,sometimes I go to customer meetings,but sometime I feel very tired.
	","My name is Regina,I'm work myself company.My company do home fashion,I'm sales comforts and curtains .I like my job,because it's very interesting,sometime I go to business trips,sometimes I go to customer meetings,but sometime I feel very tired."
11029,150083,150083,cn,Mandarin,A2,2,4,1,25,25A,25,25A,1,Writing about what you do,work,work,40630,02:35:43.687,89,58,62.80615385,"
	  my name is chen gang ,i work in a trading company as a purchase man.i like my work, i have meetings sometime,i often talks on the phone with diffencent customer, i can practise myself from others.i could go to the different place to visit my business friends.although sometime it is tired ,i like it.
	","my name is chen gang ,i work in a trading company as a purchase man.i like my work, i have meetings sometime,i often talks on the phone with different customer, i can practise myself from others.i could go to the different place to visit my business friends.although sometime it is tired ,i like it."
5997,103033,103033,cn,Mandarin,A2,2,4,1,25,25A,25,25A,1,Writing about what you do,work,work,40630,08:20:16.780,85,82,59.65935673,"
	  i am working for a printing factory in Dongguan provice,I belong to serves department and i am a sales assistant,I often sit on a desk,often talk on the phone,always write emails,sometimes i need have a bussiness trip,i always have a meeting,but never take a break, I sometimes help people,my job is not exceting,i want to look for a new job to instead of this ,I think this job is not stuitable my character!
	","i am working for a printing factory in Donegan provide,I belong to serves department and i am a sales assistant,I often sit on a desk,often talk on the phone,always write emails,sometimes i need have a business trip,i always have a meeting,but never take a break, I sometimes help people,my job is not exciting,i want to look for a new job to instead of this ,I think this job is not suitable my character!"
12349,110624,110624,cn,Mandarin,A2,2,4,1,25,25A,25,25A,1,Writing about what you do,work,work,40630,08:58:45.843,89,59,79.82545455,"
	  I work in the big company near the airport.They have some 1500 people.I like my job because IT is very interesting. I am in charge of aircraft maintenance. I usually work a longer hours and never take a break.I usually help people. I aways chean the table and send emails. I sometime go to business trips.
	",I work in the big company near the airport.They have some 1500 people.I like my job because IT is very interesting. I am in charge of aircraft maintenance. I usually work a longer hours and never take a break.I usually help people. I aways clean the table and send emails. I sometime go to business trips.
7752,77119,77119,cn,Mandarin,A2,2,4,1,25,25A,25,25A,1,Writing about what you do,work,work,40630,10:14:50.920,89,49,58.64727273,"
	  My name is David ,I am a countent , I don't like my job,I feel it's very boring. Everyday I need do the same things, aginst and aginst. I like working outside, but I rarely work outside, because my boss don't like anyone who leave office during our worktime.
	","My name is David ,I am a content , I don't like my job,I feel it's very boring. everyday I need do the same things, against and against. I like working outside, but I rarely work outside, because my boss don't like anyone who leave office during our worktime."
4199,69054,69054,cn,Mandarin,A2,2,4,1,25,25A,25,25A,1,Writing about what you do,work,work,40630,10:48:40.083,80,89,83.50363636,"
	  My name is Anny and I work on a company named EASETECH.I'm an assistant.I don't like my job .Because it's very boring.I always sit at a desk and write emails.Sometimes I talk on the phone and have meetings.Rarely my boss let me mop the floor and clean the desk.I never go on a business trips .When don't have lots works I will take breaks.I often come back home lately because the company is far from my home.I want change my job.
	",My name is Anny and I work on a company named EASETECH.I'm an assistant.I don't like my job .Because it's very boring.I always sit at a desk and write emails.sometimes I talk on the phone and have meetings.rarely my boss let me mop the floor and clean the desk.I never go on a business trips .When don't have lots works I will take breaks.I often come back home lately because the company is far from my home.I want change my job.
155,89537,89537,br,Portuguese,A2,2,4,1,25,25A,25,25A,1,Writing about what you do,work,work,40630,14:03:00.107,92,95,52.87857578,"
	  My name is Marcos and I am a boss at WEG Company. We produced transformers. I coordinate the winding section in the night turn. I have forty-six employees to coordinate. I work at this company for 12 years and for 2 years I'm a boss. I love work at WEG company. The employees are very special peoples and is very rewarding working with all they. I sometimes have meetings and sometimes talk on the phone. I talk to my subordinates and help they always. They also help me. It's a excelent place to work.
	",My name is Marcos and I am a boss at WG Company. We produced transformers. I coordinate the winding section in the night turn. I have forty-six employees to coordinate. I work at this company for 12 years and for 2 years I'm a boss. I love work at WG company. The employees are very special peoples and is very rewarding working with all they. I sometimes have meetings and sometimes talk on the phone. I talk to my subordinates and help they always. They also help me. It's a excellent place to work.
13273,37064,37064,ru,Russian,A2,2,4,1,25,25A,25,25A,1,Writing about what you do,work,work,40630,14:11:12.770,85,49,67.228,"
	  Hi! Im a manager. My job is very hard, because usually I work long hours and take short breaks. But, its OK. I like my job, because its rewarding. I often talk on the phone, write and send emails, have meetings, but, unfortunately, I never go on business trips.
	","Hi! Im a manager. My job is very hard, because usually I work long hours and take short breaks. But, its OK. I like my job, because its rewarding. I often talk on the phone, write and send emails, have meetings, but, unfortunately, I never go on business trips."
8797,150541,150541,br,Portuguese,A2,2,4,1,25,25A,25,25A,1,Writing about what you do,work,work,40630,14:39:24.873,95,68,68,"
	  My Name is Marcelo, I work with computers. Often I talks on the phone with costumers that have any problem with your computer. I like my Job, but not loved. I think of change my job in the future for a job more exciting. I would like to work in a job where a I could go on business trip always, know diferents places around the world.  Marcelo
	","My Name is Marcelo, I work with computers. often I talks on the phone with costumers that have any problem with your computer. I like my Job, but not loved. I think of change my job in the future for a job more exciting. I would like to work in a job where a I could go on business trip always, know deferents places around the world. Marcelo"
13030,143738,143738,jp,Japanese,A2,2,4,1,25,25A,25,25A,1,Writing about what you do,work,work,40630,17:49:41.103,80,86,70.86474501,"
	  I am a house keeper.I work in my home all day. Sometimes I am exciting  lots of things for my children. When I see theire faces smailing, I feel happy. And I want  say a lots of thanks for my husband and children. I love my job because I am rewarding very much. But now my children bigin to go out  another places. It is very wanderfull thing. I feel missing  a little. So this time I must studey hard for myself. thank you teacher. 
	","I am a house keeper.I work in my home all day. sometimes I am exciting lots of things for my children. When I see their faces smiling, I feel happy. And I want say a lots of thanks for my husband and children. I love my job because I am rewarding very much. But now my children begin to go out another places. It is very wonderful thing. I feel missing a little. So this time I must study hard for myself. thank you teacher."
653,91245,91245,cn,Mandarin,A2,2,4,1,25,25A,25,25A,1,Writing about what you do,work,work,40631,10:05:25.707,84,50,64.512,"
	  I resign my office on saturday. I don't like my job. I'm a department manager but my company is very small.I never go meeting and never talk on the phone.we always play game and listen music at the work time. It's very boring because I have no work.
	",I resign my office on saturday. I don't like my job. I'm a department manager but my company is very small.I never go meeting and never talk on the phone.we always play game and listen music at the work time. It's very boring because I have no work.
6986,73486,73486,cn,Mandarin,A2,2,4,1,25,25A,25,25A,1,Writing about what you do,work,work,40631,10:32:35.997,90,75,82.79384615,"
	  A Girls Funny Study I am a student of Southwest Forestry University.As a stufent,my fristly job is studying.My profession is Resources Environment and the Management of Urban and Rural Planning.It's about many territories.So I want to study more,such as design,manage,resource and so on.I never have business trips.Sometimes I feel very tired.I must study hard.But I always feel happy.Because I will be inriched.
	","A girls funny Study I am a student of Southwest Forestry University.As a student,my firstly job is studying.My profession is Resources environment and the Management of Urban and Rural planning.It's about many territories.So I want to study more,such as design,manage,resource and so on.I never have business trips.sometimes I feel very tired.I must study hard.But I always feel happy.Because I will be enriched."
6188,46974,46974,cn,Mandarin,A2,2,4,1,25,25A,25,25A,1,Writing about what you do,work,work,40631,10:38:37.087,85,46,40.78666667,"
	  I am an engineer, I work in CMCC, I love my job, I usually work  long hour, I sometimes  filshed my work I feel very tired , I write lots of emails everyday , I sometimes go on bussiness trips, so I had toured more places, That's it.
	","I am an engineer, I work in CMCC, I love my job, I usually work long hour, I sometimes filched my work I feel very tired , I write lots of emails everyday , I sometimes go on business trips, so I had toured more places, That's it."
10865,91652,91652,cn,Mandarin,A2,2,4,1,25,25A,25,25A,1,Writing about what you do,work,work,40631,18:59:44.453,85,85,35.18872895,"
	  My name is Spark. I am a business consultant . I always go on business trip and have a meeting. Sometimes I work in my office, Sometimes I work in customer office. Sometimes I talk on the phone. I always help people. I always communicate with other people. but it is difficult job, I must study new knowledge always. and I must understand other poople's expectation. I must control all in a project. I like my job because it is exciting and it can help cusotmer.
	","My name is Spark. I am a business consultant . I always go on business trip and have a meeting. sometimes I work in my office, sometimes I work in customer office. sometimes I talk on the phone. I always help people. I always communicate with other people. but it is difficult job, I must study new knowledge always. and I must understand other people's expectation. I must control all in a project. I like my job because it is exciting and it can help customer."
10336,120804,120804,cn,Mandarin,A2,2,4,1,25,25A,25,25A,1,Writing about what you do,work,work,40632,07:23:35.660,97,79,64.24137931,"
	  My name is Hellen,I work in a glass company,I am a sales mansger.I like my job because it's very interesting.I often talk on the phone with my customer and email to them.Sometimes I have meeting and go on business trips.Sometimes I feel very tried because I often work long hours and I never take breaks.I study English hard because I hope I can talk with my foreign customer and business with them.
	","My name is Hellen,I work in a glass company,I am a sales manager.I like my job because it's very interesting.I often talk on the phone with my customer and email to them.sometimes I have meeting and go on business trips.sometimes I feel very tried because I often work long hours and I never take breaks.I study English hard because I hope I can talk with my foreign customer and business with them."
13645,167071,167071,cn,Mandarin,A2,2,4,1,25,25A,25,25A,1,Writing about what you do,work,work,40632,07:32:01.107,92,65,47.50442478,"
	  I am a engineer. I work in China. I like my job because it is so interesting.I always sit at desk to make program. Sometimes I go to meetings and talk on the phone.I never felt boring and I like the thing which I have done.I always help my colleagues and they often help me.This is why I like my job.
	",I am a engineer. I work in China. I like my job because it is so interesting.I always sit at desk to make program. sometimes I go to meetings and talk on the phone.I never felt boring and I like the thing which I have done.I always help my colleagues and they often help me.This is why I like my job.
11450,165786,165786,mx,Spanish,A2,2,4,1,25,25A,25,25A,1,Writing about what you do,work,work,40632,13:51:31.317,96,67,40.99193548,"
	  My name is Gerardo. I am Supervisor. I always have meetings. I sometimes talk on the phone and send emails. I always talk to people and help people. I sometimes go on business trips. I usually work long hours and rarely take breaks.  My job sometimes is difficult and hard but it is not boring. I love my job because it's exciting and interesting. Also it's rewarding
	",My name is Gerardo. I am supervisor. I always have meetings. I sometimes talk on the phone and send emails. I always talk to people and help people. I sometimes go on business trips. I usually work long hours and rarely take breaks. My job sometimes is difficult and hard but it is not boring. I love my job because it's exciting and interesting. Also it's rewarding
6516,159236,159236,br,Portuguese,A2,2,4,1,25,25A,25,25A,1,Writing about what you do,work,work,40632,18:43:27.807,80,64,101.0290909,"
	  Eu trabalho em um curso de Pos-Graduao. I'm a secretary. My job is tiring an bored however  is very important because a have  responsible for managing the training of many masters and PHD's . I Always  meetings an never heve a break but I help many students and teachers to focus only on their specific tasks. I work in a big university in Brazil.
	",Eu trabucho em um curse de Pos-Gradual. I'm a secretary. My job is tiring an bored however is very important because a have responsible for managing the training of many masters and PaD's . I Always meetings an never have a break but I help many students and teachers to focus only on their specific tasks. I work in a big university in Brazil.
3801,10230,10230,br,Portuguese,A2,2,4,1,25,25A,25,25A,1,Writing about what you do,work,work,40632,21:38:04.203,76,51,60.69,"
	  I work at COMIGO ( COOPERATIVE AGROBUSSINES ) i am a analyst of system , i like my job because it's very intersting sometimes i have meetings and talk on the phone , i rarely go a business trip and sametimes take a break i never clean the dish , when finish work i way tired.
	","I work at COMIGO ( COOPERATIVE AGROBUSSINES ) i am a analyst of system , i like my job because it's very interesting sometimes i have meetings and talk on the phone , i rarely go a business trip and sometimes take a break i never clean the dish , when finish work i way tired."
511,18876,18876,cn,Mandarin,A2,2,4,1,25,25A,25,25A,1,Writing about what you do,work,work,40633,00:37:25.863,88,61,94.64,"
	  My name is Victory.I'm a student.I study in Nanjing Audit University.It's interesitng,because I get lots of different knowledge,but it's very difficult too.I always help claarooms and talk to them.Sometimes,I hate it .I like economic book and I often go to library to read it .when I finish today study,I feel very tired.~
	","My name is Victory.I'm a student.I study in Nanjing Aidit University.It's interesting,because I get lots of different knowledge,but it's very difficult too.I always help classrooms and talk to them.sometimes,I hate it .I like economic book and I often go to library to read it .when I finish today study,I feel very tired.~"
10354,29883,29883,cn,Mandarin,A2,2,4,1,25,25A,25,25A,1,Writing about what you do,work,work,40633,08:57:10.413,82,48,64.715,"
	  I work in a shipping company,I am a manager assistant .Everyday,I always talk on the phone and send emails to my boss!Sometimes I go on the business trip.I like my job very much!I have lots of hours to take breaks in a week.
	","I work in a shipping company,I am a manager assistant .everyday,I always talk on the phone and send emails to my boss!sometimes I go on the business trip.I like my job very much!I have lots of hours to take breaks in a week."
11092,117952,117952,cn,Mandarin,A2,2,4,1,25,25A,25,25A,1,Writing about what you do,work,work,40633,09:19:01.523,85,47,29.62768817,"
	  I like my job, because. I can help others, I can also learn a lot of truth in life, my work can make me excited and can make me nervous when I work I am also very satisfied with the boss, I and boss is better Friends.
	","I like my job, because. I can help others, I can also learn a lot of truth in life, my work can make me excited and can make me nervous when I work I am also very satisfied with the boss, I and boss is better Friends."
16018,171219,171219,de,German,A2,2,4,1,25,25A,25,25A,1,Writing about what you do,work,work,40633,10:07:15.813,97,61,26.47643151,"
	  I am a manger. I work in London. I work a lot of day's in the month. I have meetings and I never make a break. Yersterday I maked a buisness tripp to Liverpool. I like my job. Sometimes I hate my job because I'm very tired. I have a secretary. She helps me. She makes coffee and tea for me.
	",I am a manger. I work in London. I work a lot of day's in the month. I have meetings and I never make a break. yesterday I make a business trip to Liverpool. I like my job. sometimes I hate my job because I'm very tired. I have a secretary. She helps me. She makes coffee and tea for me.
3548,139816,139816,de,German,A2,2,4,1,25,25A,25,25A,1,Writing about what you do,work,work,40633,12:41:20.103,89,74,56.54935622,"
	  I work at a IT-Company as an software-developer. Sometimes I have meetings and sometimes I take a break. My job is always very interesting and my boss is good to me. I like what I do, because I help people to advance their workflow. Sometimes it is not easy to find the same language. Customers doesnt know exactly what they want. To find out what they want is part of my job.
	","I work at a IT-Company as an software-developer. sometimes I have meetings and sometimes I take a break. My job is always very interesting and my boss is good to me. I like what I do, because I help people to advance their workflow. sometimes it is not easy to find the same language. customers doesnt know exactly what they want. To find out what they want is part of my job."
718,88301,88301,br,Portuguese,A2,2,4,1,25,25A,25,25A,1,Writing about what you do,work,work,40633,20:28:54.400,95,54,44.16894624,"
	  I work in a textile factory. Everyday, I help people at work. Sometimes, I go on business trips and always I have a meetings. I often talk on phone and write emails. Usually, I walk a lot at work, but I don''t feel tired because occasionally, I take breaks. I love my job
	","I work in a textile factory. everyday, I help people at work. sometimes, I go on business trips and always I have a meetings. I often talk on phone and write emails. usually, I walk a lot at work, but I don''t feel tired because occasionally, I take breaks. I love my job"
13251,121625,121625,tw,Mandarin,A2,2,4,1,25,25A,25,25A,1,Writing about what you do,work,work,40634,08:58:27.663,86,86,40.84136546,"
	  My name is Janet and I am an accounting , I work in the office but it is not interesting I like my job but I don't like my boss! she is a bad and selfish and stuipe woman! my job is not difficult , I always work in the computer and talk on the phone sometimes I need to write emails for client , I always work overtime and I am always busy!!!!! i seldem take a breaks when i finish my work I always feel very tired!
	","My name is Janet and I am an accounting , I work in the office but it is not interesting I like my job but I don't like my boss! she is a bad and selfish and stipe woman! my job is not difficult , I always work in the computer and talk on the phone sometimes I need to write emails for client , I always work overtime and I am always busy!!!!! i seldom take a breaks when i finish my work I always feel very tired!"
15097,173978,173978,it,Italian,A2,2,4,1,25,25A,25,25A,1,Writing about what you do,work,work,40634,18:36:22.640,84,59,58.16705882,"
	  I'm production manager of the live shows and live events. My job is very interesting, because I meet a lot people and every day it's different. It's difficult too, but very rewarding. I go on tour often and I knew many people and many places. When I finish work, of course I'm very tired. Anyway I love my job.
	","I'm production manager of the live shows and live events. My job is very interesting, because I meet a lot people and every day it's different. It's difficult too, but very rewarding. I go on tour often and I knew many people and many places. When I finish work, of course I'm very tired. anyway I love my job."
17689,58564,58564,tr,Turkish,A2,2,4,1,25,25A,25,25A,1,Writing about what you do,work,work,40634,18:50:34.380,78,61,29.5,"
	  I am a human resources staff. I work in a hotel. I work a start 09:00 a.m. , end work is 18:00 p.m. I like my job because my job is exciting and enjoyable. I always talk the people and always help people. I will listen to them and help in solving the problems. I love all this people. Absolutely.
	","I am a human resources staff. I work in a hotel. I work a start 09:00 a.m. , end work is 18:00 p.m. I like my job because my job is exciting and enjoyable. I always talk the people and always help people. I will listen to them and help in solving the problems. I love all this people. absolutely."
9680,1862,1862,mx,Spanish,A2,2,4,1,25,25A,25,25A,1,Writing about what you do,work,work,40634,20:31:48.270,89,43,36.35036496,"
	  I''m a manager and I love my job because is exciting but so is very hard and I''m always very busy because I always have a lots meetings and always write emails. When my day finish, I''m always very tired.
	","I''m a manager and I love my job because is exciting but so is very hard and I''m always very busy because I always have a lots meetings and always write emails. When my day finish, I''m always very tired."
11083,96399,96399,br,Portuguese,A2,2,4,1,25,25A,25,25A,1,Writing about what you do,work,work,40635,00:03:36.950,82,65,65,"
	  I'm a computer technician and i work on a university. I like my job because it's easy sometimes. I have many friends that works with me and every semester i make more friends, the new students. I love work with computer or things that envolve technology. The only problem is my boss. He rarely spends money with resources for the university and i hate this.
	","I'm a computer technician and i work on a university. I like my job because it's easy sometimes. I have many friends that works with me and every semester i make more friends, the new students. I love work with computer or things that involve technology. The only problem is my boss. He rarely spends money with resources for the university and i hate this."
12335,123141,123141,cn,Mandarin,A2,2,4,1,25,25A,25,25A,1,Writing about what you do,work,work,40635,00:20:32.623,88,90,80.22043011,"
	  Dear teacher: My name is peter lee, 28years old,Now I work in samsung electronics DONGGUAN factory.I charge of purchasing. My job is always contact with many companys, I always take on meetings and always talk on the phone, sometimes I go on a business trip around the world,I think my job is boring and very tired, I work a long time and take short breaks everyday.So if have anyother better chance I would like to change my job . thank you. Have a nice day! Peter Lee
	","Dear teacher: My name is peter lee, 28years old,Now I work in tamlung electronics DONGGUAN factory.I charge of purchasing. My job is always contact with many company, I always take on meetings and always talk on the phone, sometimes I go on a business trip around the world,I think my job is boring and very tired, I work a long time and take short breaks everyday.So if have another better chance I would like to change my job . thank you. Have a nice day! Peter Lee"
1373,131170,131170,de,German,A2,2,4,1,25,25A,25,25A,1,Writing about what you do,work,work,40635,10:22:46.707,92,34,46.24,"
	  I work in Colon and in my homeoffice. I'm a software developer. I love my Job it's very exciting and each new project have another challenge. I often must learning it's tiring and good.
	",I work in Colon and in my homeoffice. I'm a software developer. I love my Job it's very exciting and each new project have another challenge. I often must learning it's tiring and good.
13912,143715,143715,it,Italian,A2,2,4,1,25,25A,25,25A,1,Writing about what you do,work,work,40635,10:26:45.640,88,50,51.92307692,"
	  I work in a big company near Milano. I am a Purchasing Mananer and my job is purchase the materials for the production. I always talk at the phone and write emails. I always go to business trips and at meetings. My work is very hard but It like me.
	",I work in a big company near Milano. I am a purchasing Manaker and my job is purchase the materials for the production. I always talk at the phone and write emails. I always go to business trips and at meetings. My work is very hard but It like me.
1579,99323,99323,cn,Mandarin,A2,2,4,1,25,25A,25,25A,1,Writing about what you do,work,work,40635,11:10:39.840,93,49,57.52444444,"
	  I'm a sales assistant, i work in the office.I like my job,it's difficult but it's ok.Sometime it's interesting.I always have meetings in the morning,I often write emails and sometimes i talk on the phone.I rarely clean my desk and i never have breaks.
	","I'm a sales assistant, i work in the office.I like my job,it's difficult but it's ok.sometime it's interesting.I always have meetings in the morning,I often write emails and sometimes i talk on the phone.I rarely clean my desk and i never have breaks."
13862,55923,55923,cn,Mandarin,A2,2,4,1,25,25A,25,25A,1,Writing about what you do,work,work,40635,12:38:28.647,87,90,59.97086989,"
	  My name is Judy, I am a sales , I work at office a PCB company and it is ok, I is exciting, because I alway deal with different things. I work long hours and I only take one day breaks a week, that is Sunday. I talk on the phone a lot and I write many emails every day. sometimes I have meetings and I go on bussiness trips. sometimes I help peoples.  my boss ask me do many reports per month. when I finish work I feel very tried.
	","My name is Judy, I am a sales , I work at office a PCB company and it is ok, I is exciting, because I alway deal with different things. I work long hours and I only take one day breaks a week, that is Sunday. I talk on the phone a lot and I write many emails every day. sometimes I have meetings and I go on business trips. sometimes I help peoples. my boss ask me do many reports per month. when I finish work I feel very tried."
12871,61071,61071,br,Portuguese,A2,2,4,1,25,25A,25,25A,1,Writing about what you do,work,work,40635,15:29:52.580,90,64,49.92,"
	  My Job, I'm a student, I'm studing geology. I'm working in a laboratory. In the laboratory I do different things, like research about my master's subject, sometimes help people and people help me. I like my job, because every day I learn something different or teach someone what I know. I normaly can take longs brakes and talk a lot with my friends. Bye.
	","My Job, I'm a student, I'm studying geology. I'm working in a laboratory. In the laboratory I do different things, like research about my master's subject, sometimes help people and people help me. I like my job, because every day I learn something different or teach someone what I know. I normal can take longs brakes and talk a lot with my friends. eye."
2754,121580,121580,mx,Spanish,A2,2,4,1,25,25A,25,25A,1,Writing about what you do,work,work,40635,20:09:14.643,92,57,82.70181818,"
	  I work in the University since 1995 as supervisor of employees, and I don't like it so much because is very difficult to treat withthe people, and always there are problems, nevertheless is a easy job due to I can do it for a short and different time. On the other hand I have a good salary.
	","I work in the University since 1995 as supervisor of employees, and I don't like it so much because is very difficult to treat withtee people, and always there are problems, nevertheless is a easy job due to I can do it for a short and different time. On the other hand I have a good salary."
6590,138848,138848,mx,Spanish,A2,2,4,1,25,25A,25,25A,1,Writing about what you do,work,work,40635,21:35:57.450,87,86,54.0003639,"
	  My name is Erika and I'm an enginner. I work in a telecomunication company and It's interesting because sometimes it's tiring. Sometimes take trainings and techical courses because it's important for my job. I work long hours and rarely take a breaks. I always read, write and send emails because I need to collect a lot information. I sometimes talk on the phone. I never have a meetings and never clean my desk. I rarely prepare cup of coffe. When I finish work I feel tired!!
	","My name is Erika and I'm an engineer. I work in a telecommunication company and It's interesting because sometimes it's tiring. sometimes take trainings and technical courses because it's important for my job. I work long hours and rarely take a breaks. I always read, write and send emails because I need to collect a lot information. I sometimes talk on the phone. I never have a meetings and never clean my desk. I rarely prepare cup of coffee. When I finish work I feel tired!!"
14808,100024,100024,tw,Mandarin,A2,2,4,1,25,25A,25,25A,1,Writing about what you do,work,work,40635,22:18:43.810,92,66,54.63636364,"
	  I am a plant manager in my company. I hold a meeting every morning to discuss today's work. Then I have to go to operating site to check. Sometimes, I have to visit our customers with my employee. Although I have nice pay , I also feel tired or boring because I work long hours and have some presure. In brief, I usually have a busy day.
	","I am a plant manager in my company. I hold a meeting every morning to discuss today's work. Then I have to go to operating site to check. sometimes, I have to visit our customers with my employee. Although I have nice pay , I also feel tired or boring because I work long hours and have some pressure. In brief, I usually have a busy day."
13767,110261,110261,cn,Mandarin,A2,2,4,1,25,25A,25,25A,1,Writing about what you do,work,work,40636,03:08:52.530,96,68,82.70181818,"
	  I am work in WeiWai,a produce pumps company.I am a technologist.My job is design drawings every day.I like my job,because it's interesting.Sometimes,I go on business trips.I often have a meeting.I take a break at noon every day at the office.I rarely write emails but often talk on the phone at work.I am studying English at Englishtown now.
	","I am work in Weihai,a produce pumps company.I am a technologist.My job is design drawings every day.I like my job,because it's interesting.sometimes,I go on business trips.I often have a meeting.I take a break at noon every day at the office.I rarely write emails but often talk on the phone at work.I am studying English at Englishtown now."
12977,11685,11685,br,Portuguese,A2,2,4,1,25,25A,25,25A,1,Writing about what you do,work,work,40636,05:57:37.793,90,63,50.82216495,"
	  I'm a doctor, but I'm a teacher too. I like my jobs. My job is very interesting. I always help the people and I frequently seat on the desk. I work for long hours all day. I sometimes talk on the phone. I often write and send to emails. I never mop the floor. I'm tired all day, but I don't change job.
	","I'm a doctor, but I'm a teacher too. I like my jobs. My job is very interesting. I always help the people and I frequently seat on the desk. I work for long hours all day. I sometimes talk on the phone. I often write and send to emails. I never mop the floor. I'm tired all day, but I don't change job."
7167,76965,76965,cn,Mandarin,A2,2,4,1,25,25A,25,25A,1,Writing about what you do,work,work,40636,05:58:38.340,88,72,64.635,"
	  I'm a office clerk in Hualian china limited company. This is my new job.I like this job.My job is exciting and rewarding.I talk on the phone with my buyer.I often have break.I always go there and here.look my colleagues work.and then,They always answer my questions.and I can learn more about my job.I like my boss and my colleagues.I like this company .
	","I'm a office clerk in julian china limited company. This is my new job.I like this job.My job is exciting and rewarding.I talk on the phone with my buyer.I often have break.I always go there and here.look my colleagues work.and then,They always answer my questions.and I can learn more about my job.I like my boss and my colleagues.I like this company ."
103413,23172,23172,de,German,B1,3,7,1,49,49A,49,49A,1,Giving instructions to play a game,player,player,40825,14:18:43.533,89,87,33.23234168,"
	  Frisbee Bowling Use ten bottles as bowling pins. Fill them with a little water to make them heavier. Line up the bottles like pin bowling.  Each player is allowed to take two shots on each turn. Throw the frisbee to the pins. The aim is to knock down many pins. You get for each knocked down pin one point. If someone knocked down all pins he get two more shots. Add all the points and the player with the most points is the winner of the game.
	",Frisbee howling Use ten bottles as bowling pins. will them with a little water to make them heavier. Line up the bottles like pin bowling. each player is allowed to take two shots on each turn. throw the frisbee to the pins. The aim is to knock down many pins. You get for each knocked down pin one point. If someone knocked down all pins he get two more shots. And all the points and the player with the most points is the winner of the game.
195677,20008,20008,br,Portuguese,B1,3,7,1,49,49A,49,49A,1,Giving instructions to play a game,player,player,40825,15:00:58.130,94,89,32.14994595,"
	  Ok Childrens. Let me explain our game. So we need to divide in two teams, each one with 5 people. Put each team of side by side of the net. The game start when I thrown the ball. The meaning of The Game is hit the ball to the other side and make that the other team don't get the ball or the ball touch the ground. Don't hit the ball outside of the court. Win the game The Team reach twelve points first. So, let's play and enjoy.
	","Ok Children. Let me explain our game. So we need to divide in two teams, each one with 5 people. but each team of side by side of the net. The game start when I thrown the ball. The meaning of The same is hit the ball to the other side and make that the other team don't get the ball or the ball touch the ground. Don't hit the ball outside of the court. Win the game The Team reach twelve points first. So, let's play and enjoy."
133196,105618,105618,mx,Spanish,B1,3,7,1,49,49A,49,49A,1,Giving instructions to play a game,player,player,40825,15:07:31.893,86,69,99.59384615,"
	  This game is like bowling, we used plastic bottles as ""bowling pins"", filled with a little water and are lined in 4, 3,2 and 1 row. A frisbee is allowed to take two shots each team. The players have 10 turns each. Scored one point each pined is knoced down, 2 more shots are added if a ""strike"" is scored. At the end who make more ponits; win.
	","This game is like bowling, we used plastic bottles as ""bowling pins"", filled with a little water and are lined in 4, 3,2 and 1 row. A frisbee is allowed to take two shots each team. The players have 10 turns each. scored one point each pined is knocked down, 2 more shots are added if a ""strike"" is scored. At the end who make more points; win."
200468,114714,114714,br,Portuguese,B1,3,7,1,49,49A,49,49A,1,Giving instructions to play a game,player,player,40825,15:38:25.647,89,98,39.25962329,"
	  Hey everybody, let's to play a interesting game. First, make teams of six and put them in volleyboy. Pay attention in the rules. Place a blanket over the net and wait the referee throw the ball into play. Hit the ball over the net in direction to other team as many time as you want. the other team must stop the ball hitting the ground on your side and the opposite team hit the ball out of court or touch the ground with the ball. add more ball if you want to make the game more exciting. ok?
	","Hey everybody, let's to play a interesting game. First, make teams of six and put them in volleyboy. Pay attention in the rules. Place a blanket over the net and wait the referee throw the ball into play. it the ball over the net in direction to other team as many time as you want. the other team must stop the ball hitting the ground on your side and the opposite team hit the ball out of court or touch the ground with the ball. add more ball if you want to make the game more exciting. ok?"
210474,137847,137847,fr,French,B1,3,7,1,49,49A,49,49A,1,Giving instructions to play a game,player,player,40825,17:29:14.497,90,91,96.61166667,"
	  We define an area of 8 meters by 3 meters then we take 10 bottles in which we put some water to make them heavier, they are the pins. The pins are lined up in rows of 4, then 3, 2 and finally 1. Each player has a frisbee and can shot it twice. When you knock down all the pins at the same time, you make a ""strike"" and win two more shots. The winner is the one with the most points. Don't play this game when it is windy!!!
	","We define an area of 8 meters by 3 meters then we take 10 bottles in which we put some water to make them heavier, they are the pins. The pins are lined up in rows of 4, then 3, 2 and finally 1. each player has a frisbee and can shot it twice. When you knock down all the pins at the same time, you make a ""strike"" and win two more shots. The winner is the one with the most points. Don't play this game when it is windy!!!"
26249,43017,43017,sa,Arabic,B1,3,7,1,49,49A,49,49A,1,Giving instructions to play a game,player,player,40825,18:23:40.567,86,107,32.41240876,"
	  tennis bend your knees. hold your shoulder to your body. hold the ball between your thump and your fingur . hit the ball to the other team. keep your eyes on the ball. judo relax your body .stand toward the other player . bow to each other . start the attacking with all your force . and be carefull of being attaking from the other side . football divide the group in two teams . each team consist of eleven players. pick a team to start the match . each team try to reach the net of the other team and make a goal. the winner is the team who get the most goals.
	",tennis bend your knees. hold your shoulder to your body. hold the ball between your thump and your finger . hit the ball to the other team. keep your eyes on the ball. judo relax your body .stand toward the other player . bow to each other . start the attacking with all your force . and be carefull of being attacking from the other side . football divide the group in two teams . each team consist of eleven players. pick a team to start the match . each team try to reach the net of the other team and make a goal. the winner is the team who get the most goals.
179331,45756,45756,jp,Japanese,B1,3,7,1,49,49A,49,49A,1,Giving instructions to play a game,player,player,40825,19:40:53.977,95,100,42.38772302,"
	  Let me tell you how to play fri,sbee bowling. Listen to me carefully. Each of you has a frisbee and you can throw it twice, and after that your opponent throws it twice. This is repeated five times, so it means that you can shoot ten times each. When your frisbee hits and knocks down one or more of the ten pins, you will get one point. When you get a 'strike' or all the pins are knocked down together, you will be given two more shots and all the score that you get by them are all added.
	","Let me tell you how to play fri,see bowling. Listen to me carefully. each of you has a frisbee and you can throw it twice, and after that your opponent throws it twice. This is repeated five times, so it means that you can shoot ten times each. When your frisbee hits and knocks down one or more of the ten pins, you will get one point. When you get a 'strike' or all the pins are knocked down together, you will be given two more shots and all the score that you get by them are all added."
92876,113011,113011,br,Portuguese,B1,3,7,1,49,49A,49,49A,1,Giving instructions to play a game,player,player,40825,20:16:34.993,89,71,56.13556338,"
	  Marked an area od 8 meters x by 3 meters as the bowling alley. Used ten plastic bottles as the bowling pins, fill with a little water. Lined up the bottles just like ten-pin bowling. Each player take two shots on each turn. For each knocked down, one point is scored. If scored a strike, the player takes more two shots. The winner is the player with the most points. 
	","marked an area od 8 meters x by 3 meters as the bowling alley. used ten plastic bottles as the bowling pins, fill with a little water. lined up the bottles just like ten-pin bowling. each player take two shots on each turn. For each knocked down, one point is scored. If scored a strike, the player takes more two shots. The winner is the player with the most points."
212168,169675,169675,jp,Japanese,B1,3,7,1,49,49A,49,49A,1,Giving instructions to play a game,player,player,40826,05:46:38.820,94,100,79.19892894,"
	  Mark the ""bolling alley"" which is about 8m x 3m. Use ten plastic bottles -filled with a little water as the bowling pins. Line up the bottles just like ten pin bowling. Give each player a frisbee and can shot twice on each turn. Give players a total of ten turn each. Score one point for knocking down each pin.If score a ""strike"" (kock down all bottles), the player takes two more shots and add all the points together.The winner is the player with the most points.Be careful, Don't play this game on a very windy day.
	","Mark the ""bolling alley"" which is about 8m x 3m. Use ten plastic bottles -filled with a little water as the bowling pins. Line up the bottles just like ten pin bowling. Give each player a frisbee and can shot twice on each turn. Give players a total of ten turn each. score one point for knocking down each pin.If score a ""strike"" (lock down all bottles), the player takes two more shots and add all the points together.The winner is the player with the most points.Be careful, Don't play this game on a very windy day."
190671,53907,53907,tw,Mandarin,B1,3,7,1,49,49A,49,49A,1,Giving instructions to play a game,player,player,40826,06:44:42.283,83,104,76.39064477,"
	  1. Mark the area of 8 meters X 3 meters as ""Bowling alley"" 2.Use ten plastic bottles can as bowlong pins. 3. Fill the bottles with little water to make them heavier. 4. Each player can take two shot by frisbee on each turn. 5. Each player has ten turns to play. 6. Score one point for each pin which is knocked down. 7. Score ""strick"" when all bottles are knoched down. 8. Player take two more shot when get strick. 9. The winer is the player with the most points! 10. A very windy day is good for this game to play.
	","1. Mark the area of 8 meters X 3 meters as ""howling alley"" 2.Use ten plastic bottles can as bowling pins. 3. will the bottles with little water to make them heavier. 4. each player can take two shot by frisbee on each turn. 5. each player has ten turns to play. 6. score one point for each pin which is knocked down. 7. score ""strick"" when all bottles are knocked down. 8. Player take two more shot when get strick. 9. The winer is the player with the most points! 10. A very windy day is good for this game to play."
169978,6212,6212,cn,Mandarin,B1,3,7,1,49,49A,49,49A,1,Giving instructions to play a game,player,player,40826,07:55:20.070,85,89,108.9936842,"
	  the area dimension is about 8m *3m,marked as the ""bowling alley"" use ten plastic bottles filled with a litter water to be more heavier as ""bowling pins"" the bottles lines up in  tripleangle sharp, and 1,2,3, 4  each player got a frisbee and shots two times by turn  total  ten turns, one pin for knocked down bottles, if all knocked down, the player could get another two more shorts,  the scores  add together the winner gets the highest score,  not play  on a very windy day
	","the area dimension is about 8m *3m,marked as the ""bowling alley"" use ten plastic bottles filled with a litter water to be more heavier as ""bowling pins"" the bottles lines up in tripleangle sharp, and 1,2,3, 4 each player got a frisbee and shots two times by turn total ten turns, one pin for knocked down bottles, if all knocked down, the player could get another two more shorts, the scores add together the winner gets the highest score, not play on a very windy day"
183894,38180,38180,it,Italian,B1,3,7,1,49,49A,49,49A,1,Giving instructions to play a game,player,player,40826,08:25:40.740,78,80,58.80067843,"
	  Give ten plastic bottles filled with a little water. Them are lined up just like a ten-pin bowling. Each player have a frisbee and he has two shots for ten turns each. You score a point when knock down a pin. When you knock down all bottles, you take more shots and all the point are added togheter. The winnes is the player with knocked down more bottles. This game have to played on a sunny day without wind
	","Give ten plastic bottles filled with a little water. them are lined up just like a ten-pin bowling. each player have a frisbee and he has two shots for ten turns each. You score a point when knock down a pin. When you knock down all bottles, you take more shots and all the point are added together. The wines is the player with knocked down more bottles. This game have to played on a sunny day without wind"
199390,29367,29367,tw,Mandarin,B1,3,7,1,49,49A,49,49A,1,Giving instructions to play a game,player,player,40826,09:52:22.680,92,99,51.81858407,"
	  We mark the area of 8 meters x by 3 meters as the ""bowling alley"" and use ten bottles with a little water as the ""bowling pins"". We should line up the bottles like ten-pin bowling, meaning in rows of 4, then 3, 2, 1. Each player takes two shots with a frisbee on each turn, ten turns per player in total. The palyers score a point for each pin that is knocked down and take two more shots for a ""strike"", and then add all the points together.  The palyer with the most points is the winner.
	","We mark the area of 8 meters x by 3 meters as the ""bowling alley"" and use ten bottles with a little water as the ""bowling pins"". We should line up the bottles like ten-pin bowling, meaning in rows of 4, then 3, 2, 1. each player takes two shots with a frisbee on each turn, ten turns per player in total. The players score a point for each pin that is knocked down and take two more shots for a ""strike"", and then add all the points together. The player with the most points is the winner."
207029,94594,94594,br,Portuguese,B1,3,7,1,49,49A,49,49A,1,Giving instructions to play a game,player,player,40826,10:09:53.030,84,71,78.41555556,"
	  Use the ten plastic bottles as the bowling pins. Fill then with a little water. Line bottles up in rows of four, then three, then two and finnally one. It one is allowed to take two shots each turn with its frisbee. If someone knock all bottles down, its can take another turn. Each bottle knocked is a point. Wins who has the most points at the end of ten turns.
	","Use the ten plastic bottles as the bowling pins. will then with a little water. Line bottles up in rows of four, then three, then two and finally one. It one is allowed to take two shots each turn with its frisbee. If someone knock all bottles down, its can take another turn. each bottle knocked is a point. sins who has the most points at the end of ten turns."
197346,34940,34940,de,German,B1,3,7,1,49,49A,49,49A,1,Giving instructions to play a game,player,player,40826,11:06:47.713,85,101,99,"
	  Make an area  about 8x3 meters. Take ten plastic bottles as the boxling pins and fill them with a little bit of water. Line up the bottles in rows of 4, then 3, then 2, then 1 - just like ten-pin bowling. Each player is given a frisbee and can take two shots on each turn. You must add up the pins, a pin like a point. If a 'strike'(all bottles are knocked down) , you have two more shots and all  points are added together. The winner is the player with the most points. Be careful at a windy day!
	","Make an area about 8x3 meters. Take ten plastic bottles as the boiling pins and fill them with a little bit of water. Line up the bottles in rows of 4, then 3, then 2, then 1 - just like ten-pin bowling. each player is given a frisbee and can take two shots on each turn. You must add up the pins, a pin like a point. If a 'strike'(all bottles are knocked down) , you have two more shots and all points are added together. The winner is the player with the most points. Be careful at a windy day!"
212491,162757,162757,de,German,B1,3,7,1,49,49A,49,49A,1,Giving instructions to play a game,player,player,40826,12:59:39.217,100,100,65.72352094,"
	  Mark the 'bowling alley': it's an area of about 8 meters x by 3 meters. Fill ten plastic bottles with water and use them as 'bowling pins'. Line up the bottles in rows of 4, then 3, then 2, then 1. Each player: knock down the pins with the frisbee. Take two shots on each turn (maximum of ten turns). Score one point for each pin you knocked down. Knock down all the bottles for a 'strike': take two more shots and add all the points together. Win with the most points. Careful! Don't play on a very windy day!
	","Mark the 'bowling alley': it's an area of about 8 meters x by 3 meters. will ten plastic bottles with water and use them as 'bowling pins'. Line up the bottles in rows of 4, then 3, then 2, then 1. each player: knock down the pins with the frisbee. Take two shots on each turn (maximum of ten turns). score one point for each pin you knocked down. knock down all the bottles for a 'strike': take two more shots and add all the points together. Win with the most points. careful! Don't play on a very windy day!"
207271,3904,3904,br,Portuguese,B1,3,7,1,49,49A,49,49A,1,Giving instructions to play a game,player,player,40826,13:44:35.120,70,106,62.06144676,"
	  Today we''re learning a new game, called Frisbee Bownling. The rules are simple, we need of a area equal  the bowling alley, it''s 8 meters x 3 meters and 10 pins. We''re put it in a little water to make them havier. Line up in rows of 4, then 3, then 2, then 1, you''re receive a frisbee, is allowed to take two shots each in a total 10 turns. One pin knoched down one point is scored, when all pins are knock down, the player take two more shots and all the points are added. Win the player with most points.
	","Today we''re learning a new game, called Frisbee townling. The rules are simple, we need of a area equal the bowling alley, it''s 8 meters x 3 meters and 10 pins. We''re put it in a little water to make them havier. Line up in rows of 4, then 3, then 2, then 1, you''re receive a frisbee, is allowed to take two shots each in a total 10 turns. One pin knocked down one point is scored, when all pins are knock down, the player take two more shots and all the points are added. Win the player with most points."
181807,143359,143359,br,Portuguese,B1,3,7,1,49,49A,49,49A,1,Giving instructions to play a game,player,player,40826,13:47:31.463,87,82,48.36428549,"
	  - Exist ten plastic bottles can be used  bowling pings and I will seen 4, 3, 2,  1, just like 10 pin bowling. - Each player is given a frisbee - It's allowed to take 2 shots on each turn. - Players are given 10 turns each - Score for each pin it's a one point - If the player to take all the bottles are knocked down, then  player  take 2 more shots and all the points are added together - The winner: player with the most points. 
	","- exist ten plastic bottles can be used bowling pings and I will seen 4, 3, 2, 1, just like 10 pin bowling. - each player is given a frisbee - It's allowed to take 2 shots on each turn. - layers are given 10 turns each - score for each pin it's a one point - If the player to take all the bottles are knocked down, then player take 2 more shots and all the points are added together - The winner: player with the most points."
205392,3703,3703,fr,French,B1,3,7,1,49,49A,49,49A,1,Giving instructions to play a game,player,player,40826,17:14:37.400,93,87,76.84153005,"
	  Mark a area of 8 meters by 3 as the ""bowling alley"". Use 10 plastic bottles filled with a little water as the ""bowling pins"". Line up in rows of 4, 3 and 1. Give a frisbee for each player. Each player is allowed to take two shots by turn with a total of ten turn. Score 1 point by pin knocked down, and 10 points + two more shots if you knocked down all the bottles (strike). The player who has the most points win. Good luck !!!
	","Mark a area of 8 meters by 3 as the ""bowling alley"". Use 10 plastic bottles filled with a little water as the ""bowling pins"". Line up in rows of 4, 3 and 1. Give a frisbee for each player. each player is allowed to take two shots by turn with a total of ten turn. score 1 point by pin knocked down, and 10 points + two more shots if you knocked down all the bottles (strike). The player who has the most points win. Good luck !!!"
181941,54674,54674,br,Portuguese,B1,3,7,1,49,49A,49,49A,1,Giving instructions to play a game,player,player,40826,20:21:03.310,80,76,53.36672243,"
	  Let''s play soccer. Each team has 8 players (7 in line and one goolkeeper). The aim of the game is, of course, to make gols. Hit the ball in the direction of the goal. Try to arrive as close as possible to the goal. Remember: if you receive the ball very close to the goolkeeper perhaps you''ll be offside. That''s means you are not allowed to continue the game. Prepare yourself practicising exercises
	","Let''s play soccer. each team has 8 players (7 in line and one goalkeeper). The aim of the game is, of course, to make gold. it the ball in the direction of the goal. cry to arrive as close as possible to the goal. Remember: if you receive the ball very close to the goalkeeper perhaps you''ll be offside. That''s means you are not allowed to continue the game. Prepare yourself practicing exercises"
24586,102743,102743,br,Portuguese,B1,3,7,1,49,49A,49,49A,1,Giving instructions to play a game,player,player,40826,20:26:18.887,85,76,50.00321217,"
	  Hi Children, I have prepared three play games for this camping days. One day you can playing volleyball, this game have twelf player, six in one side and another side other six. one player hit the ball for other side the six person can put three times for other side, the ball can''t pic the floor. Gains the game wher tree time first twinti points have. Your cant play one time whith fiftie points, thanks,
	","Hi Children, I have prepared three play games for this camping days. One day you can playing volleyball, this game have thelf player, six in one side and another side other six. one player hit the ball for other side the six person can put three times for other side, the ball can''t pic the floor. Gains the game her tree time first twint points have. Your cant play one time with giftie points, thanks,"
205671,116937,116937,br,Portuguese,B1,3,7,1,49,49A,49,49A,1,Giving instructions to play a game,player,player,40826,21:37:42.093,89,98,35.07403819,"
	  Play Soccer: To play soccer we must have a soccer camp and a soccer ball. Whit 22 players divided in two teams we'll player right. The points is called goals, and to score a gol the teams must to hit the ball to cross the line goal. The team be allowed to score goals only the opponents's goal. Play Rugby: To pla rugby we must have rugby ball, a camp and 20 people separeted in two teams. The teams make points when one player touch dow the ball on opponents's camp or hit the on the opponents's goal.
	","lay Socher: To play soccer we must have a soccer camp and a soccer ball. Whit 22 players divided in two teams we'll player right. The points is called goals, and to score a gol the teams must to hit the ball to cross the line goal. The team be allowed to score goals only the opponents's goal. lay Rugby: To plan rugby we must have rugby ball, a camp and 20 people separated in two teams. The teams make points when one player touch dow the ball on opponents's camp or hit the on the opponents's goal."
212341,56561,56561,br,Portuguese,B1,3,7,1,49,49A,49,49A,1,Giving instructions to play a game,player,player,40826,22:08:28.083,89,102,81.73509934,"
	  I would like all of you pay attention on me. We will learn how to play Frisbe Bowling! First, mark a area about 8 meters x 3 meters, Use ten plastic bowling as ""bowling pins"". We can fill them with water to make them heavier. Line up the bottles in rows of 4, then 3, then 2, then 1. Then, give a frisbee to each player. Each player has two shots per turn Give ten turns to each player. If, score a ""strike"", the player take two more shots The winner will be who has more points in the end of turns
	","I would like all of you pay attention on me. We will learn how to play Frisbee howling! First, mark a area about 8 meters x 3 meters, Use ten plastic bowling as ""bowling pins"". We can fill them with water to make them heavier. Line up the bottles in rows of 4, then 3, then 2, then 1. Then, give a frisbee to each player. each player has two shots per turn Give ten turns to each player. If, score a ""strike"", the player take two more shots The winner will be who has more points in the end of turns"
199188,95630,95630,br,Portuguese,B1,3,7,1,49,49A,49,49A,1,Giving instructions to play a game,player,player,40826,22:16:53.657,92,109,67.96801232,"
	  This game is played by two or more players. It is necessary to mark the ground similar to bowling alley. Ten bottles must be lined just like in the bowling game (4-3-2-1), completing ten pins. To keep the bottles up, is adivisable to fill then with water. Each player have two chances for knocking down the pins with a frisbee by turn. If someone gets to knock down all of the bottle, we call it of ""strike"", then the player is allowed to try two more times. Each bottle knocked down counts as one point, and at the end, the winner is who earned more points.
	","This game is played by two or more players. It is necessary to mark the ground similar to bowling alley. Ten bottles must be lined just like in the bowling game (4-3-2-1), completing ten pins. To keep the bottles up, is advisable to fill then with water. each player have two chances for knocking down the pins with a frisbee by turn. If someone gets to knock down all of the bottle, we call it of ""strike"", then the player is allowed to try two more times. each bottle knocked down counts as one point, and at the end, the winner is who earned more points."
206748,22526,22526,jp,Japanese,B1,3,7,1,49,49A,49,49A,1,Giving instructions to play a game,player,player,40827,02:43:12.557,87,102,61.49478974,"
	  Let's play Frisbee Bowling. There are the plastic bottles filled with a little water in each  lined up in rows of 4, then 3, then 2,  then 1 -just like ten-pin bowling. Each of you can take two shots on each turn with a Frisbee and then total points after ten turns will be important. For example, if you knock down one bottle, you get one point. Also if you knock down all of them at one time, you take two more shots and all the points are added together. If you get the most numbers, you will win the game.
	","Let's play Frisbee howling. There are the plastic bottles filled with a little water in each lined up in rows of 4, then 3, then 2, then 1 -just like ten-pin bowling. each of you can take two shots on each turn with a Frisbee and then total points after ten turns will be important. For example, if you knock down one bottle, you get one point. Also if you knock down all of them at one time, you take two more shots and all the points are added together. If you get the most numbers, you will win the game."
209412,26999,26999,fr,French,B1,3,7,1,49,49A,49,49A,1,Giving instructions to play a game,player,player,40827,02:59:32.613,90,98,45.79948382,"
	  The frisbee bowling is played in an area of about 8 meters x by 3. We use ten plastic bottles which are lined up in rows of 4, then 3, then 2, then 1. Each player have a frisbee and is allowed to take two shots on each turn. There is 10 turns for all the players. One point point is scored for each pin that is knocked down. If a player knock down all the bottle, this player have two more shots. All the points are added together. The winner : the player who have the most points.
	","The frisbee bowling is played in an area of about 8 meters x by 3. We use ten plastic bottles which are lined up in rows of 4, then 3, then 2, then 1. each player have a frisbee and is allowed to take two shots on each turn. There is 10 turns for all the players. One point point is scored for each pin that is knocked down. If a player knock down all the bottle, this player have two more shots. All the points are added together. The winner : the player who have the most points."
214461,123631,123631,ru,Russian,B1,3,7,1,49,49A,49,49A,1,Giving instructions to play a game,player,player,40827,03:46:59.143,87,93,40.75768386,"
	  You need to make two teams of four players. One team go on right side of court other team on the left side. Put the ball into court. The first team, next you need to throw the ball the over net. If the ball hits the ground you win one grade. If the other team can throw up the ball over to your part of court you need to throw it up too or they will be the winners. And count continious to twenty grades. This game called volleyball. Very easy, isn't it? 
	","You need to make two teams of four players. One team go on right side of court other team on the left side. but the ball into court. The first team, next you need to throw the ball the over net. If the ball hits the ground you win one grade. If the other team can throw up the ball over to your part of court you need to throw it up too or they will be the winners. And count continuous to twenty grades. This game called volleyball. Very easy, isn't it?"
199369,173677,173677,ru,Russian,B1,3,7,1,49,49A,49,49A,1,Giving instructions to play a game,player,player,40827,04:16:26.660,93,94,54.18974961,"
	  Hello! Now we can play one of three games. This is the rules: 1) We must take ten plastic bottles and filled it with a little water. Next, the bottles line up in rows of 4, then 3, then 2, then 1. Each player is given a frisbee and is allowed to take two shots on each turn. One point is scored for each pin that is knocked down. Then next person take two shots. Each players have ten turn. The points are added together. The winner is the player who have more points.
	","bello! Now we can play one of three games. This is the rules: 1) We must take ten plastic bottles and filled it with a little water. Next, the bottles line up in rows of 4, then 3, then 2, then 1. each player is given a frisbee and is allowed to take two shots on each turn. One point is scored for each pin that is knocked down. Then next person take two shots. each players have ten turn. The points are added together. The winner is the player who have more points."
158744,10652,10652,ru,Russian,B1,3,7,1,49,49A,49,49A,1,Giving instructions to play a game,player,player,40827,09:11:31.910,85,106,61.16963449,"
	  For this game you need to mark a ""bowling alley"". It's about 8x3 meters. Fill with water 10 plastic bottels - they will be your ""bowling pins"". Line up bottles in rows of 4, 3, 2 and 1 - just like in bowling. Each player has a frisbee and can make two shots on each turn. You can make 10 turns in total. You recieve 1 score for one knocked-down pin. If you have a strike (when you knock-down all the bottels in one shot), you can make two more shots and add together all points. You win the game if you have the most points.
	","For this game you need to mark a ""bowling alley"". It's about 8x3 meters. will with water 10 plastic bottles - they will be your ""bowling pins"". Line up bottles in rows of 4, 3, 2 and 1 - just like in bowling. each player has a frisbee and can make two shots on each turn. You can make 10 turns in total. You receive 1 score for one knocked-down pin. If you have a strike (when you knock-down all the bottles in one shot), you can make two more shots and add together all points. You win the game if you have the most points."
213822,26896,26896,fr,French,B1,3,7,1,49,49A,49,49A,1,Giving instructions to play a game,player,player,40827,10:29:42.597,83,98,77.41483113,"
	  Hello guys, listen carefully I explain how to play Frisbee bowling. First, mark an area 8*3meters as a bowling alley and put ten plastic bottle as a bowling pins. Make bottles heavier with water if you want. Line up bottle in row of 4 bottles, then 3, then 2, then 1. Two shoot with a Frisbee per turn and per player is allowed. Turn 10 times per players and per game Score one point per bottle knocked down. A ""Strike"" (all Bottle knocked down with one hit) allowed to take two more shoot and add point together.
	","bello guys, listen carefully I explain how to play Frisbee bowling. First, mark an area 8*3meters as a bowling alley and put ten plastic bottle as a bowling pins. Make bottles heavier with water if you want. Line up bottle in row of 4 bottles, then 3, then 2, then 1. Two shoot with a Frisbee per turn and per player is allowed. Turn 10 times per players and per game score one point per bottle knocked down. A ""Strike"" (all bottle knocked down with one hit) allowed to take two more shoot and add point together."
163504,163915,163915,ru,Russian,B1,3,7,1,49,49A,49,49A,1,Giving instructions to play a game,player,player,40827,12:19:01.190,98,70,91.46666667,"
	  Dear kids, it's a quiet sunny day and we are going to play frisbee bowling game. Here is the bowling alley. Please take 10 plastic bottles filled with water to be heavier and line them up in rows like in bowling. Take a frisbee and give two shots. Every knocked down bottle gives you a score. If you bring all the bottles down at once you'll have two more shorts!
	","Dear kids, it's a quiet sunny day and we are going to play frisbee bowling game. Here is the bowling alley. Please take 10 plastic bottles filled with water to be heavier and line them up in rows like in bowling. Take a frisbee and give two shots. Every knocked down bottle gives you a score. If you bring all the bottles down at once you'll have two more shorts!"
87261,71497,71497,it,Italian,B1,3,7,1,49,49A,49,49A,1,Giving instructions to play a game,player,player,40827,12:26:01.140,95,103,60.31019665,"
	  The frisbee bowling rules are these: First, you must border an area to use as ""bowling alley"". Next, you must take ten plastic bottles and put some water inside to fix them in the ground. After that, line up the bottles as a ten-pin bowling. Put the pins in row 4, than 3, then, 2 and then 1, like a pyramid. Each player is allowed to take two shots on each turn, and the points increase for each pin is knocked down. If the player made a ""strike"", he takes two more shots. The winner is the player with the most points.
	","The frisbee bowling rules are these: First, you must border an area to use as ""bowling alley"". Next, you must take ten plastic bottles and put some water inside to fix them in the ground. After that, line up the bottles as a ten-pin bowling. but the pins in row 4, than 3, then, 2 and then 1, like a pyramid. each player is allowed to take two shots on each turn, and the points increase for each pin is knocked down. If the player made a ""strike"", he takes two more shots. The winner is the player with the most points."
176163,157571,157571,br,Portuguese,B1,3,7,1,49,49A,49,49A,1,Giving instructions to play a game,player,player,40827,12:46:27.680,85,83,38.75450311,"
	  Attention Children to instructions for Frisbee Bowling ! Make the bowling alley. Ten plastic bottles can be used as the bowling pins. Line the bottles in rows of 4, then 3, then 2, then 1. Two shots on each turn. Total of ten turns each. One point is scored for each pin that is knocked down. All the bottles are knocked down. The player takes two more shots and all the points are added together. The winner is the player with the most points.
	","Attention Children to instructions for Frisbee howling ! Make the bowling alley. Ten plastic bottles can be used as the bowling pins. Line the bottles in rows of 4, then 3, then 2, then 1. Two shots on each turn. Total of ten turns each. One point is scored for each pin that is knocked down. All the bottles are knocked down. The player takes two more shots and all the points are added together. The winner is the player with the most points."
205308,147332,147332,fr,French,B1,3,7,1,49,49A,49,49A,1,Giving instructions to play a game,player,player,40827,15:58:36.120,87,109,93.5227882,"
	  Mark an area of about 8 meters x by 3 meters. Use plastic bottles as ""bowling pins"" (fill them with a little water to make them heavier). Line up the bottles in rows like ten-pin bowling. Give a frisbee to each player. Players are allowed to take two shots on each turn with a total of ten turns each. Score 1 point for each pin knocked down. If a player knocks down all the bottles, called a strike, he takes two more shots and the points are added. The player with the most points is the winner. You should not play this game on a very windy day.
	","Mark an area of about 8 meters x by 3 meters. Use plastic bottles as ""bowling pins"" (fill them with a little water to make them heavier). Line up the bottles in rows like ten-pin bowling. Give a frisbee to each player. layers are allowed to take two shots on each turn with a total of ten turns each. score 1 point for each pin knocked down. If a player knocks down all the bottles, called a strike, he takes two more shots and the points are added. The player with the most points is the winner. You should not play this game on a very windy day."
215017,106643,106643,fr,French,B1,3,7,1,49,49A,49,49A,1,Giving instructions to play a game,player,player,40827,16:29:56.420,95,97,64.4531886,"
	  The ""bowling alley""'s area is about 8 x 3 meters. The ""bowling pins"" are 10 plastic bottles. Fill them with water to make them heavier. Lined them up in rows of 4, then 3, then 2 and finally 1 (like bowling). Each player has a frisbee and has 2 shoots on each turn. Points : 1 for each bottle knocked down / Strike if all the bottles are knocked down. For each stikes, the players can are two additionnal shoots. The winner is the one who has the heigher score. Attention : do not play on very windy days!
	","The ""bowling alley""'s area is about 8 x 3 meters. The ""bowling pins"" are 10 plastic bottles. will them with water to make them heavier. lined them up in rows of 4, then 3, then 2 and finally 1 (like bowling). each player has a frisbee and has 2 shoots on each turn. joints : 1 for each bottle knocked down / Strike if all the bottles are knocked down. For each strikes, the players can are two additional shoots. The winner is the one who has the higher score. Attention : do not play on very windy days!"
214013,98011,98011,fr,French,B1,3,7,1,49,49A,49,49A,1,Giving instructions to play a game,player,player,40827,16:40:19.603,96,92,73.06447057,"
	  Mark an area of 8m x by 3m, called the ""bowling alley"". Use 10 plastic bottles as the ""bowling pins"" Line up the bottles in rows of 4, then 1 - just like ten-pin bowling. Give a frisbee to each player and allow them to take 2 shots on each turn. Give ten turns to each players. Score one point for each pin knocked down. Score a ""strike"" when all the bottle are knocked down. Two more shots and add together all the points. To win the game, have the most points.
	","Mark an area of 8m x by 3m, called the ""bowling alley"". Use 10 plastic bottles as the ""bowling pins"" Line up the bottles in rows of 4, then 1 - just like ten-pin bowling. Give a frisbee to each player and allow them to take 2 shots on each turn. Give ten turns to each players. score one point for each pin knocked down. score a ""strike"" when all the bottle are knocked down. Two more shots and add together all the points. To win the game, have the most points."
213600,90636,90636,fr,French,B1,3,7,1,49,49A,49,49A,1,Giving instructions to play a game,player,player,40827,16:45:59.807,87,87,48.09859793,"
	  Use ten plastic bottles. Fill them with a little water to make them heavier. Line ip the bottles in rows of 4, then 3, then 2,  then 1. You will have a frisbee and you are allowed to take two shots on each turn. You have a total of ten turn each. Knock down a pin to score a point, then you are allowed to play again two more shots and all the points are added together. You win the game if you get the most points.
	","Use ten plastic bottles. will them with a little water to make them heavier. Line in the bottles in rows of 4, then 3, then 2, then 1. You will have a frisbee and you are allowed to take two shots on each turn. You have a total of ten turn each. knock down a pin to score a point, then you are allowed to play again two more shots and all the points are added together. You win the game if you get the most points."
214084,125430,125430,fr,French,B1,3,7,1,49,49A,49,49A,1,Giving instructions to play a game,player,player,40827,16:53:13.740,88,73,63.73604061,"
	  TO PLAY BOWLING YOU NEED TEN PLASTIC BOTTLES FILLED WITH WATER TO MAKE THEM HEAVIER AN AREA OF 8 METERS. The bottles have to belined up in rows of 4, then 3, then 2 and then 1. Each player receive a frisbee and have two shots to knock down the bottles. Each player has 10 turns and score 1 point for each bottle knocked down. The winner is the player with most points
	","TO PLA BOWLING YOU NED TEN PLASTIC BOTTLES FIELD WITH WAR TO MAE THE HEAVIER AN ARE OF 8 MERS. The bottles have to relined up in rows of 4, then 3, then 2 and then 1. each player receive a frisbee and have two shots to knock down the bottles. each player has 10 turns and score 1 point for each bottle knocked down. The winner is the player with most points"
212756,46822,46822,fr,French,B1,3,7,1,49,49A,49,49A,1,Giving instructions to play a game,player,player,40828,02:28:56.240,78,48,47.25,"
	  The game name is frisbee bowling. Put 10 bottles plastic in the background. Line the bottle like this 4,3,2,1. Take the frisbee. Try to hit the bottles. If every bottle fall, you win doubled point. ( strike) The winner is the player with the most point.
	","The game name is frisbee bowling. but 10 bottles plastic in the background. Line the bottle like this 4,3,2,1. Take the frisbee. cry to hit the bottles. If every bottle fall, you win doubled point. ( strike) The winner is the player with the most point."
128647,125142,125142,ru,Russian,B1,3,7,1,49,49A,49,49A,1,Giving instructions to play a game,player,player,40828,07:01:56.587,80,70,63.44569288,"
	  An area of about 8 meters x 3 meters is marked. Ten plastic bottles can be filled with a little water to make them heavier. The bottles are lined up in one row. Each player is given a frisbee and is allowed to take one shot on each turn. Players are given a total of ten turns each. The winner is the player with the most bottles is knocked down.
	",An area of about 8 meters x 3 meters is marked. Ten plastic bottles can be filled with a little water to make them heavier. The bottles are lined up in one row. each player is given a frisbee and is allowed to take one shot on each turn. layers are given a total of ten turns each. The winner is the player with the most bottles is knocked down.
210411,119913,119913,fr,French,B1,3,7,1,49,49A,49,49A,1,Giving instructions to play a game,player,player,40828,07:34:42.810,95,127,60.63447653,"
	  The game that you are going to play is called ""Frisbee Bowling"" You will play in a area of about 8 meters by 3 meters. You will use ten plastic bottles that you're going to fill with a little water and line them up like ten pin bowling. Each player is given a frisbee and is allowed to take two shots on each turn. Players are given a total of ten turns each. The aim is to have the most of points. One point is scored for each pin that is knocked down. It is possible to make a ""strike"" that means that all the bottles are knocked down. If it happens, the player takes two more shots and all the points are added together. Good luck!
	","The game that you are going to play is called ""Frisbee howling"" You will play in a area of about 8 meters by 3 meters. You will use ten plastic bottles that you're going to fill with a little water and line them up like ten pin bowling. each player is given a frisbee and is allowed to take two shots on each turn. layers are given a total of ten turns each. The aim is to have the most of points. One point is scored for each pin that is knocked down. It is possible to make a ""strike"" that means that all the bottles are knocked down. If it happens, the player takes two more shots and all the points are added together. Good luck!"
185658,117281,117281,ru,Russian,B1,3,7,1,49,49A,49,49A,1,Giving instructions to play a game,player,player,40828,07:36:11.387,88,94,75.38204225,"
	  Mark a place  about 24 steps at long and 9 steps in width Take  plastic bottles and fill them  little water. Stand up the bottles in rows of 4, then 3, then 2,  then 1  pins Give a frisbee and  take two shots on each turn; you don't allow  do more  two shots. Get one score, If one pin is  down. You are allowed  do two more shots, If all pins are down. Sum all scores for these shots. Main task -  get more points.  Careful, don't play while there is wind in the outside.
	","Mark a place about 24 steps at long and 9 steps in width Take plastic bottles and fill them little water. stand up the bottles in rows of 4, then 3, then 2, then 1 pins Give a frisbee and take two shots on each turn; you don't allow do more two shots. Get one score, If one pin is down. You are allowed do two more shots, If all pins are down. Sum all scores for these shots. Main task - get more points. careful, don't play while there is wind in the outside."
212429,83607,83607,de,German,B1,3,7,1,49,49A,49,49A,1,Giving instructions to play a game,player,player,40828,08:46:31.310,83,98,43.78279387,"
	  The game called Ballon Volleyball. Make teams of four or more and put in volleyball formation. Placed a blanket over the net, so the teams cannot see to each other. The referee throw the ballon into the play. Hit the ballon as many times as you and your team members want, but it's important that the ballon doesn't touch the ground. Hit it over the net, so the other team have to try to stop it  touching the ground. If the ballon hit out of the court or touch the ground, so the other team score a point.
	","The game called Ballot volleyball. Make teams of four or more and put in volleyball formation. placed a blanket over the net, so the teams cannot see to each other. The referee throw the ballon into the play. it the ballon as many times as you and your team members want, but it's important that the ballon doesn't touch the ground. it it over the net, so the other team have to try to stop it touching the ground. If the ballon hit out of the court or touch the ground, so the other team score a point."
162711,148821,148821,br,Portuguese,B1,3,7,1,49,49A,49,49A,1,Giving instructions to play a game,player,player,40828,10:14:34.810,96,91,60.61524334,"
	  Frisbee Bowling You can play in the Bowling Alley Use plastic bottles as bowling pins They are lined up in rows of then 3, 2 and 1, like ten-pin bowling. Each of you receive a Frisbee, may take two slots on each turn and may play ten turns. When you knock down one pin you score one point. If you knock down all bottles you score a strike , have two more shots and add these points. The winner is who scores the most points. Dont play on a wind day.
	","Frisbee howling You can play in the howling Alley Use plastic bottles as bowling pins They are lined up in rows of then 3, 2 and 1, like ten-pin bowling. each of you receive a Frisbee, may take two slots on each turn and may play ten turns. When you knock down one pin you score one point. If you knock down all bottles you score a strike , have two more shots and add these points. The winner is who scores the most points. Don play on a wind day."
89668,75432,75432,br,Portuguese,B1,3,7,1,49,49A,49,49A,1,Giving instructions to play a game,player,player,40828,10:36:15.130,88,67,74.088,"
	  Choose an area about 8 meters x by 3 meters. Take ten plastic bottles, they should be filled with a little water. Line up the bottles in row of 4,3,2,1. Each player given a frisbee and is allowed to take two shots on each turn.You give a point when each pin is knocked down. The winner is the player with the most point.
	","Choose an area about 8 meters x by 3 meters. Take ten plastic bottles, they should be filled with a little water. Line up the bottles in row of 4,3,2,1. each player given a frisbee and is allowed to take two shots on each turn.You give a point when each pin is knocked down. The winner is the player with the most point."
204733,139776,139776,it,Italian,B1,3,7,1,49,49A,49,49A,1,Giving instructions to play a game,player,player,40828,10:36:54.893,83,87,96.33272727,"
	  Play the game in a 8 x 3 metres area about. Take ten plastic bottles filled with little water. Line up the bowling pins in a rows, like a triangle. Every player throws two fresbee shots on each turn. There are max ten turns each one. One point is scored every pin knocked down. When the player makes strike knocking down all the pins, he takes two more shots and all his poits are added together. The aim of game is to realize more points as possible.
	","lay the game in a 8 x 3 metres area about. Take ten plastic bottles filled with little water. Line up the bowling pins in a rows, like a triangle. Every player throws two frisbee shots on each turn. There are max ten turns each one. One point is scored every pin knocked down. When the player makes strike knocking down all the pins, he takes two more shots and all his points are added together. The aim of game is to realize more points as possible."
194104,71139,71139,ru,Russian,B1,3,7,1,49,49A,49,49A,1,Giving instructions to play a game,player,player,40828,10:42:12.283,87,105,65.08784274,"
	  You have an ""bowling alley"" and ten plastic bottles named ""bowling pins"". You have to fill they with a little water, because they don't have to be light. The bottles line up in rows of 4, then 3, then 1 - just like ten-pin bowling. Each player gets a frisbee and takes two shots on each turn. Players have a total of ten turns each. You will get one score if knock down one pin. If you have a strike, you take two more shots and all the points add together. The winner is the player with the most points. Don't play in windy day.
	","You have an ""bowling alley"" and ten plastic bottles named ""bowling pins"". You have to fill they with a little water, because they don't have to be light. The bottles line up in rows of 4, then 3, then 1 - just like ten-pin bowling. each player gets a frisbee and takes two shots on each turn. layers have a total of ten turns each. You will get one score if knock down one pin. If you have a strike, you take two more shots and all the points add together. The winner is the player with the most points. Don't play in windy day."
124320,35033,35033,cn,Mandarin,B1,3,7,1,49,49A,49,49A,1,Giving instructions to play a game,player,player,40828,10:54:42.857,88,83,99.09052632,"
	  Play area is 8 meters X 3 meters. Ten Plastic bottles be used as ""bowling pins"". It need some water in the bottles to make them heavier. The bottles are lined up just like ten-pin bowling. Each player have ten turns chance and can take two shots on each turn. You can get 1 point when each pin is knocked down. If a ""strike"" is scored, you can takes another two more shots. The winner is the player with the most points.
	","lay area is 8 meters X 3 meters. Ten elastic bottles be used as ""bowling pins"". It need some water in the bottles to make them heavier. The bottles are lined up just like ten-pin bowling. each player have ten turns chance and can take two shots on each turn. You can get 1 point when each pin is knocked down. If a ""strike"" is scored, you can takes another two more shots. The winner is the player with the most points."
210514,57262,57262,fr,French,B1,3,7,1,49,49A,49,49A,1,Giving instructions to play a game,player,player,40828,11:12:33.100,87,86,76.9632107,"
	  It takes : a "" bowling alley"" , 10 bottles filled with a little water and are placed forming a triangle like Bowling. Each player throws a frisbee 2 times per turn in order to try to knock down the most bottles. The game takes place in 10 turns . Each bottle whose fall gives 1 point. When in 1 throw, the plauer falls all the bottles ( strike ) he takes two more shots . The winner is the player with the most points . It is impossible to play in windy day !
	","It takes : a "" bowling alley"" , 10 bottles filled with a little water and are placed forming a triangle like howling. each player throws a frisbee 2 times per turn in order to try to knock down the most bottles. The game takes place in 10 turns . each bottle whose fall gives 1 point. When in 1 throw, the player falls all the bottles ( strike ) he takes two more shots . The winner is the player with the most points . It is impossible to play in windy day !"
184158,103298,103298,it,Italian,B1,3,7,1,49,49A,49,49A,1,Giving instructions to play a game,player,player,40828,12:15:44.213,80,126,111.07109,"
	  Bolf. You must divide in two teams. Each team has two ping pong balls and two ball do others games (basket, volley, etc.). A large bin is based to five meters from the teams. The aim is to throw one of each type of ball into the bin. Frisbee Bowling. We must use ten plastic bottles, lined up in rows of four, three, two and one. One point is scored for any pin that is knocked down. Who scores more points, wins. Ballon Volleyball. It's like volley. The ballon is hit over the net. If a team  hits the ballon out the court or it touches the ground, a point is scored by other team. in this game, we can use up to six ballons togeter. 
	","wolf. You must divide in two teams. each team has two ping pong balls and two ball do others games (basket, volley, etc.). A large bin is based to five meters from the teams. The aim is to throw one of each type of ball into the bin. Frisbee howling. We must use ten plastic bottles, lined up in rows of four, three, two and one. One point is scored for any pin that is knocked down. Who scores more points, wins. Ballot volleyball. It's like volley. The ballon is hit over the net. If a team hits the ballon out the court or it touches the ground, a point is scored by other team. in this game, we can use up to six ballons together."
206410,81314,81314,ru,Russian,B1,3,7,1,49,49A,49,49A,1,Giving instructions to play a game,player,player,40828,14:00:23.330,90,102,57.82865169,"
	  Find a good place for ""bowling alley"". It shoud be  area of about 8 meters by 3 meters. Line ten plastic bottles with some water in it in rows of 4, then 3, then 2, then 1. Each player take a frisbee and try to knock down the bottles, two shots on each turn, totaly ten turns  each player.  Score one point for each pin that  knocked down. If all the bottels are knocked down, the player takes two more shots and  points are added. The winner is the player with the most points. Do not play when the weather is windy!
	","mind a good place for ""bowling alley"". It should be area of about 8 meters by 3 meters. Line ten plastic bottles with some water in it in rows of 4, then 3, then 2, then 1. each player take a frisbee and try to knock down the bottles, two shots on each turn, total ten turns each player. score one point for each pin that knocked down. If all the bottles are knocked down, the player takes two more shots and points are added. The winner is the player with the most points. Do not play when the weather is windy!"
206518,112431,112431,it,Italian,B1,3,7,1,49,49A,49,49A,1,Giving instructions to play a game,player,player,40828,16:16:24.530,94,78,89.65894737,"
	  Marked an area of about 8 meters x 3 meters. Filled ten plastic bottles as bowling pins. Lined the bottles in rows of 4, then 3, then 2, then 1. Throw a frisbee. Knock down pins. One point is scored for each pin that is knocked down. Take two shots on each turn per un total of ten turns each. The winner is the player with the most points. Don't play to this game on a windy day.
	","marked an area of about 8 meters x 3 meters. killed ten plastic bottles as bowling pins. lined the bottles in rows of 4, then 3, then 2, then 1. throw a frisbee. knock down pins. One point is scored for each pin that is knocked down. Take two shots on each turn per un total of ten turns each. The winner is the player with the most points. Don't play to this game on a windy day."
214462,142636,142636,fr,French,B1,3,7,1,49,49A,49,49A,1,Giving instructions to play a game,player,player,40828,17:07:58.590,95,106,60.74504405,"
	  Mark 'the bowling alley', an area of about 8 meters x by 3 meters. Use ten plastic bottles as the 'bowling pins'. Fill them with little water to make heavier Line up the bottles in rows of 4, then 3, then 2, then 1 just like ten-pin bowling. Give a frisbee to each player, they take two shots on each turn. Knock-down each pin to score one point. Knock-down all the bottles to score a strike: take two more shots and add all the points together. Win the game : player with the most points. Don't play the game on a very windy day!
	","Mark 'the bowling alley', an area of about 8 meters x by 3 meters. Use ten plastic bottles as the 'bowling pins'. will them with little water to make heavier Line up the bottles in rows of 4, then 3, then 2, then 1 just like ten-pin bowling. Give a frisbee to each player, they take two shots on each turn. knock-down each pin to score one point. knock-down all the bottles to score a strike: take two more shots and add all the points together. Win the game : player with the most points. Don't play the game on a very windy day!"
214175,112423,112423,fr,French,B1,3,7,1,49,49A,49,49A,1,Giving instructions to play a game,player,player,40828,17:25:20.410,75,80,85.176,"
	  Fresbee bowling You must have an area of about 8 meters by 3. You could use ten bottles. With the bottles could you lined up in rows of 4, then 2, then 1, just like tem-pin bowling. If you touched them is as a knockdown. Each player has a fresbee and is allowed to take two shots on each turn.For make a point the player must knocked down a bottle. The winner as the most points. That's easy.
	","Frisbee bowling You must have an area of about 8 meters by 3. You could use ten bottles. With the bottles could you lined up in rows of 4, then 2, then 1, just like tem-pin bowling. If you touched them is as a knockdown. each player has a frisbee and is allowed to take two shots on each turn.For make a point the player must knocked down a bottle. The winner as the most points. That's easy."
121370,83176,83176,mx,Spanish,B1,3,7,1,49,49A,49,49A,1,Giving instructions to play a game,player,player,40828,17:25:32.737,85,90,53.08973019,"
	  Instruction for Frisbee Browlin You will need a frisbee and ten plastics bottles like pin bowling that need to be filled with water to make them heavier. Lined up the 10 bottles in rows of 4, 3, 2 and finally 1. Count 8 meters between you and the bottles. You will have 2 oportunities to knock down it in total ten oportunities. If you knock down with one shot all the bottles you will have the oportunity to try again. The winner is the team who knock down more bottles.
	","instruction for Frisbee Brown You will need a frisbee and ten plastics bottles like pin bowling that need to be filled with water to make them heavier. lined up the 10 bottles in rows of 4, 3, 2 and finally 1. Count 8 meters between you and the bottles. You will have 2 opportunities to knock down it in total ten opportunities. If you knock down with one shot all the bottles you will have the opportunity to try again. The winner is the team who knock down more bottles."
214353,26898,26898,fr,French,B1,3,7,1,49,49A,49,49A,1,Giving instructions to play a game,player,player,40828,17:33:25.360,90,99,65.43544423,"
	  In an area of 8x3meters, is marked as the 'bowling alley', put 10 plastic bottles to used as 'bowling pins. You can put a little water inside. The bottles are lined up in rows of 4, then 3, 2, 1. Give frisbee to one player. He try, in two shots, to knocked down all bottles. One point is scored for each pin that is knocked down. if a 'strike' (all bottle knocked down), the player have tow more shots and all points are added together. the winner is the player with the most point. No play in windy day.
	","In an area of 8x3meters, is marked as the 'bowling alley', put 10 plastic bottles to used as 'bowling pins. You can put a little water inside. The bottles are lined up in rows of 4, then 3, 2, 1. Give frisbee to one player. He try, in two shots, to knocked down all bottles. One point is scored for each pin that is knocked down. if a 'strike' (all bottle knocked down), the player have tow more shots and all points are added together. the winner is the player with the most point. No play in windy day."
214048,27454,27454,br,Portuguese,B1,3,7,1,49,49A,49,49A,1,Giving instructions to play a game,player,player,40828,20:59:19.967,99,100,60.55299995,"
	  Fresbee Bowling Preparing: you can use a area of 8 meters by 3 meters. Ten plastic bottles with a little water, can be used as pins. Everyone is going to receive a frisbee. The Rules: Each one has two shots to try to knock down the pins. For each pin that is knocked down, the player gains 1 point. If in one round, you knock down all the pins, you'll make a ""Strike"". Then, the player still has two shots and all the points are scored together. Finally, the game is won by the player who has the most points.
	","Frisbee howling preparing: you can use a area of 8 meters by 3 meters. Ten plastic bottles with a little water, can be used as pins. Everyone is going to receive a frisbee. The Rules: each one has two shots to try to knock down the pins. For each pin that is knocked down, the player gains 1 point. If in one round, you knock down all the pins, you'll make a ""Strike"". Then, the player still has two shots and all the points are scored together. finally, the game is won by the player who has the most points."
181053,27914,27914,tw,Mandarin,B1,3,7,1,49,49A,49,49A,1,Giving instructions to play a game,player,player,40828,23:15:23.540,88,96,75.27272727,"
	  First, marked a 'bowling alley' about 8 meters x by 3 meters. Then,used ten plastic bottle as the 'bowling pins'-they should be filled with a little water to make them heavier. Second the bottles are lined up in rows of 4, then 3 , then 2, then 1.Third the plays is given a frisbee and is allowed to take two shots on each turn. Player are given a total of ten turns each.If all the bottles are knocked down, then the player take two more shots and all the points are added together.
	","First, marked a 'bowling alley' about 8 meters x by 3 meters. Then,used ten plastic bottle as the 'bowling pins'-they should be filled with a little water to make them heavier. Second the bottles are lined up in rows of 4, then 3 , then 2, then 1.Third the plays is given a frisbee and is allowed to take two shots on each turn. Player are given a total of ten turns each.If all the bottles are knocked down, then the player take two more shots and all the points are added together."
154760,69377,69377,br,Portuguese,B1,3,7,1,49,49A,49,49A,1,Giving instructions to play a game,player,player,40828,23:41:10.937,93,96,54.08955224,"
	  An area about eight per three meters is marked as the bowling alley. For this game we use ten plastic bottles as the bowling pin - They should be filled with a little of water to make them heavier. The bottles are lined like the bowling pins. Each player recieve a frisbee and is allowed to throw twice on each run. Players are given a total ten turns each. One point is scored for each pin knocked down. If a strike is scored the player take two more shots. The winner is the player with more points
	",An area about eight per three meters is marked as the bowling alley. For this game we use ten plastic bottles as the bowling pin - They should be filled with a little of water to make them heavier. The bottles are lined like the bowling pins. each player receive a frisbee and is allowed to throw twice on each run. layers are given a total ten turns each. One point is scored for each pin knocked down. If a strike is scored the player take two more shots. The winner is the player with more points
97954,62369,62369,tw,Mandarin,B1,3,7,1,49,49A,49,49A,1,Giving instructions to play a game,player,player,40829,03:47:35.490,95,138,68.06914282,"
	  1) An area of about 8m x 3m is marked as the "" bowling alley"". 2) Ten plastic bottles should be filled with a little water to make them heavier as the ""bowling pins"". 3) The bottles are lined up in rows of 4, then 3, then 2, then 1 - just like ten-pin bowling. 4) Each player is given a frisbee and is allowed to take two shots on each turn. 5) Players are given a total of ten turns each. 6) One point is scored for each pin that is knocked down. 7) If all the bottles are knocked down, then the player takes two more shots and all the points are added together. 8) The winner is the player with the most points, Be caref, this game should not be played on a very windy day!
	","1) An area of about 8m x 3m is marked as the "" bowling alley"". 2) Ten plastic bottles should be filled with a little water to make them heavier as the ""bowling pins"". 3) The bottles are lined up in rows of 4, then 3, then 2, then 1 - just like ten-pin bowling. 4) each player is given a frisbee and is allowed to take two shots on each turn. 5) layers are given a total of ten turns each. 6) One point is scored for each pin that is knocked down. 7) If all the bottles are knocked down, then the player takes two more shots and all the points are added together. 8) The winner is the player with the most points, Be care, this game should not be played on a very windy day!"
205503,67200,67200,ru,Russian,B1,3,7,1,49,49A,49,49A,1,Giving instructions to play a game,player,player,40829,08:17:16.527,94,104,73.04487917,"
	  In this game ten plastic bottles can be used. They are filled with a water to make them heavier, and then are lined up in four rows: 1 bottle in first row, 2 bottles - in second, 3 bottles in third and finally - 4 bottles in last row. You should knock down bottles by frisbee to get the majority of points. One point for each bottle that is knocked down. You are allowed to make two shots on each turn. If all bottles are knocked down - it called ""strike"" and you are allowed to make two more shots. In this case all points are summed.
	","In this game ten plastic bottles can be used. They are filled with a water to make them heavier, and then are lined up in four rows: 1 bottle in first row, 2 bottles - in second, 3 bottles in third and finally - 4 bottles in last row. You should knock down bottles by frisbee to get the majority of points. One point for each bottle that is knocked down. You are allowed to make two shots on each turn. If all bottles are knocked down - it called ""strike"" and you are allowed to make two more shots. In this case all points are summed."
205421,95514,95514,it,Italian,B1,3,7,1,49,49A,49,49A,1,Giving instructions to play a game,player,player,40829,08:41:51.910,88,90,49.01950719,"
	  The bowling alley marks an area of about 8 meters x by 3 meters For the bowling pins, use ten plastics bottles. Give a frisbee for everyone and take two shots on each turn. The total of turns for each player is ten. When a pin is knocked down, one point is scored. The player can take two more shots and all the points are added together when all the bottles are knocked down (strike). The player with the most points win . Don't play it on a very windy day!
	","The bowling alley marks an area of about 8 meters x by 3 meters For the bowling pins, use ten plastics bottles. Give a frisbee for everyone and take two shots on each turn. The total of turns for each player is ten. When a pin is knocked down, one point is scored. The player can take two more shots and all the points are added together when all the bottles are knocked down (strike). The player with the most points win . Don't play it on a very windy day!"
208960,60489,60489,fr,French,B1,3,7,1,49,49A,49,49A,1,Giving instructions to play a game,player,player,40829,08:52:17.937,88,75,49.43338861,"
	  The ""bowling alley"" is about 8 meters by 3 meters. Ten plastic bottled can be used. Line up the bottles in row of 4, then 3, then 2, then 1. Take a freesbee and take two shots on each turn. You have ten turns each. You have one point for each pin that is knocked down. If you do a strike you have two more shots. The winner is the player with the most points.
	","The ""bowling alley"" is about 8 meters by 3 meters. Ten plastic bottled can be used. Line up the bottles in row of 4, then 3, then 2, then 1. Take a freebee and take two shots on each turn. You have ten turns each. You have one point for each pin that is knocked down. If you do a strike you have two more shots. The winner is the player with the most points."
64824,107821,107821,cn,Mandarin,B1,3,7,1,49,49A,49,49A,1,Giving instructions to play a game,player,player,40829,09:20:55.727,83,84,94.136,"
	  you can use ten plastic bottles as the ""bowling pins"", you shall fill the bottles with a little water to make them heavier. line up the bottles in rows of 4 then 3 ,then 1-just like ten-pin bowling give each player a frishbee and allow then to take two shots on each turn. give players a total of ten turns each, score one point for each pin this is knocked down you should not play this game on a very windy day
	","you can use ten plastic bottles as the ""bowling pins"", you shall fill the bottles with a little water to make them heavier. line up the bottles in rows of 4 then 3 ,then 1-just like ten-pin bowling give each player a frisbee and allow then to take two shots on each turn. give players a total of ten turns each, score one point for each pin this is knocked down you should not play this game on a very windy day"
208750,85614,85614,fr,French,B1,3,7,1,49,49A,49,49A,1,Giving instructions to play a game,player,player,40829,10:00:52.233,88,89,92.41166667,"
	  Frisbee Bowling Playing area is 8 metersx by 3 meters. Use plastic bottle as the ""bowling pins"". Fill them with few water to made them heavier. Line up bottles in 4 rows. First row of 4 bottles, Second 3 bottles, then two bottles and final row one bottle. Each player had a frisbee and can shots twice each turn. Totally they play 10 turns. One point for one pin knocked down. If strike is scored, player win 2 more turns. The winner is the player with the most point.
	","Frisbee howling playing area is 8 meters by 3 meters. Use plastic bottle as the ""bowling pins"". will them with few water to made them heavier. Line up bottles in 4 rows. First row of 4 bottles, Second 3 bottles, then two bottles and final row one bottle. each player had a frisbee and can shots twice each turn. totally they play 10 turns. One point for one pin knocked down. If strike is scored, player win 2 more turns. The winner is the player with the most point."
218156,70233,70233,it,Italian,B1,3,7,1,49,49A,49,49A,1,Giving instructions to play a game,player,player,40829,10:34:46.830,75,82,67.21634615,"
	  Take ten plastic bottles filled with a little of water and line them up in a rows of 4, then 3, then 2, then 1, just like bowling. Each player has a frisbee and he can take 2 shoots on each turn and a total of ten turns. Every pin you knock down you score one point. If you knock down all of them, that is called 'strike', you have 2 more shots. The winner is the player with the most points.
	","Take ten plastic bottles filled with a little of water and line them up in a rows of 4, then 3, then 2, then 1, just like bowling. each player has a frisbee and he can take 2 shoots on each turn and a total of ten turns. Every pin you knock down you score one point. If you knock down all of them, that is called 'strike', you have 2 more shots. The winner is the player with the most points."
201420,107309,107309,it,Italian,B1,3,7,1,49,49A,49,49A,1,Giving instructions to play a game,player,player,40829,11:19:47.437,94,84,77.04635762,"
	  Marke as the 'bowling alley' an area of about 8 meters x by 3 meters. Use ten plastic bottles, with a little water, as the 'bowling pins'. Line up the bottles in rows of 4, then 3, then 2, then 1. Give a frisbee each player and allow to take two shots on each turn. Score one point for each pin that is knoched down. Score a 'strike' if all the bottles are knoched down. The winner is the player with the most points.
	","Marie as the 'bowling alley' an area of about 8 meters x by 3 meters. Use ten plastic bottles, with a little water, as the 'bowling pins'. Line up the bottles in rows of 4, then 3, then 2, then 1. Give a frisbee each player and allow to take two shots on each turn. score one point for each pin that is knocked down. score a 'strike' if all the bottles are knocked down. The winner is the player with the most points."
215220,2407,2407,fr,French,B1,3,7,1,49,49A,49,49A,1,Giving instructions to play a game,player,player,40829,11:22:00.547,84,89,92.41166667,"
	  You should mark the area with bowling alley. Use ten plastic bottles as the bowling pins. Fill water them to make them heavier. Line up the bottle in rows of 4 then 3, then 2 and 1( like ten pin bowling) Each players has ten turn of frisbee to shots in the bottles Each bottle knocked down score on point. If you knock all bottles, it is a strike. The player who has most points is the winner. But be carrefully not to play on a very windy day.
	","You should mark the area with bowling alley. Use ten plastic bottles as the bowling pins. will water them to make them heavier. Line up the bottle in rows of 4 then 3, then 2 and 1( like ten pin bowling) each players has ten turn of frisbee to shots in the bottles each bottle knocked down score on point. If you knock all bottles, it is a strike. The player who has most points is the winner. But be carefully not to play on a very windy day."
213119,107171,107171,fr,French,B1,3,7,1,49,49A,49,49A,1,Giving instructions to play a game,player,player,40829,12:05:19.623,87,93,117.8133333,"
	  An area of about 8m x by 3m is marked as the bowling alley. Use ten plastic bottles. Line up them in rows fi 4, then 3, then 2 then 1. Give a frisbee and allow to take two shots on each turn. You make point when each pin that is knocked down. If all the bottles are knocked down you takes two more shots and all the points are added together.  The player who have the most points win. Be careful, this game should not be played on a very windy day !
	","An area of about 8m x by 3m is marked as the bowling alley. Use ten plastic bottles. Line up them in rows fi 4, then 3, then 2 then 1. Give a frisbee and allow to take two shots on each turn. You make point when each pin that is knocked down. If all the bottles are knocked down you takes two more shots and all the points are added together. The player who have the most points win. Be careful, this game should not be played on a very windy day !"
200887,53349,53349,de,German,B1,3,7,1,49,49A,49,49A,1,Giving instructions to play a game,player,player,40829,12:18:31.413,96,102,72.19550137,"
	  Mark an area about 8m x 3m as ""bowling alley"". Fill ten plastic bottles with water, that are your ""bowling pins"". Line up the bottles in row of 4, 3, 2 and 1. Every player gets a frisbee and take two shots on each turn, all in all each player have ten turns. You get one point for every pin which is knocked down. If all of them are knocked down that is called ""strike"", the player gets two more shots and all the points are added together. The player with the most points, ist the winner! Dont play on windy days! 
	","Mark an area about 8m x 3m as ""bowling alley"". will ten plastic bottles with water, that are your ""bowling pins"". Line up the bottles in row of 4, 3, 2 and 1. Every player gets a frisbee and take two shots on each turn, all in all each player have ten turns. You get one point for every pin which is knocked down. If all of them are knocked down that is called ""strike"", the player gets two more shots and all the points are added together. The player with the most points, ist the winner! Don play on windy days!"
122685,28617,28617,jp,Japanese,B1,3,7,1,49,49A,49,49A,1,Giving instructions to play a game,player,player,40829,12:40:29.077,87,97,60.45581797,"
	  This game is close to bowling. Replace a bowl with a frisbee.  Mark an area of about 8 meters by 3 meters as 'bowling alley'. Use ten plastic bottles which filled with a little water as the 'bowling pins'. Line up them in rows of 4,3,2 then 1. Take two shots with frisbee on each turn. If you knock them down, you can get one point for each pin. If you can knock down all the bottles, take two more shots and add all the point together. the player with most points is the winner. 
	","This game is close to bowling. replace a bowl with a frisbee. Mark an area of about 8 meters by 3 meters as 'bowling alley'. Use ten plastic bottles which filled with a little water as the 'bowling pins'. Line up them in rows of 4,3,2 then 1. Take two shots with frisbee on each turn. If you knock them down, you can get one point for each pin. If you can knock down all the bottles, take two more shots and add all the point together. the player with most points is the winner."
172757,12121,12121,mx,Spanish,B1,3,7,1,49,49A,49,49A,1,Giving instructions to play a game,player,player,40829,13:25:40.373,84,126,47.92151163,"
	  First mark an area of 8 meters by 3 meters to make a bowling alley. Use a ten plastic bottles like bowling pins, fill them with a little water to make them heavier. Line up the bottles in rows of 4, then 3, then 2 and then 1 just like ten - pin bowling. Give to each player a frisbee, all players have two shots on each turn, they have a ten turns of total for each. The player make a point when a pin is knocked down. If the player knocked down all the bottles the player takes two more shots and all the points are added together. The player with more points is the winner. This game should not be played in a windy days.
	","First mark an area of 8 meters by 3 meters to make a bowling alley. Use a ten plastic bottles like bowling pins, fill them with a little water to make them heavier. Line up the bottles in rows of 4, then 3, then 2 and then 1 just like ten - pin bowling. Give to each player a frisbee, all players have two shots on each turn, they have a ten turns of total for each. The player make a point when a pin is knocked down. If the player knocked down all the bottles the player takes two more shots and all the points are added together. The player with more points is the winner. This game should not be played in a windy days."
213609,131823,131823,br,Portuguese,B1,3,7,1,49,49A,49,49A,1,Giving instructions to play a game,player,player,40829,13:45:33.053,89,125,55.75566591,"
	  Instruction for Frisbee Bowling.  Mark an area by 8 meters x 3 meters as the ""bowling alley"". You can use tem plastic boottles as the bowling pins. Fill them wity a litle water to make them heavier. Line up the bottles in rows of 4, then 3, then 2, then 1. Give a frisbee to each player. Is allowed to take two shots on each turn for each player. Give the total of ten turns to each player. Score one point for each pin that is knocked down. If any player score a strike (all bottles are knocked down at the same turn), the player can take two more shots and the points are added together. Win the game the playet with the most points.   
	","instruction for Frisbee howling. Mark an area by 8 meters x 3 meters as the ""bowling alley"". You can use tem plastic bottles as the bowling pins. will them with a little water to make them heavier. Line up the bottles in rows of 4, then 3, then 2, then 1. Give a frisbee to each player. Is allowed to take two shots on each turn for each player. Give the total of ten turns to each player. score one point for each pin that is knocked down. If any player score a strike (all bottles are knocked down at the same turn), the player can take two more shots and the points are added together. Win the game the played with the most points."
211834,114984,114984,fr,French,B1,3,7,1,49,49A,49,49A,1,Giving instructions to play a game,player,player,40829,15:25:32.577,80,92,84.38410596,"
	  Frisbee bowling: Mark an area about 8 meters x by 3 meters. We call it the ""bowling alley"". For the ""bowling pins"", keep 10 plastic bottles and fill them with a little mater. Line up the bottles in rows of 4, then 3, then 2, then 1. Give a frisbee to each player, total of 10 turns each, two shots on each turn. To score one point, knocked down a pin. Two more shots for a strike and add all the points together. The high score win. Be careful of the weather!
	","Frisbee bowling: Mark an area about 8 meters x by 3 meters. We call it the ""bowling alley"". For the ""bowling pins"", keep 10 plastic bottles and fill them with a little mater. Line up the bottles in rows of 4, then 3, then 2, then 1. Give a frisbee to each player, total of 10 turns each, two shots on each turn. To score one point, knocked down a pin. Two more shots for a strike and add all the points together. The high score win. Be careful of the weather!"
217263,16238,16238,fr,French,B1,3,7,1,49,49A,49,49A,1,Giving instructions to play a game,player,player,40829,16:37:33.720,90,66,64,"
	  For this game called "" the prisoner"" you need two teams of eight players or more and a ball.First the players are placed here and there of a line.Then, you have to touch one of your rivals with the ball. If you are successful, the player hitted become a prisoner and can't play anymore.The aim of the game is to eliminate all your opponents.
	","For this game called "" the prisoner"" you need two teams of eight players or more and a ball.First the players are placed here and there of a line.Then, you have to touch one of your rivals with the ball. If you are successful, the player fitted become a prisoner and can't play anymore.The aim of the game is to eliminate all your opponents."
214419,57917,57917,fr,French,B1,3,7,1,49,49A,49,49A,1,Giving instructions to play a game,player,player,40829,17:05:15.367,87,98,39.04065041,"
	  sorry, but the text is not in line with the exercice , the instructions of the balloon volley ball are always dispayed. The balloon volley ball instructions are : to define two teams of four or more players The teams can't see each other due to a blanket over the net. To hit the balloon as long as it doesn't touch the ground. to score a point if in the opposite side the ballon touches the ground or if the opposite team hits the balloon out of the court. It is possible to add balloons ( 6 max) during the game
	","sorry, but the text is not in line with the exercise , the instructions of the balloon volley ball are always displayed. The balloon volley ball instructions are : to define two teams of four or more players The teams can't see each other due to a blanket over the net. To hit the balloon as long as it doesn't touch the ground. to score a point if in the opposite side the ballon touches the ground or if the opposite team hits the balloon out of the court. It is possible to add balloons ( 6 max) during the game"
212502,92916,92916,fr,French,B1,3,7,1,49,49A,49,49A,1,Giving instructions to play a game,player,player,40829,17:52:58.287,90,72,31.12367142,"
	  ten plastic bottles are placed in rank: 1 on the first rank, 2 on the second one, 3 on the third one, etc. The goal is to knock down most of bottles with a frisbee. Every player can take two shots. If one bottle falls down, the player scores one point. If two botles are down, then, the player scores two points. The winner is the one who scored the most points
	","ten plastic bottles are placed in rank: 1 on the first rank, 2 on the second one, 3 on the third one, etc. The goal is to knock down most of bottles with a frisbee. Every player can take two shots. If one bottle falls down, the player scores one point. If two bottles are down, then, the player scores two points. The winner is the one who scored the most points"
198714,124531,124531,br,Portuguese,B1,3,7,1,49,49A,49,49A,1,Giving instructions to play a game,player,player,40829,20:09:06.040,90,142,31.48191852,"
	  Please listen to my instructions, and you will see how is easy to play the games. Today I will teach you how to play voleyball. First of all divide the group in 2 teams of 6 players each. The net is placed between both teams as a division, and all 6 players should stay inside the court each one in the correct posicion. The first team to play must hit the ball to the second team, over the net, and this team must touch the ball and give back to the first team. The ball can not touch the ground inside the court, otherwise the other team will score 1 point. You can not throw the ball outside the court because the other team will score 1 point. Lets organize the team, so we can start playing to better understand the rules.
	","Please listen to my instructions, and you will see how is easy to play the games. Today I will teach you how to play volleyball. First of all divide the group in 2 teams of 6 players each. The net is placed between both teams as a division, and all 6 players should stay inside the court each one in the correct position. The first team to play must hit the ball to the second team, over the net, and this team must touch the ball and give back to the first team. The ball can not touch the ground inside the court, otherwise the other team will score 1 point. You can not throw the ball outside the court because the other team will score 1 point. Let organize the team, so we can start playing to better understand the rules."
211351,64898,64898,cn,Mandarin,B1,3,7,1,49,49A,49,49A,1,Giving instructions to play a game,player,player,40829,22:52:05.350,86,86,65.59360731,"
	  Mark an area of about 8 x by 3 meters. Fill ten plastic bottles with a little water. Lined up the bottles in row of 4, then 3, 2, then 1. Give a frisbee to each player and take two shots on each turn.Give players a total of ten turns each. Score one point for each knocked down pin. The player takes two more shots and add all the points together if a 'strike' is scored. The winner is the player with the most points.
	","Mark an area of about 8 x by 3 meters. will ten plastic bottles with a little water. lined up the bottles in row of 4, then 3, 2, then 1. Give a frisbee to each player and take two shots on each turn.Give players a total of ten turns each. score one point for each knocked down pin. The player takes two more shots and add all the points together if a 'strike' is scored. The winner is the player with the most points."
217262,19289,19289,fr,French,B1,3,7,1,49,49A,49,49A,1,Giving instructions to play a game,player,player,40830,05:05:23.767,89,100,83.72222222,"
	  play on an area. mark it as the bowling alley. Use 10 plastic bottles as the bowling pins. fill them with water to make them heavier. line up in rows of, 4 then , 3, then 2, then 1. give a frisbee to each team. they take two shots on each turn and they have ten turns. score 1 point for each pin knock down if all the bins knock down , it's a strike.the player takes 2 more shoots. add all the points together. you win when you have the most points. you can't play on a very windy day!
	","play on an area. mark it as the bowling alley. Use 10 plastic bottles as the bowling pins. fill them with water to make them heavier. line up in rows of, 4 then , 3, then 2, then 1. give a frisbee to each team. they take two shots on each turn and they have ten turns. score 1 point for each pin knock down if all the bins knock down , it's a strike.the player takes 2 more shoots. add all the points together. you win when you have the most points. you can't play on a very windy day!"
216442,17189,17189,fr,French,B1,3,7,1,49,49A,49,49A,1,Giving instructions to play a game,player,player,40830,06:55:52.007,92,82,71.07352941,"
	  Mark the area (8 meters x 3 meters) Take ten plastic bottles and fill them with water to make them heavier. After that line them up as ten-pin bowling. Take a frisbee . There are ten turns and a each turn you can shot twice. You win one point for each pin that is knocked down. If all the botlles are knocked down you obtain two more shots and more points of course. The winner is the player with the most points.
	",Mark the area (8 meters x 3 meters) Take ten plastic bottles and fill them with water to make them heavier. After that line them up as ten-pin bowling. Take a frisbee . There are ten turns and a each turn you can shot twice. You win one point for each pin that is knocked down. If all the bottles are knocked down you obtain two more shots and more points of course. The winner is the player with the most points.
213493,164824,164824,fr,French,B1,3,7,1,49,49A,49,49A,1,Giving instructions to play a game,player,player,40830,07:56:23.700,92,78,94.64,"
	   We have to mark an area about 8 meters by 3 meters ; that will be the ""bowling alley"". Line up the bottles in rows of four, then three, then two, then one. Take a frisbee and when it is your turn, take two shots. You have a total of ten turns. One point for each pin knocked down. If you knock down all the pins, you play two more shots. The player who haves the most points wins. 
	","We have to mark an area about 8 meters by 3 meters ; that will be the ""bowling alley"". Line up the bottles in rows of four, then three, then two, then one. Take a frisbee and when it is your turn, take two shots. You have a total of ten turns. One point for each pin knocked down. If you knock down all the pins, you play two more shots. The player who haves the most points wins."
217460,86669,86669,ru,Russian,B1,3,7,1,49,49A,49,49A,1,Giving instructions to play a game,player,player,40830,09:32:51.980,85,91,55.06405473,"
	  Mark the area as the 'bowling alley'. You can use ten plastic bottles as 'bowling pins' - fill them with a little water to make them havier. Line up the bottles in rows of 4, then 3, then 2, then 1. Take a frisbee and take two shots on each turn. Players have ten turns each. You score one point fo each pin you knock down. If you score a 'strike' you take two more shots and these points adds to your previous. The winner is the players with the most points.
	","Mark the area as the 'bowling alley'. You can use ten plastic bottles as 'bowling pins' - fill them with a little water to make them havier. Line up the bottles in rows of 4, then 3, then 2, then 1. Take a frisbee and take two shots on each turn. layers have ten turns each. You score one point fo each pin you knock down. If you score a 'strike' you take two more shots and these points adds to your previous. The winner is the players with the most points."
182933,73546,73546,ru,Russian,B1,3,7,1,49,49A,49,49A,1,Giving instructions to play a game,player,player,40830,12:38:00.440,85,87,91.854,"
	  Instructions for Frisbee Bowling.You'll play on 'bowling alley'.Not so big area - 8 meters x 3 meters.You should fill ten plastic bottles with a little water to make them havier.Line up bottles in rows of 4, then 3, then 1. You should take frisbee and you have two shots on each turn.You have a total of ten turns each. One point is scored for each pin. If a 'strike' scored,player takes two more shots. You'll win if you'll have the most points.
	","instructions for Frisbee howling.You'll play on 'bowling alley'.Not so big area - 8 meters x 3 meters.You should fill ten plastic bottles with a little water to make them havier.Line up bottles in rows of 4, then 3, then 1. You should take frisbee and you have two shots on each turn.You have a total of ten turns each. One point is scored for each pin. If a 'strike' scored,player takes two more shots. You'll win if you'll have the most points."
213829,19726,19726,fr,French,B1,3,7,1,49,49A,49,49A,1,Giving instructions to play a game,player,player,40830,12:38:18.423,86,74,58.08174387,"
	  Today, we play the bowling. We need ten plastic bottles. Line-up the bottles in rows of 4, the 3, then 2, then 1. Give a frisbee, we can to take two shots on each turn. We have a total of ten turns each. For each bottle knocked down, we win one point. When all the botttles are knocked down it's a strike, we win two more shots and all the points are added.
	","Today, we play the bowling. We need ten plastic bottles. Line-up the bottles in rows of 4, the 3, then 2, then 1. Give a frisbee, we can to take two shots on each turn. We have a total of ten turns each. For each bottle knocked down, we win one point. When all the bottles are knocked down it's a strike, we win two more shots and all the points are added."
20244,112665,112665,br,Portuguese,B1,3,7,1,49,49A,49,49A,1,Giving instructions to play a game,player,player,40830,13:09:03.893,88,98,31.14660346,"
	  Instrues for Balloon Volleyball The balloon is thrown into play by the referee. The balloon can be hit by the teams as many times as they want, as long as it doesn't touch the ground. When the ballloon is hit over the net, the receiving team have to try to stop it touching the ground on their side. As soon as one side hits the balloon out of the court or touches the ground with the balloon, a point is scored by the other team. More balloons can be added as the game goes on (maximum of 6).
	","construes for balloon volleyball The balloon is thrown into play by the referee. The balloon can be hit by the teams as many times as they want, as long as it doesn't touch the ground. When the balloon is hit over the net, the receiving team have to try to stop it touching the ground on their side. As soon as one side hits the balloon out of the court or touches the ground with the balloon, a point is scored by the other team. More balloons can be added as the game goes on (maximum of 6)."
81032,111750,111750,br,Portuguese,B1,3,7,1,49,49A,49,49A,1,Giving instructions to play a game,player,player,40830,13:30:45.837,82,62,89.69333333,"
	  Instructions for Frisbee Bowling This game is Frisbee Bowling, make team of four or more ten plastic bottles can be used. The bottles are lined up in rows of 4, then 2, then, 1. Each players has a frisbee ans allowed take two shots on each turn. One point is scored for each pin that Knocked Down) Win who has more points.
	","instructions for Frisbee howling This game is Frisbee howling, make team of four or more ten plastic bottles can be used. The bottles are lined up in rows of 4, then 2, then, 1. each players has a frisbee ans allowed take two shots on each turn. One point is scored for each pin that knocked Down) Win who has more points."
202107,56392,56392,de,German,B1,3,7,1,49,49A,49,49A,1,Giving instructions to play a game,player,player,40830,13:31:57.243,98,87,43.13135593,"
	  Frisbee bowling This game could not be played on a windy day. You need a field of 8 by 3 metres and 10 plastic bottles. Fill them with a small amount of water. Line them up in in 4 rows. One row with 4, one with 3, one with 2 and one with 1 bottle. Then you can start to throw a frisbee to knock them down. Each player has 2 shots. Each fallen bottle is a point. Winner is the team with the most fallen bottles.
	","Frisbee bowling This game could not be played on a windy day. You need a field of 8 by 3 metres and 10 plastic bottles. will them with a small amount of water. Line them up in in 4 rows. One row with 4, one with 3, one with 2 and one with 1 bottle. Then you can start to throw a frisbee to knock them down. each player has 2 shots. each fallen bottle is a point. Winner is the team with the most fallen bottles."
168199,162981,162981,tw,Mandarin,B1,3,7,1,49,49A,49,49A,1,Giving instructions to play a game,player,player,40830,14:06:12.997,86,76,98.4375,"
	  Listen to me carefully about how to play this game. There are 10 plastic bottles placed together just like 10-pin bowling. Here is a long alley in front of those plastic bowlings. Each player has a frisbee and two shots on each turn. Every player has ten turns totally and score one point with Knocking one pin. If all bottles are knocked down then the player takes two more shots and scores 10 points more.
	",Listen to me carefully about how to play this game. There are 10 plastic bottles placed together just like 10-pin bowling. Here is a long alley in front of those plastic bowlings. each player has a frisbee and two shots on each turn. Every player has ten turns totally and score one point with knocking one pin. If all bottles are knocked down then the player takes two more shots and scores 10 points more.
204773,49261,49261,br,Portuguese,B1,3,7,1,49,49A,49,49A,1,Giving instructions to play a game,player,player,40830,14:38:32.500,88,94,54.43147548,"
	  Frisbee Bowling  Bowling alley it's the area of about 8 meters by 3 meters. Ten plastic bottles are  the bowling pins, filled with  water. Line up the pins like the ten-pin bowling. Give a frisbee to each player. It's two shots on each turn. Ten turns  to each player. Score a point  knocking down each pin. If it's a strike (knock down all the pins), take more two shots, and add  the points together. The player with the most points is the winner. This game should not  played on a very windy day.  
	","Frisbee howling howling alley it's the area of about 8 meters by 3 meters. Ten plastic bottles are the bowling pins, filled with water. Line up the pins like the ten-pin bowling. Give a frisbee to each player. It's two shots on each turn. Ten turns to each player. score a point knocking down each pin. If it's a strike (knock down all the pins), take more two shots, and add the points together. The player with the most points is the winner. This game should not played on a very windy day."
207104,134911,134911,ru,Russian,B1,3,7,1,49,49A,49,49A,1,Giving instructions to play a game,player,player,40830,15:03:59.037,85,89,61.58996973,"
	  Mark the ""bowling alley"" 8 meters x by 3 meters. Line up ten plastic bottles with a little water in rows of 4, then 3, then 2, then 1. The player takes a frisbee and has two shots on each turn. Each player has ten turnes. One point is scored for each knocked down bottle. Score a ""strike"" (all the bottles are knocked down) and get too more shots, add all the points together. The winner is the player with the most points. Don't play in a windy day!
	","Mark the ""bowling alley"" 8 meters x by 3 meters. Line up ten plastic bottles with a little water in rows of 4, then 3, then 2, then 1. The player takes a frisbee and has two shots on each turn. each player has ten turned. One point is scored for each knocked down bottle. score a ""strike"" (all the bottles are knocked down) and get too more shots, add all the points together. The winner is the player with the most points. Don't play in a windy day!"
212291,140502,140502,tr,Turkish,B1,3,7,1,49,49A,49,49A,1,Giving instructions to play a game,player,player,40830,15:32:40.307,60,128,96.77880465,"
	  Bowling alley's area is marked about 8 meters x by 3 meters.There are ten plastic bottles and their names are 'bowling pins'. They have got a little water because they must be heavy.Then the bottles arrange in a row with first 1,then 2,then 3 and last 4. All player take a frisbee and they can do two shots every tour.Players make a total of 10 shots.If players knocked down to one pin,they take one point.If players knocked down to all the bottles(it is strike),then the player takes two more shots and the points are added together. Who have got most points,it is the winner.And be careful,this game should not be played on a very windy.
	","howling alley's area is marked about 8 meters x by 3 meters.There are ten plastic bottles and their names are 'bowling pins'. They have got a little water because they must be heavy.Then the bottles arrange in a row with first 1,then 2,then 3 and last 4. All player take a frisbee and they can do two shots every tour.layers make a total of 10 shots.If players knocked down to one pin,they take one point.If players knocked down to all the bottles(it is strike),then the player takes two more shots and the points are added together. Who have got most points,it is the winner.And be careful,this game should not be played on a very windy."
144839,65946,65946,br,Portuguese,B1,3,7,1,49,49A,49,49A,1,Giving instructions to play a game,player,player,40830,15:54:04.673,84,71,40.24966252,"
	  Everybody have your time. In your turn is allowed to take two shots. The players are given 10 turns. The game is very simple, you have to threw the ball on the pin. If you down one pin you get one point. If you down all the pins you make a Strike! The winner is the player with most points! Isn't allowed down the pins using your hands or your foot.
	","Everybody have your time. In your turn is allowed to take two shots. The players are given 10 turns. The game is very simple, you have to threw the ball on the pin. If you down one pin you get one point. If you down all the pins you make a Strike! The winner is the player with most points! Isn't allowed down the pins using your hands or your foot."
213843,133981,133981,fr,French,B1,3,7,1,49,49A,49,49A,1,Giving instructions to play a game,player,player,40830,15:55:21.877,83,74,52.93722404,"
	  line up the ten water filled plastic bottles in rows of 4, then 3, then 2, then 1. With your frisbee, you can give two shots on each turn with a total of ten turns each. You score one point at each pin that you knock out. if you knock out all the bottles, you can play 2 shots more and add all the points.The winner is the player with the most points.
	","line up the ten water filled plastic bottles in rows of 4, then 3, then 2, then 1. With your frisbee, you can give two shots on each turn with a total of ten turns each. You score one point at each pin that you knock out. if you knock out all the bottles, you can play 2 shots more and add all the points.The winner is the player with the most points."
172180,59731,59731,br,Portuguese,B1,3,7,1,49,49A,49,49A,1,Giving instructions to play a game,player,player,40830,16:17:02.850,88,73,32.27458357,"
	  The basket ball is a dynamic sport. There're five players on each team. The aim of the game is puting the ball on the basket, for this the player can use the square (draw) situated above the basket. There're linear marks on the court whitch the numbers of points are registrated (it's depends the player position - the basket can value two or three points). Win the game the team to get more points.
	","The basket ball is a dynamic sport. There're five players on each team. The aim of the game is puting the ball on the basket, for this the player can use the square (draw) situated above the basket. There're linear marks on the court which the numbers of points are registrated (it's depends the player position - the basket can value two or three points). Win the game the team to get more points."
216361,65978,65978,ru,Russian,B1,3,7,1,49,49A,49,49A,1,Giving instructions to play a game,player,player,40830,20:11:20.167,85,102,100.905,"
	  Lets play Frisbee Bowling. First: made a special alley for the game.Mark an area of about 8 x by 3 meters. Second: take ten plastic bottles.Fill them with a little water. Third: Line up the bottles in row of 4, then 3, then 2, then 1. And now-each player give a frisbee and take two shots on the row of bottles.One point for each the knocked down bottles.If you can do all knocked down bottles-you have bonus-you can take two more shots.The points are added together.The player with the most points is winner.
	","Let play Frisbee howling. First: made a special alley for the game.Mark an area of about 8 x by 3 meters. Second: take ten plastic bottles.will them with a little water. Third: Line up the bottles in row of 4, then 3, then 2, then 1. And now-each player give a frisbee and take two shots on the row of bottles.One point for each the knocked down bottles.If you can do all knocked down bottles-you have bonus-you can take two more shots.The points are added together.The player with the most points is winner."
217774,148999,148999,cn,Mandarin,B1,3,7,1,49,49A,49,49A,1,Giving instructions to play a game,player,player,40830,22:24:41.740,90,122,66.91242179,"
	  How to play Frisbee bowling! The ""bowling alley"" is about 8 meters * 3 meters. Use ten plastic bottles as ""bowling pins"". the ""bowling pins"" are filed with a little of water. Line up the bottle in a row of 4, then 3, then 1. Each player is given a frisbee and can take two shots on each turn. Each player can be given ten turns. When each pin is knocked down, the player wins one score. If all bottles are knowed down at one time, it is called strike. Then the player can take two more shots and the points are added together. the winner is the one who earns the highest score. Don't play the game on a very windy day.
	","How to play Frisbee bowling! The ""bowling alley"" is about 8 meters * 3 meters. Use ten plastic bottles as ""bowling pins"". the ""bowling pins"" are filed with a little of water. Line up the bottle in a row of 4, then 3, then 1. each player is given a frisbee and can take two shots on each turn. each player can be given ten turns. When each pin is knocked down, the player wins one score. If all bottles are snowed down at one time, it is called strike. Then the player can take two more shots and the points are added together. the winner is the one who earns the highest score. Don't play the game on a very windy day."
198987,155138,155138,de,German,B1,3,7,1,49,49A,49,49A,1,Giving instructions to play a game,player,player,40831,05:49:19.273,82,60,69.62,"
	  There is a bowling part and we have ten bottles with a little water as pins. These are lined up like a ten-pin bowling. Each from you is given a frisbee and you can take two shots to the bottles. And the winner is who has the most points. But we cannot do this game on a windy day.
	",There is a bowling part and we have ten bottles with a little water as pins. These are lined up like a ten-pin bowling. each from you is given a frisbee and you can take two shots to the bottles. And the winner is who has the most points. But we cannot do this game on a windy day.
218534,121922,121922,de,German,B1,3,7,1,49,49A,49,49A,1,Giving instructions to play a game,player,player,40831,06:15:52.840,88,82,50.57466671,"
	  Mark an area of 8x3m as Bowling Alley. Use Ten Plastic bottles as Bowling pins. Fill them with water to make them heavier. Line the bottles up in Rows of 4, 3, 2 and 1. Get the frisbee and Take two shots in each Turn. You get Ten tries. Knocking Down a bottle You score One Point. If you Score a Strike you get another two Shots and the Pointe are added. The winner is the One who scored the Most points.
	","Mark an area of 8x3m as howling Alley. Use Ten elastic bottles as howling pins. will them with water to make them heavier. Line the bottles up in rows of 4, 3, 2 and 1. Get the frisbee and Take two shots in each Turn. You get Ten tries. knocking Down a bottle You score One Point. If you score a Strike you get another two shots and the Point are added. The winner is the One who scored the Most points."
200153,171365,171365,ru,Russian,B1,3,7,1,49,49A,49,49A,1,Giving instructions to play a game,player,player,40831,09:07:15.090,92,130,75.44335359,"
	  Mark an area of about 16 paces in length and 6 paces in width. Take 10 plastic bottles and fill them with a little water. Line up the bottles in rows of 4, then 3, then 2, then 1 - like regular bowling. Give each player a frisbee. You need to throw it in the bottles to knock them down. You can throw the frisbee twice on each turn and have a total of 10 turns. You score one point for each bottle that is knocked down. If you knock all the bottles down, then you take two more shots. Sum the points and remember it or, even better, write it down. A player with the most points becomes the winner. And be careful: dont play on a very windy day!
	","Mark an area of about 16 paces in length and 6 paces in width. Take 10 plastic bottles and fill them with a little water. Line up the bottles in rows of 4, then 3, then 2, then 1 - like regular bowling. Give each player a frisbee. You need to throw it in the bottles to knock them down. You can throw the frisbee twice on each turn and have a total of 10 turns. You score one point for each bottle that is knocked down. If you knock all the bottles down, then you take two more shots. Sum the points and remember it or, even better, write it down. A player with the most points becomes the winner. And be careful: dont play on a very windy day!"
27659,51919,51919,cn,Mandarin,B2,4,11,1,81,81A,81,81A,1,Writing a movie review,the,the,40653,22:56:43.080,87,131,98.44093493,"
	  The Adjustment Bureau  Romance/Thriller PG-13 The Adjustment Bureau is based on a short story of the american famous writer Phillip Dick. The story of The Adjustment Bureau discusses  whether we can control our fate or some unvisible power control us. Matt Damon stars as politician David Norris, who encounters with a pretty ballerina named Elise ( Emily Blunt) when he investigates a case about national politics. Norris is highly critical of society and thinks  the politician of America are just actors. He works hard in the investigation. David ist instantly infatuated with the intelligent and witty Elise. But this love causes trouble. Some strange men in hats want to keep Norris and Elise seperated. Norris has to decide if his connection with Elise justifies an attempt at challenging his fate.
	","The adjustment Bureau Romance/shriller PG-13 The adjustment Bureau is based on a short story of the american famous writer Phillip Dick. The story of The adjustment Bureau discusses whether we can control our fate or some unvisible power control us. Matt Damon stars as politician David Norris, who encounters with a pretty ballerina named Elise ( Emily Blunt) when he investigates a case about national politics. Norris is highly critical of society and thinks the politician of America are just actors. He works hard in the investigation. David ist instantly infatuated with the intelligent and witty Elise. But this love causes trouble. Some strange men in hats want to keep Norris and Elise separated. Norris has to decide if his connection with Elise justifies an attempt at challenging his fate."
22741,160178,160178,it,Italian,B2,4,11,1,81,81A,81,81A,1,Writing a movie review,the,the,40655,15:24:50.240,94,159,127.902067,"
	  Spider-Man (The Movie) Running Time: 121 min Genre: Science Fiction/Action/Superhero Peter Parker is the typical nerd: brilliant scholar at the college, he has just few friends and loves a girl, Mary Jane Watson, who doesnt feel the same. Suddenly, the bit of a genetically-modified spider gives Peter several superpowers that at first he exploits to earn money as a wrester. Feeling responsible for his Uncle Bens death, Peter realizes that he should have used his powers to protect NYC from perilous villains such as the Goblin. Finally, having defeated the Goblin and saved Mary Jane many times, Peter accepts his new life as Spider-Man. Funny and with brains, Spider-Man (The Movie) is an enjoyable film, a must see for all comics fans. The ending is highly significant: even if Spider-Man is the winner, both Peter and the Hero remain alone, since as Uncle Ben usually said with great power comes great responsibility.
	","spider-Man (The Morie) running Time: 121 min Genie: Science fiction/Action/superhero Peter Parker is the typical nerd: brilliant scholar at the college, he has just few friends and loves a girl, Mary Jane Watson, who doesnt feel the same. suddenly, the bit of a genetically-modified spider gives Peter several superpowers that at first he exploits to earn money as a wrester. Feeling responsible for his Uncle tens death, Peter realizes that he should have used his powers to protect NYC from perilous villains such as the Gollin. finally, having defeated the Gollin and saved Mary Jane many times, Peter accepts his new life as spider-Man. funny and with brains, spider-Man (The Morie) is an enjoyable film, a must see for all comics fans. The ending is highly significant: even if spider-Man is the winner, both Peter and the Hero remain alone, since as Uncle Ben usually said with great power comes great responsibility."
30323,131512,131512,cn,Mandarin,B2,4,11,1,81,81A,81,81A,1,Writing a movie review,the,the,40656,13:04:11.237,90,137,111.4534884,"
	  ""Why should I waste my time listening to you?--Because I have a voice!""These words come from a recent popular movie named THE KING'S SPEECH. The story happened to Albert Frederick Arthur George, a member of the British Royal family who was facing the proposition that he might soon become king in the buildup to World War II. Unfortunately, he had another fear: puzzled by a stammer since childhood, he was terrified of public speaking, which is the sort of activity he couldn't escape in a Royal. Finally, with Lionel Logue's help to get out of the root of the emotional trauma, Albert succeeded to overcome it and make a wonderful speech. It is such a superb movie which has got lots of honor from all over the world that it is really worthy of watching.
	","""Why should I waste my time listening to you?--Because I have a voice!""These words come from a recent popular movie named THE ING'S SPEC. The story happened to Albert Frederick Arthur George, a member of the British Royal family who was facing the proposition that he might soon become king in the buildup to World War II. Unfortunately, he had another fear: puzzled by a stammer since childhood, he was terrified of public speaking, which is the sort of activity he couldn't escape in a Royal. finally, with Lionel vogue's help to get out of the root of the emotional trauma, Albert succeeded to overcome it and make a wonderful speech. It is such a superb movie which has got lots of honor from all over the world that it is really worthy of watching."
30965,147385,147385,br,Portuguese,B2,4,11,1,81,81A,81,81A,1,Writing a movie review,the,the,40656,18:51:53.743,78,115,72.28599933,"
	  Watch a Sony Pictures big-screen: Just go with it!  It's a wonderful romantic comedy starring Adam Sandler and Jennifer Aniston as Danny and Kate.  Danny likes to lie to women, saying that his is a married guy to gain theirs sympathy. he meets the woman of his life and ask to his secratary to lies and tell the woman that she is hir ex-wife, anda that they have two kids. Thw woman asks to meet the ""ex-wife"" and everybody goes to Hawai. There will happend a lot of funny stuff, with makes the movie easy to watch. i  highly recommend this movie, is not a muchy romance! it is a funny comedy!
	","watch a Sony pictures big-screen: Just go with it! It's a wonderful romantic comedy starring Adam Sandler and Jennifer Anniston as Danny and Kate. Danny likes to lie to women, saying that his is a married guy to gain theirs sympathy. he meets the woman of his life and ask to his secretary to lies and tell the woman that she is hir ex-wife, anda that they have two kids. The woman asks to meet the ""ex-wife"" and everybody goes to Hawaii. There will happened a lot of funny stuff, with makes the movie easy to watch. i highly recommend this movie, is not a much romance! it is a funny comedy!"
24845,85350,85350,mx,Spanish,B2,4,11,1,81,81A,81,81A,1,Writing a movie review,the,the,40658,12:07:55.380,89,170,101.1187036,"
	  Jesus of Nazareth. This movie shows JesusChrist whole life, beginning at little town of Nazareth. Joseph and Mary was his parents. Mary receives a message from an Angel that she will be the Mother of God. Obeying Cesar August edict, they went to Belen for being counted at population census. Comming to Belen, Joseph and Mary could not find any place to have rest. Meanwhile, Mary who was pregnant have to give birth a beautiful baby in a stable. This baby was called Jesus. There were admirable facts that follow Jesus life: Teaching prayers the word of God, making miracles healing blindless, hadicapped and deaf people, coverting the water on wine, multiplying bread and fishes for hungry people, and so forth. Then priests and powered people began to envy him, and thought to kill him. Judas the Iscariot betrayed Jesus and gave him to Romans. They blamed Jesus about blasphemy. Finnaly, the case was Jesus to be crusified. This film is woth to be seen because of its historical value.
	","Jesus of Nazareth. This movie shows JesusChrist whole life, beginning at little town of Nazareth. Joseph and Mary was his parents. Mary receives a message from an Angel that she will be the Mother of God. obeying Cesar August edict, they went to Belen for being counted at population census. Coming to Belen, Joseph and Mary could not find any place to have rest. Meanwhile, Mary who was pregnant have to give birth a beautiful baby in a stable. This baby was called Jesus. There were admirable facts that follow Jesus life: reaching prayers the word of God, making miracles healing blindless, handicapped and deaf people, covering the water on wine, multiplying bread and fishes for hungry people, and so forth. Then priests and powered people began to envy him, and thought to kill him. Judas the Iscariot betrayed Jesus and gave him to Romans. They blamed Jesus about blasphemy. Final, the case was Jesus to be crucified. This film is with to be seen because of its historical value."
28916,23851,23851,mx,Spanish,B2,4,11,1,81,81A,81,81A,1,Writing a movie review,the,the,40660,11:25:16.663,89,152,67.37804878,"
	  Iron Man- Science Fiction and Action 2 hr. 6 min Winner of two Oscars for special effects. Tony stark (Robert Downey Jr.) is a billionaire and a genius inventor who is kidnapped and forces to build illegal weapons, but Tony Stark with his intelligence build a High-Tec suit and escapes. Then, he returns to his country and try to build a new suit, and the rest is history, he becomes in Iron Man. Definitely is a great movie, since you sit down in your spot and watch it, you realized that the film is charged of pure adrenaline, the pace is really good. Despite the movie is full of special effects, GCI and trick cameras, the other areas don''t lose importance, because the plot is complete and the characters are really good acting by all the cast. Anyway this movie is destined to become in a Blockbuster. Two Thumbs up!
	","Iron Man- Science fiction and Action 2 hr. 6 min Winner of two Oscars for special effects. Tony stark (Robert Downey Jr.) is a billionaire and a genius inventor who is kidnapped and forces to build illegal weapons, but Tony Stark with his intelligence build a High-Tea suit and escapes. Then, he returns to his country and try to build a new suit, and the rest is history, he becomes in Iron Man. definitely is a great movie, since you sit down in your spot and watch it, you realized that the film is charged of pure adrenaline, the pace is really good. Despite the movie is full of special effects, GCI and trick cameras, the other areas don''t lose importance, because the plot is complete and the characters are really good acting by all the cast. anyway this movie is destined to become in a Blockbuster. Two Thumbs up!"
23007,28618,28618,jp,Japanese,B2,4,11,1,81,81A,81,81A,1,Writing a movie review,the,the,40663,04:38:44.450,55,79,137.2,"
	  ""The Blind Side""is based on the extraordinary true story.  It's fantasutic,heartwarming,fun and emotinal. It's a MUST-SEE family movie.   A homeless teanage African-American,Michael""BIG Mike""Oher has finally become the first-round pick of the Boltimore Ravens in the 2009 NFL drafts.  Sandra Bullock's portrayal of Leigh Anne Tuohy fascinates and she desrers to her first winning an Oscar for the best leading performance.  Great plot! Amazing story! Trained directors! Go and see it! 
	","""The blind side""is based on the extraordinary true story. It's fantastic,heartwarming,fun and emotional. It's a MST-EE family movie. A homeless teenage African-American,Michael""BG Mike""her has finally become the first-round pick of the Baltimore Ravens in the 2009 NFL drafts. Sandra Bullock's portrayal of Leigh Anne Thy fascinates and she desirers to her first winning an Oscar for the best leading performance. Great plot! amazing story! trained directors! Go and see it!"
32955,134755,134755,tr,Turkish,B2,4,11,1,81,81A,81,81A,1,Writing a movie review,the,the,40663,17:25:43.220,88,146,63.53423237,"
	  This year there are many good films in our festival and ""Chrome"" is one of them. It is based on a book with same name. I was absolutely shocked to watch the Pilot and realize that it followed the book almost to perfection. The language that is used by the actors is very similar to the way that it was written in the book, and events were not skipped. It stayed very true to the story without adding to it or removing from it. The acting is superb and I actually felt like I was looking into Summerfall for the first time. I feel like I've actually got faces to add to the characters that I've been reading about for a long time. ""Chrome"" has a ton of potential to be one of the greatest movies that has ever been produced. I would highly recommend it.
	","This year there are many good films in our festival and ""chrome"" is one of them. It is based on a book with same name. I was absolutely shocked to watch the pilot and realize that it followed the book almost to perfection. The language that is used by the actors is very similar to the way that it was written in the book, and events were not skipped. It stayed very true to the story without adding to it or removing from it. The acting is superb and I actually felt like I was looking into Summerdale for the first time. I feel like I've actually got faces to add to the characters that I've been reading about for a long time. ""chrome"" has a ton of potential to be one of the greatest movies that has ever been produced. I would highly recommend it."
30139,110036,110036,de,German,B2,4,11,1,81,81A,81,81A,1,Writing a movie review,the,the,40664,07:42:31.530,97,168,98.08369183,"
	  Watch this ambitious digital 3D sci-fi epic AVATAR from the Academy Award-winning director James Cameron. In search of new resources in the 22nd century, people are looking to mine the distant world of Pandora for a valued ore. Unfortunately the prized substance lies underneath the home of the Na'vi, a ten-feet-tall, blue-skinned native tribe. The military unit attempts to infiltrate the Na'vi people with the use of an ""avatar"", a genetically grown Navi body, which is controlled by their owners. Paraplegic Marine Jake Sully, who is selected for this program, begins to bond with the native tribe and quickly falls in love with the alien Neytiri. He finds himself in the crossfire of a war between humans and Navi people defending their planet. With this movie J. Cameron succeeds the magical effect of cinema: the screen becomes a window to another world. Together with Jake, he immerses the viewer into a compelling story and goes on a journey full of dangers and discovery. 
	","watch this ambitious digital 3D sci-fi epic AVATAR from the Academy ward-winning director James Cameron. In search of new resources in the 22nd century, people are looking to mine the distant world of Pandora for a valued ore. Unfortunately the prized substance lies underneath the home of the Na'vi, a ten-feet-tall, blue-skinned native tribe. The military unit attempts to infiltrate the Na'vi people with the use of an ""avatar"", a genetically grown Navy body, which is controlled by their owners. paraplegic Marine Jake Sully, who is selected for this program, begins to bond with the native tribe and quickly falls in love with the alien Neytiri. He finds himself in the crossfire of a war between humans and Navy people defending their planet. With this movie J. Cameron succeeds the magical effect of cinema: the screen becomes a window to another world. together with Jake, he immerses the viewer into a compelling story and goes on a journey full of dangers and discovery."
32427,63870,63870,de,German,B2,4,11,1,81,81A,81,81A,1,Writing a movie review,the,the,40664,12:58:55.550,90,162,59.91664523,"
	  The last film I enjoyed was Monster AG from pixar. This is a computer animated film which has an interesting plot. Monster AG is a company, which generates energy by the screaming sounds of kids. Monsters have to enter into the bedrooms of children and behave in a special manner, so that the children start to cry. It is forbidden to the monsters to contact the children in a friendly manner. But one little girl wasn't fearful; she played with the monster indeed and escaped with it into the monster factory. This causes a lot of trouble- and a lot of funny situations. In the beginning the monster was very shocked, because it was told that children are dangerous. But aferwards, it discoverd firstly that children don't harm monsters and secondly, that their laughter generates much more energy than their screams. In the end, children and monsters are working joyfully togehter. This film is a good recommondation for an entire family event.
	","The last film I enjoyed was monster AG from pilar. This is a computer animated film which has an interesting plot. monster AG is a company, which generates energy by the screaming sounds of kids. monsters have to enter into the bedrooms of children and behave in a special manner, so that the children start to cry. It is forbidden to the monsters to contact the children in a friendly manner. But one little girl wasn't fearful; she played with the monster indeed and escaped with it into the monster factory. This causes a lot of trouble- and a lot of funny situations. In the beginning the monster was very shocked, because it was told that children are dangerous. But afterwards, it discovered firstly that children don't harm monsters and secondly, that their laughter generates much more energy than their screams. In the end, children and monsters are working joyfully together. This film is a good recommendation for an entire family event."
18330,124763,124763,de,German,B2,4,11,1,81,81A,81,81A,1,Writing a movie review,the,the,40664,15:03:17.030,98,149,56.406414,"
	  A movie which is definitely worth watching it is ""Black Swan"". The leading actress of this movie is Natalie Portman. She plays the role of a professional ballet dancer named Nina Sayers who should perform the role of the white and the black swan in the play ""Swan Lake"". During the practicing time for the play, the actress experiences paranoia and many hallucinations. This happens because she is trying to become one with the role of the black swan. Little by little she gets sick and imagines that she is becoming personified the black swan which she should play. In the end of the movie, when she is finally performing the part of the swan, she does it really good. After this scene ends everyone wants to congratulate her and they notice that she has a wound in her stomach but it remains unclear where she got it from.
	","A movie which is definitely worth watching it is ""Black Swan"". The leading actress of this movie is Natalie ortman. She plays the role of a professional ballet dancer named Nina Sayers who should perform the role of the white and the black swan in the play ""Swan Lake"". During the practicing time for the play, the actress experiences paranoia and many hallucinations. This happens because she is trying to become one with the role of the black swan. Little by little she gets sick and imagines that she is becoming personified the black swan which she should play. In the end of the movie, when she is finally performing the part of the swan, she does it really good. After this scene ends everyone wants to congratulate her and they notice that she has a wound in her stomach but it remains unclear where she got it from."
34148,162709,162709,ru,Russian,B2,4,11,1,81,81A,81,81A,1,Writing a movie review,the,the,40665,18:58:05.843,88,136,195.1488,"
	  Step up 3 (music, melodrama) PG-13 101 min Vivid speedy and breath-taking action I've ever watched taking into consideration the wide range of contemporary misic films. Featuring excellent performances of young and perspective actors this movie certainly meets target spectacular's expectations to whom my humble personality surely belongs. The leading actors (Rick Malambri, Adam G. Sevani and Sharni Vinson) did their best to show very high level of modern dancing culture that finally contributed to a film's rollercoaster nature. Having as a background not so unique theme dealing with mainly Hollywood happy end romantic story this movie seems to amaze, entertain and sometimes even intrigue the audience.  All in all I raise my two thumbs up for the film and can definitely characterize it as a must-see stuff of the movie-making business.
	","step up 3 (music, melodrama) PG-13 101 min livid speedy and breath-taking action I've ever watched taking into consideration the wide range of contemporary music films. featuring excellent performances of young and perspective actors this movie certainly meets target spectacular's expectations to whom my humble personality surely belongs. The leading actors (Rick calamari, Adam G. Sekani and Sharai Vinson) did their best to show very high level of modern dancing culture that finally contributed to a film's rollercoaster nature. Having as a background not so unique theme dealing with mainly Hollywood happy end romantic story this movie seems to amaze, entertain and sometimes even intrigue the audience. All in all I raise my two thumbs up for the film and can definitely characterize it as a must-see stuff of the movie-making business."
40944,65059,65059,cn,Mandarin,B2,4,11,1,81,81A,81,81A,1,Writing a movie review,the,the,40669,09:57:46.913,80,102,37.81841484,"
	  Spectacular senes and superb action make Hero an unforgetable movie you have ever seen. Directed by the most famous director Zhang Yimou, Hero gives viewers different experience. The theme of the movie is patriot and revenge, loyalty and betrayer. The main actors and actresses include Li Lianjie, Liang Chaowei, Zhang Manyu and Zhang Ziyi. The storyline of the movie is fascinating and breath-taking. The scenes in the movie are great and the stunts are amazing. All characters involved in the plot are stunning. Perhaps till the end of the movie, you are still thinking about the real ending of the story.
	","spectacular sense and superb action make Hero an unforgeable movie you have ever seen. directed by the most famous director Zhang You, Hero gives viewers different experience. The theme of the movie is patriot and revenge, loyalty and betrayer. The main actors and actresses include Li Lindie, Liane Chaoses, Zhang Many and Zhang kiyi. The storyline of the movie is fascinating and breath-taking. The scenes in the movie are great and the stunts are amazing. All characters involved in the plot are stunning. Perhaps till the end of the movie, you are still thinking about the real ending of the story."
36521,106404,106404,br,Portuguese,B2,4,11,1,81,81A,81,81A,1,Writing a movie review,the,the,40669,16:20:30.990,87,108,90.69230769,"
	  Watch Saldanha's new movie Rio an astonishing story about the adventures of two rare blue parrots in Rio de Janeiro! The acclaimed Brazilian director, responsible for Ice Age, created a new story located in Rio de Janeiro his home town. The scene takes place during the Carnival week in Rio de Janeiro when a blue parrot was brought from US to match a female. They are the last of their species! Before falling in love those lovely birds went in several troubles and adventures and Rio de Janeiro is amazingly shown. Beaches, samba, Carnival, nature and all creatures from rain forests are here to entertain children and adults!
	","watch Saldanha's new movie Rio an astonishing story about the adventures of two rare blue parrots in Rio de Janeiro! The acclaimed Brazilian director, responsible for Ice Age, created a new story located in Rio de Janeiro his home town. The scene takes place during the Carnival week in Rio de Janeiro when a blue parrot was brought from US to match a female. They are the last of their species! Before falling in love those lovely birds went in several troubles and adventures and Rio de Janeiro is amazingly shown. reaches, samba, Carnival, nature and all creatures from rain forests are here to entertain children and adults!"
8028,34833,34833,de,German,B2,4,11,1,81,81A,81,81A,1,Writing a movie review,the,the,40671,09:24:49.537,96,93,44.90018335,"
	  An Inconvenient Truth An Inconvenient Truth is a very impressive documentary about the climate change and the impacts of the greenhouse effect. The main actor is Al Gore, a former presidential candidate who accompanies the moviegoers with some talks. In between these talks we can see very impressive pictures of the nature and their development in the last years. All in all it is a very well done documentary. Especially because of the contribution of a politician who tries to tell us something about the truth. I would recommend this film to everybody.
	","An inconvenient Truth An inconvenient Truth is a very impressive documentary about the climate change and the impacts of the greenhouse effect. The main actor is Al Gore, a former presidential candidate who accompanies the moviegoers with some talks. In between these talks we can see very impressive pictures of the nature and their development in the last years. All in all it is a very well done documentary. Especially because of the contribution of a politician who tries to tell us something about the truth. I would recommend this film to everybody."
39479,158594,158594,cn,Mandarin,B2,4,11,1,81,81A,81,81A,1,Writing a movie review,the,the,40672,07:55:42.737,92,165,117.463937,"
	  There is a sound echoing in my mind ""NOT ONE LESS"".Actually ,it comes from a documentary directed by Zhang Yimou,a well-known director in China. In the movie,Wei Minzhi takes the place of a teacher who has to ask a few days' off only for 50 yuan to help support her family. Without professional experiences in teaching,she doesn't know how to handles the problems in her students' studies ,not alone how to activate her class. Later on, a boy named Zhang Huike escapes from school and try to make a living in the city, which concerned Minzhi much. To live up to the village leader' expectation-NOT ONE LESS,she organized all her students to do odd jobs to afford to buy a ticket to the city. In her efforts to look for Huike,she meets with a lot difficulties but she never gives up. Eventually ,she succeeds. The movie really reveals what power a teacher owns and it's worth seeing.
	","There is a sound echoing in my mind ""NOT ONE LSS"".actually ,it comes from a documentary directed by Zhang You,a well-known director in China. In the movie,Wei Michi takes the place of a teacher who has to ask a few days' off only for 50 yuan to help support her family. Without professional experiences in teaching,she doesn't know how to handles the problems in her students' studies ,not alone how to activate her class. Later on, a boy named Zhang Heike escapes from school and try to make a living in the city, which concerned Michi much. To live up to the village leader' expectation-NOT ONE LSS,she organized all her students to do odd jobs to afford to buy a ticket to the city. In her efforts to look for Heike,she meets with a lot difficulties but she never gives up. eventually ,she succeeds. The movie really reveals what power a teacher owns and it's worth seeing."
38821,1889,1889,br,Portuguese,B2,4,11,1,81,81A,81,81A,1,Writing a movie review,the,the,40673,07:15:45.220,97,126,143.396129,"
	  The king's speech, a funny and interesting movie about stuttering, friendship and political decisions. This british movie tells the story about King George VI of Britain (Colin Firth) before and during the period of the World War II. As he was a stutterer, he had tried several treatments unsuccessfully. So his wife (Helena Bonhan Carter) looks for help with an alternative speech therapist to treat him named Lionel Logue (Geoffrey Rush). In the beginning, he didn't accept the strange ways of therapy by Lionel Logue, the therapist. However his older brother abdicated,  he had to assume the United Kingdom throne. This movie won four academy awards in oscar 2011, including best film e and best actor. We recommend this winning artwork for all above 13 years. 
	","The king's speech, a funny and interesting movie about stuttering, friendship and political decisions. This british movie tells the story about King George VI of Britain (Colin Firth) before and during the period of the World War II. As he was a stutterer, he had tried several treatments unsuccessfully. So his wife (Helena Bonham Carter) looks for help with an alternative speech therapist to treat him named Lionel vogue (Geoffrey Rush). In the beginning, he didn't accept the strange ways of therapy by Lionel vogue, the therapist. However his older brother abdicated, he had to assume the United Kingdom throne. This movie won four academy awards in oscar 2011, including best film e and best actor. We recommend this winning artwork for all above 13 years."
45963,106190,106190,br,Portuguese,B2,4,11,1,81,81A,81,81A,1,Writing a movie review,the,the,40674,09:52:43.450,100,115,56.63564738,"
	  Band of Brothers - TV Series  Band of Brothers is an Emmy Award winner TV series directed and produced by Tom Hanks and Steven Spielberg. Based on a book with the same tittle, it tells a real story about a group of soldiers during their fight and struggles on the Second World War. Each chapter gives focus on a real historical event, such as the D Day and the end of the war.   At the beginning of chapters, real soldiers give small testimonials on how was their role during the event told on the chapter. Band of Brothers is a heart touching TV series that tells how ordinary people did amazing things during the second war. 
	","Band of Brothers - TV Series Band of Brothers is an Emmy ward winner TV series directed and produced by Tom ranks and Steven Spielberg. based on a book with the same tittle, it tells a real story about a group of soldiers during their fight and struggles on the Second World War. each chapter gives focus on a real historical event, such as the D Day and the end of the war. At the beginning of chapters, real soldiers give small testimonials on how was their role during the event told on the chapter. Band of Brothers is a heart touching TV series that tells how ordinary people did amazing things during the second war."
42216,99108,99108,br,Portuguese,B2,4,11,1,81,81A,81,81A,1,Writing a movie review,the,the,40674,14:35:09.217,83,101,73.83615021,"
	  TROPA DE ELITE (ACTION) - The film is based on real facts. BOPE is a  especial police comand of Rio de Janeiro (Brazil) that fight against the drug traffic in the Rio shantytown's. In this film the commander Nascimento (Wagner Moura) wants to get out of BOPE because his wife is pregnant. To leave BOPE he has to find a successor. Simultaneously he receive superior orders of pacify ""Morro do Turano"", one of the most violent shantytown in Rio because of the visit of Pope. A  exciting movie that shows the reality of drug traffic and police corruption in Rio de Janeiro.
	","TOP DE ELT (CTIO) - The film is based on real facts. BPOE is a especial police command of Rio de Janeiro (Brazil) that fight against the drug traffic in the Rio shantytown's. In this film the commander Nascimento (Wagner Morra) wants to get out of BPOE because his wife is pregnant. To leave BPOE he has to find a successor. simultaneously he receive superior orders of pacify ""Morio do Turino"", one of the most violent shantytown in Rio because of the visit of Pope. A exciting movie that shows the reality of drug traffic and police corruption in Rio de Janeiro."
47111,38181,38181,de,German,B2,4,11,1,81,81A,81,81A,1,Writing a movie review,the,the,40674,16:00:14.323,96,117,71.88036314,"
	  Watch a Oscar-winning movie which is based on a true story! It is called ""The Fighter"" and includes the famous actors Mark Wahlberg, Christian Bale and Melissa Leo. Dicky is on the way to become a great boxer but loses his most important fight and abondons his boxing-career. His younger brother Mickey tries to follow in his footsteps but loses one fight after another. Only when his fiancee Charlene supports him to get away from his crazy family, his wasted brother and his adamant mother, Mickey goes in for a career. At the time when he gets the chance to fight for the title of the world championship, he finally makes peace with his family.
	","watch a Oscar-winning movie which is based on a true story! It is called ""The lighter"" and includes the famous actors Mark Wallburg, Christian Bale and Melissa Leo. Dicky is on the way to become a great boxer but loses his most important fight and abandons his boxing-career. His younger brother Mickey tries to follow in his footsteps but loses one fight after another. Only when his fiancee Charlene supports him to get away from his crazy family, his wasted brother and his adamant mother, Mickey goes in for a career. At the time when he gets the chance to fight for the title of the world championship, he finally makes peace with his family."
42658,42712,42712,mx,Spanish,B2,4,11,1,81,81A,81,81A,1,Writing a movie review,the,the,40675,00:19:38.750,50,52,45.90014184,"
	  The Dark knight  Christian Bale is back in the Dark knight, with the exceptional performance of Heath Ledger as the Joker. Set after the events of Batman begins when a new menace emerges from the shadows, a villian who is only interested in creating chaos around Gotham, causes panic aroud the city.
	","The dark knight Christian Bale is back in the dark knight, with the exceptional performance of Heath Ledger as the poker. Set after the events of Batman begins when a new menace emerges from the shadows, a villain who is only interested in creating chaos around Gotham, causes panic around the city."
47009,69157,69157,de,German,B2,4,11,1,81,81A,81,81A,1,Writing a movie review,the,the,40675,08:45:54.690,83,147,79.03624705,"
	  The musical drama Moulin Rough- an eye candy Winner of three Golden Globes for the best film, the best actress and the best music. Paris,1899. The english writer Christian (Ewan McGregor) travels to Paris to participate at the ""Revolution of the Bohme"". After his arrival he meets a group of artists who writes a play for the owner of the Moulin Rouge, Harold Zidler. However the artists only have bad ideas, Christian get the new author of the play. In this way, Christian meets Satine (Nicole Kidman) the leading actress of the play he has to write and they fall in love with each other. But The Duke who funded the play wants Satine singularly. That's the reason why it flare up a fight between Christian and The Duke. Moulin Rough is with his beautiful setting and modern songs a brilliant film with an unexpected end.
	","The musical drama moulin Rough- an eye candy Winner of three Golden Globe for the best film, the best actress and the best music. Paris,1899. The english writer Christian (Ewan McGregor) travels to Paris to participate at the ""Revolution of the Bohme"". After his arrival he meets a group of artists who writes a play for the owner of the moulin gouge, Harold idler. However the artists only have bad ideas, Christian get the new author of the play. In this way, Christian meets Sabine (Nicole Kirman) the leading actress of the play he has to write and they fall in love with each other. But The Duke who funded the play wants Sabine singularly. That's the reason why it flare up a fight between Christian and The Duke. moulin Rough is with his beautiful setting and modern songs a brilliant film with an unexpected end."
46879,11277,11277,de,German,B2,4,11,1,81,81A,81,81A,1,Writing a movie review,the,the,40675,13:19:25.860,90,159,85.83200399,"
	  In to the wild is a Movie directed by Sean Penn. It is based on a Documentary directed by John Krakauer which is about Christopher McCandless, a 22 years old man. Christopher McCandless, played by Emile Hirsch, doesen't know what to do after he finished his study of history and anthropology so he decides to give up all his possession and starts travelling whithout any money through the USA with the aim to reach Alaska and its wilderness. Whitin this trip he meets lots of different characters by which he is affected a lot. Furthermore this trip changes his point of view according the value of possession. All the different characters make the movie very lively and authenthic. You never feel bored however the plot seems to be easy. Moreover shows this film that money and possession aren't the most valuable things in live. All in all this movie makes you think, laugh and cry and is worth seeing.
	","In to the wild is a Morie directed by Sean Penn. It is based on a Documentary directed by John Krakau which is about Christopher McCandless, a 22 years old man. Christopher McCandless, played by Emile Hirsch, doesn't know what to do after he finished his study of history and anthropology so he decides to give up all his possession and starts travelling without any money through the USA with the aim to reach Alaska and its wilderness. whitin this trip he meets lots of different characters by which he is affected a lot. furthermore this trip changes his point of view according the value of possession. All the different characters make the movie very lively and authentic. You never feel bored however the plot seems to be easy. Moreover shows this film that money and possession aren't the most valuable things in live. All in all this movie makes you think, laugh and cry and is worth seeing."
49252,123320,123320,de,German,B2,4,11,1,81,81A,81,81A,1,Writing a movie review,the,the,40676,14:29:49.843,95,122,84.11257154,"
	  The last movie I watched and enjoyed was the German version of ""Despicable Me"". It is an computer animated 3D film from Universal Pictures and Illumination Entertainment. The main figure in this film is a supervillian called Gru. His plan is to kidnap the moon with the help of his little yellow colleagues but the new young supervillian Vector gets in his way over and over again. To outwit him, Gru adopts three orphants. At the beginning he does not like children but then the three girls grow dear to him. The film is fun - not only for children. The animation is great and all figures have strong characteristics although they are all very cute. It is all around a successful movie.
	","The last movie I watched and enjoyed was the German version of ""despicable Me"". It is an computer animated 3D film from universal pictures and illumination entertainment. The main figure in this film is a supervillian called Gur. His plan is to kidnap the moon with the help of his little yellow colleagues but the new young supervillian rector gets in his way over and over again. To outwit him, Gur adopts three orphans. At the beginning he does not like children but then the three girls grow dear to him. The film is fun - not only for children. The animation is great and all figures have strong characteristics although they are all very cute. It is all around a successful movie."
50562,8098,8098,de,German,B2,4,11,1,81,81A,81,81A,1,Writing a movie review,the,the,40676,15:28:00.440,86,117,116.87,"
	  Today I have the special honor to write about the famous film ""pride and prejudice"" which I have seen at he movie festival in our town. The story is based on the novel by Jane Austen and a must-see for all Jane Austen fans but also for people, who are interested in british social life of the 19th centuary. The main character ( Elisabeth Bennett ) is played by Keira Knightly, who had to get over her own pride and prejudice to find her real love. In my opinion the topic of the movie is ageless and so I recommend everyone to enjoy this film because of its brilliant actors and a plot, that will never be antiquated.
	","Today I have the special honor to write about the famous film ""pride and prejudice"" which I have seen at he movie festival in our town. The story is based on the novel by Jane Austen and a must-see for all Jane Austen fans but also for people, who are interested in british social life of the 19th century. The main character ( Elisabeth Bennett ) is played by geira nightly, who had to get over her own pride and prejudice to find her real love. In my opinion the topic of the movie is ageless and so I recommend everyone to enjoy this film because of its brilliant actors and a plot, that will never be antiquated."
50394,2106,2106,de,German,B2,4,11,1,81,81A,81,81A,1,Writing a movie review,the,the,40677,04:55:19.270,87,136,91.30868385,"
	  The movie The Mechanic is about a hit man, Arthur Bishop (Jason Statham), whose next job is to eliminate his closest friend and mentor Harry. Even beset with doubts, Arthur executes the order because his loyalty to his constituent. On the funeral, Arthur encounters Steve (Ben Forster), the son of the assassinated Harry. To revenge his fathers death, Steve pleases Arthur of all people to train him as hit man This action thriller, directed by Simon West who made some blockbusters such as Con Air or Lara Croft, is not worth the paper the theater ticket is printed on. Thy story is as flat as a pancake and thousand fold copied. I would recommend everyone who is not a fanatic Jason Statham fan to avoid this piece of poor cinema. Even action fans will be disappointed.
	","The movie The Mechanics is about a hit man, Arthur Bishop (Jason Statham), whose next job is to eliminate his closest friend and mentor Harry. Even beset with doubts, Arthur executes the order because his loyalty to his constituent. On the funeral, Arthur encounters Steve (Ben Forster), the son of the assassinated Harry. To revenge his fathers death, Steve pleases Arthur of all people to train him as hit man This action thriller, directed by Simon West who made some blockbusters such as Con Air or Lara Croft, is not worth the paper the theater ticket is printed on. Thy story is as flat as a pancake and thousand fold copied. I would recommend everyone who is not a fanatic Jason Statham fan to avoid this piece of poor cinema. Even action fans will be disappointed."
48381,56747,56747,de,German,B2,4,11,1,81,81A,81,81A,1,Writing a movie review,the,the,40679,08:53:54.337,89,125,126.6258824,"
	  Cruel Intentions - a movie about sex, drugs and the lack of reality in rich teenagers lives. Starring Sarah Michelle Gellar, Ryan Phillippe and Reese Witherspoon Kathryn, a beautiful blond teenager with very rich parents, bets that her step-brother Sebastian, will not be able to bed Annette. Annette is a virgin, who wants to wait for ""the right"" and to fall in love. If Sebastian loose, she gets his Jaguar, vici versa he gets Kathryn. For the two siblings it is a game without mercy - a painful game how it will be exposed. The regisseur has shot a movie in a highly sterile atmosphere, where nothing is more important than perfection. The bordom of the protagonists caused by this perfection makes the movie very recommendable.
	","cruel intentions - a movie about sex, drugs and the lack of reality in rich teenagers lives. tarring Sarah Michelle cellar, Ryan Phillippe and Reese Witherspoon Kathryn, a beautiful blond teenager with very rich parents, bets that her step-brother Sebastian, will not be able to bed Annette. Annette is a virgin, who wants to wait for ""the right"" and to fall in love. If Sebastian loose, she gets his Jaguar, vice versa he gets Kathryn. For the two siblings it is a game without mercy - a painful game how it will be exposed. The regisseur has shot a movie in a highly sterile atmosphere, where nothing is more important than perfection. The boredom of the protagonists caused by this perfection makes the movie very recommendable."
49363,51892,51892,de,German,B2,4,11,1,81,81A,81,81A,1,Writing a movie review,the,the,40679,11:58:20.083,82,138,44.69483568,"
	  Review of ""A.I."" Heres my review of the movie ""A.I."", a science fiction movie. The plot is set in the year 2100. A family, which son is near to death, gets a robotkid, that lives in the family as a normal boy and begins to love his mum. Later on, the real son awakes from his stadium and from now on two boys live in the family. But there are problems, so that the mother leaves the robitkid alone in a wood. There he meets other robots and a very sad adventure begins. For me as a sentimental woman it was hard to see the movie, because it was so sad. The tragedy between mother and the robotchild was making me cry the whole 2 hours. The film music got me in a sad mood too.
	","Review of ""A.I."" Here my review of the movie ""A.I."", a science fiction movie. The plot is set in the year 2100. A family, which son is near to death, gets a robotic, that lives in the family as a normal boy and begins to love his mum. Later on, the real son awakes from his stadium and from now on two boys live in the family. But there are problems, so that the mother leaves the robitkid alone in a wood. There he meets other robots and a very sad adventure begins. For me as a sentimental woman it was hard to see the movie, because it was so sad. The tragedy between mother and the robotchild was making me cry the whole 2 hours. The film music got me in a sad mood too."
49331,85574,85574,de,German,B2,4,11,1,81,81A,81,81A,1,Writing a movie review,the,the,40680,13:47:49.940,95,113,139.9569231,"
	  I would like to introduce you the last movie that I watched. It's ""Dear John"" or ""Das Leuchten der Stille"" which is the german title. It fits in the category drama, is directed by Lasse Hallstrm and the main actors are Channing Tatum and Amanda Seyfried. It's about a soldier falling in love with a girl, back in his home town. They spend a wonderful summer together before he has to return to Iraque. Then they start writing to eachother for a while and she meets someone else. Because she is the love of his life, he tries to get her back... Don't miss this dramatic love story, where no eye stays dry :)
	","I would like to introduce you the last movie that I watched. It's ""Dear John"" or ""was leuchen der Still"" which is the german title. It fits in the category drama, is directed by Lasse Hallstrm and the main actors are Channing Tatum and Amanda Sigfried. It's about a soldier falling in love with a girl, back in his home town. They spend a wonderful summer together before he has to return to barque. Then they start writing to eachother for a while and she meets someone else. Because she is the love of his life, he tries to get her back... Don't miss this dramatic love story, where no eye stays dry :)"
53571,115796,115796,br,Portuguese,B2,4,11,1,81,81A,81,81A,1,Writing a movie review,the,the,40682,14:27:09.927,85,112,86.49392713,"
	  Coming from the forests in north of China, a new way to make martial arts action movies. Its an history about a young Kung Fu master that discover an ancient sword that was in his family for centuries, but to puts his hands on it, he must deserve it! With insane stunts, but with no double, the mais actor show a state of the art in martial arts. He is a real fighter, not simply an actor trained to show some acrobatic moves. You'll be invited to enter in a world of fighting competition to see who will be granted the right to bear thar sword. Its amazing! You must see it!
	","Coming from the forests in north of China, a new way to make martial arts action movies. Its an history about a young Kung Fu master that discover an ancient sword that was in his family for centuries, but to puts his hands on it, he must deserve it! With insane stunts, but with no double, the mais actor show a state of the art in martial arts. He is a real fighter, not simply an actor trained to show some acrobatic moves. You'll be invited to enter in a world of fighting competition to see who will be granted the right to bear thar sword. Its amazing! You must see it!"
52321,158365,158365,de,German,B2,4,11,1,81,81A,81,81A,1,Writing a movie review,the,the,40683,03:09:29.243,92,109,101.0784884,"
	  Titanic is a kind of romance film. It is about the journey of the largest cruise ship at that time, from London to New York. Carrying more than 2000 people on board and with the luxury of good meal and drinks and all kind of exiting entertainment and parties people on board were enjoying the journey very much. Among they there is a fresh married couple. This was also their honey moon. But at a sudden the ship touched an ice mountain and sank. It was really a tragedy. The heros in the film were Jack Dawson and Rose DeWitt Bukater. Both of them have played their roles excellently.
	","Titanic is a kind of romance film. It is about the journey of the largest cruise ship at that time, from London to New York. carrying more than 2000 people on board and with the luxury of good meal and drinks and all kind of exiting entertainment and parties people on board were enjoying the journey very much. Among they there is a fresh married couple. This was also their honey moon. But at a sudden the ship touched an ice mountain and sank. It was really a tragedy. The heros in the film were Jack Dawson and Rose Devitt pukatea. Both of them have played their roles excellently."
48104,141503,141503,de,German,B2,4,11,1,81,81A,81,81A,1,Writing a movie review,the,the,40683,15:13:02.833,90,92,98.60869565,"
	  Watch Warner Bros.' newest Movie - Harry Potter And The Deathly Hallows Part I  This adventure/fantasy movie, based on the novel by J.K. Rowling, is amazing not only because of its special effects but also because of the acting qualities by Daniel Radcliffe (as Harry Potter), Emma Watson (as Hermione Granger) and Ruper Grint (as Ron Weasly).  Harry, Hermione and Ron have to find and destroy the rest of Lord Voldemorts Horcruxes. An exciting treasure quest begins and the three friends have to challenge probably the most difficult and dangerous mission!
	","watch Warner Bros.' newest Morie - Harry Potter And The deathly allows Part I This adventure/fantasy movie, based on the novel by J.K. Rowling, is amazing not only because of its special effects but also because of the acting qualities by Daniel Radcliffe (as Harry Potter), Emma Watson (as Hermione Granger) and super print (as Ron measly). Harry, Hermione and Ron have to find and destroy the rest of Lord Voldemort Horcruxes. An exciting treasure quest begins and the three friends have to challenge probably the most difficult and dangerous mission!"
57522,22835,22835,de,German,B2,4,11,1,81,81A,81,81A,1,Writing a movie review,the,the,40684,07:51:21.230,89,183,87.78910819,"
	  Last night i was at the Sydney Film Festival to watch the new movie by director Jon Favreau. His latest film is called Iron Man, staring Robert Downey Jr. as Iron Man and Bud Spencer as the evil Professor Don Chicho and of course Angelina Jolie as the wife of Iron Man, which gets kidnaped by the evil dogs of Don Chicho and rescued at the end of the film by a dolphin. I must say, that this Film was absolutely boring. Bad actors, bad locations, a miserable plot and an absolutely uninspired Robert Downey Jr. whose acting reminded me of the behaviur of the zoo gorillas. But Angeline Jolie was not much better, she acted like a pig in a cage, the only good acting came from Bud Spencer as Don Chicho, but the only phrase he had in the whole movie was: ""Iron Man i will kill you, even if i have to sell my Ferrari"". So dont waste your time with this film, instead of this stay at home and do whatever you want, it will be much more entertaining.
	","Last night i was at the Sydney film festival to watch the new movie by director Jon kareau. His latest film is called Iron Man, staring Robert Downey Jr. as Iron Man and Bud Spencer as the evil Professor Don Chicha and of course Angelina Jolie as the wife of Iron Man, which gets kidnaped by the evil dogs of Don Chicha and rescued at the end of the film by a dolphin. I must say, that this film was absolutely boring. Bad actors, bad locations, a miserable plot and an absolutely uninspired Robert Downey Jr. whose acting reminded me of the behavior of the zoo gorillas. But Angeline Jolie was not much better, she acted like a pig in a cage, the only good acting came from Bud Spencer as Don Chicha, but the only phrase he had in the whole movie was: ""Iron Man i will kill you, even if i have to sell my Ferrari"". So dont waste your time with this film, instead of this stay at home and do whatever you want, it will be much more entertaining."
56188,795,795,it,Italian,B2,4,11,1,81,81A,81,81A,1,Writing a movie review,the,the,40684,19:03:07.060,100,150,83.70060253,"
	  HABEMUS PAPAM by Nanni Moretti. A movie that describes with intensity and irony the human condition of today, full of doubts, insecurity and sense of deplacement. It's the story of a new pope (the French actor Michel Piccoli) who doesn't want to be a pope. Even if he has been chosen by God, like every pope, he is afraid, he doesn't feel himself adequate to the high duty and he falls in a depression. A psychoanalyst (played by the same director, Nanni Moretti) tries to cure him, without great success and provoking a great mess in the Vatican. Michel Piccoli, at the best of his long carreer, is brilliant in the role of the pope escaping from the Conclave of the bishops and knocking around Rome like a child discovering for the first time the external world and the movie has recently received an ovation at the Cannes Film Festival.
	","HABEMUS PAM by Nanni Moretta. A movie that describes with intensity and irony the human condition of today, full of doubts, insecurity and sense of replacement. It's the story of a new pope (the French actor Michel piccolo) who doesn't want to be a pope. Even if he has been chosen by God, like every pope, he is afraid, he doesn't feel himself adequate to the high duty and he falls in a depression. A psychoanalyst (played by the same director, Nanni Moretta) tries to cure him, without great success and provoking a great mess in the Vatican. Michel piccolo, at the best of his long career, is brilliant in the role of the pope escaping from the Concave of the bishops and knocking around Rome like a child discovering for the first time the external world and the movie has recently received an ovation at the Cannes film festival."
55237,113110,113110,de,German,B2,4,11,1,81,81A,81,81A,1,Writing a movie review,the,the,40685,02:58:44.013,100,154,140.942029,"
	  Pippa Lee is based on a novel by director Rebecca Miller. It tells the story of a middle-aged woman, Pippa, who is married to a much older husband. As he had recently suffered a heart attack, the couple is moving from New York to a small town for retired people. The boring environment has a strange effect on Pippa. She starts sleepwalking and step-by-step the sad story behind her seemingly perfect life is being revealed, like a Speed addicted mother and other traumatic experiences.It is hard to tell, whether the film is a drama, a romance or a comedy, because it has elements of all three genres but that is exactly why I like this movie: It is not spectacular but it shows life how it really is. Starring great actors, such as Robin Wright Penn in the leading role and Maria Bello as Pippas capricious mother, its worth seeing.
	","Pippa Lee is based on a novel by director Rebecca Miller. It tells the story of a middle-aged woman, Pippa, who is married to a much older husband. As he had recently suffered a heart attack, the couple is moving from New York to a small town for retired people. The boring environment has a strange effect on Pippa. She starts sleepwalking and step-by-step the sad story behind her seemingly perfect life is being revealed, like a speed addicted mother and other traumatic experiences.It is hard to tell, whether the film is a drama, a romance or a comedy, because it has elements of all three genres but that is exactly why I like this movie: It is not spectacular but it shows life how it really is. tarring great actors, such as Robin Wright Penn in the leading role and Maria Bello as Pippas capricious mother, its worth seeing."
54780,59485,59485,cn,Mandarin,B2,4,11,1,81,81A,81,81A,1,Writing a movie review,the,the,40685,04:36:49.987,90,134,117.3333333,"
	  Hi everyone. I'm glad to introduce a wonderful movie to you-Twilight, one blockbuster film. The movie ganre is supernatural, so you can see what will be happened between a girl and a vampire.It's a prodution of Summit Films. (121 mins) In the new school, Bella meets a boy named Edward. He's not only handsome, smart, humorous, as well as Bella very common - the same loneliness. But Edward's true identity is a vampire; but not the same as other vampires, Edward and his The family chose a other way of life, they don't drink human's blood, just eating the blood of living animals. With the development of loving, they are facing new challenge. How will Bella and Edward's love be going on? I had seen this film by several times. How about you?
	","Hi everyone. I'm glad to introduce a wonderful movie to you-twilight, one blockbuster film. The movie ganze is supernatural, so you can see what will be happened between a girl and a vampire.It's a production of Summit films. (121 mins) In the new school, Bella meets a boy named Edward. He's not only handsome, smart, humorous, as well as Bella very common - the same loneliness. But Edward's true identity is a vampire; but not the same as other vampires, Edward and his The family chose a other way of life, they don't drink human's blood, just eating the blood of living animals. With the development of loving, they are facing new challenge. How will Bella and Edward's love be going on? I had seen this film by several times. How about you?"
19982,38644,38644,de,German,B2,4,11,1,81,81A,81,81A,1,Writing a movie review,the,the,40686,05:22:06.457,78,91,130.4635294,"
	  Das Schmuckstck, France 2010, 103 Minutes, is an amazing comedy and romance. Rober Pujol leads his umbrellas producing company with strongarm tactics. The workers want to earn more money. His wife (Catherine Deneuve)has her own meaning about this. During a strike Pujol gets an heard attack. Reluctantly his wife takes over rhe leadership und bargains with the workforce. Allthough she has written only poems up to then she is very successful. At this time she gets in contact with the trade-unionist Maurice (Gerard Depardieu), an old love. Worth seeing
	","was Schmuckstck, France 2010, 103 minutes, is an amazing comedy and romance. Robert Pool leads his umbrellas producing company with strongarm tactics. The workers want to earn more money. His wife (Catherine Deneuve)has her own meaning about this. During a strike Pool gets an heard attack. reluctantly his wife takes over rhe leadership and bargains with the workforce. Although she has written only poems up to then she is very successful. At this time she gets in contact with the trade-unionist Maurice (Gerard Depardieu), an old love. Worth seeing"
59913,91789,91789,ru,Russian,B2,4,11,1,81,81A,81,81A,1,Writing a movie review,the,the,40687,07:12:17.810,80,134,110.2411348,"
	  Limitless.  ""You know how they say that we can only access 20% of our brains. This let you access all of them."" Can you imagine Bradley Cooper being a loser? The ""Limitless"" movie gives you a chance to see it! His hero, Edward Morra, is an unsuccsessful writer in his middle fourties. He has no inspiration to write books, he lives in a small dirty flat and he is even deserted by his girlfriend. It seems that there is no reason to live, but suddenly he meets his old fellow, who changes Eddies life in a few seconds. He gets everything a man can dream of! But ""There's no such thing as free lunch"", and what would be a price? It may even be a life.  A thrilling story that you shouldnt pass over.
	","limitless. ""You know how they say that we can only access 20% of our brains. This let you access all of them."" Can you imagine Bradley Cooper being a loser? The ""limitless"" movie gives you a chance to see it! His hero, Edward Morra, is an unsuccessful writer in his middle forties. He has no inspiration to write books, he lives in a small dirty flat and he is even deserted by his girlfriend. It seems that there is no reason to live, but suddenly he meets his old fellow, who changes eddies life in a few seconds. He gets everything a man can dream of! But ""There's no such thing as free lunch"", and what would be a price? It may even be a life. A thrilling story that you shouldnt pass over."
58887,15496,15496,ru,Russian,B2,4,11,1,81,81A,81,81A,1,Writing a movie review,the,the,40688,07:02:48.807,93,155,151.8292683,"
	  Avatar - sci-fi fiction/fantasy/adventure/action Best film of all time! And I'm not kidding - certainly a must-see for everyone who likes adventures and wants to experience a very diffrent, but extraordinary beautiful wold of a distant planet. Unbelivable special effects! Extraterrestrial landscapes are just breathtaking and you realy can't take your eyes off the screen. You are like ""Woooh"" on an inhale and forget to make an exhale the most time during the film. Chases, dragon's flyings, mysterious plants, birds and animals - outstanding designer's work. General characters are so professionaly and nice developed that you are starting to believe that they are real. An exellent soundtrack as a bonus. Necessary to mention that the film promotes the humanism, respect for the nature and motivates for the caring about our own planet Earth. So I can recommend this masterpiece to you from all my heart and if you'll miss it - it's your loss.
	","avatar - sci-fi fiction/fantasy/adventure/action Best film of all time! And I'm not kidding - certainly a must-see for everyone who likes adventures and wants to experience a very different, but extraordinary beautiful wold of a distant planet. unbelievable special effects! extraterrestrial landscapes are just breathtaking and you really can't take your eyes off the screen. You are like ""tooth"" on an inhale and forget to make an exhale the most time during the film. phases, dragon's flyings, mysterious plants, birds and animals - outstanding designer's work. General characters are so professional and nice developed that you are starting to believe that they are real. An excellent soundtrack as a bonus. necessary to mention that the film promotes the humanism, respect for the nature and motivates for the caring about our own planet Earth. So I can recommend this masterpiece to you from all my heart and if you'll miss it - it's your loss."
59602,164563,164563,ru,Russian,B2,4,11,1,81,81A,81,81A,1,Writing a movie review,the,the,40689,02:54:32.800,70,142,152.5924324,"
	  The movie ""In search of Captain Grant"" is based on  world famous book ""The children of Captain Grant"" by J. Verne.   The action is started when the owners of  yacht ""Dunkan"" lord Glenarvan and his wife, lady Ellen, are found a boutle with  notes. The notes contain help request. The brave English man on the ""Duncan"" set out   dangerous travel to resque capitan Grant. During this trip they meet with enormous dangers and make new friends. The director of the movie Stanislav Govorukhin invited excellent actors which can expressed the spirit of the novel. Lord Glenarvan is  brilliant Nikolai Eremenko, Paganel is Lembit Ulfsak (which was so amazing in Good bye Marry Poppins), Marina Vlady,  Aleksandr Abdulov and etc.  I'm sure that is the best interpreation of the breathtaking plot. Thank for which people go around the world, perhaps  the first time.
	","The movie ""In search of Captain Grant"" is based on world famous book ""The children of Captain Grant"" by J. Verne. The action is started when the owners of yacht ""Duncan"" lord Glenallan and his wife, lady Ellen, are found a bottle with notes. The notes contain help request. The brave English man on the ""Duncan"" set out dangerous travel to rescue capitan Grant. During this trip they meet with enormous dangers and make new friends. The director of the movie Stanislao Govorukhin invited excellent actors which can expressed the spirit of the novel. Lord Glenallan is brilliant Nikolai Eremenko, Pagnol is emit Ulsan (which was so amazing in Good bye Mary Poppins), Marina lady, Aleksandr Abdul and etc. I'm sure that is the best interpretation of the breathtaking plot. Thank for which people go around the world, perhaps the first time."
64428,170546,170546,ru,Russian,B2,4,11,1,81,81A,81,81A,1,Writing a movie review,the,the,40690,07:44:11.270,98,136,133,"
	  Captain Jack Sparrow is back in the 4th movie called 'Pirates of the caribbean: on stranger tides', searching for the mysterious fountain of Youth. Yet this time he has no old team by his side and has to partly collaborate with both Barbossa and Blackbeard and his doughter (and Jack's ex-lover at the same time) to achieve the goal, which makes aa absolute must-see. Another episode of the famous series of fantasy-adventure movie still has all its charms of the scenary and amazing acting skills of Johny Depp even without Bloom and Knightley. Surpprisingly, the movie managed to survive their absence and gives the story a completely new unpredictable twist. In other words, it's still your old best friend Jack Sparrow with all his abilities to amuse and make you laugh out loud.
	","Captain Jack Sparrow is back in the 4th movie called 'pirates of the caribbean: on stranger tides', searching for the mysterious fountain of mouth. Yet this time he has no old team by his side and has to partly collaborate with both Barboza and Blackbeard and his daughter (and Jack's ex-lover at the same time) to achieve the goal, which makes aa absolute must-see. Another episode of the famous series of fantasy-adventure movie still has all its charms of the scenary and amazing acting skills of Johny Depp even without Bloom and nightly. surprisingly, the movie managed to survive their absence and gives the story a completely new unpredictable twist. In other words, it's still your old best friend Jack Sparrow with all his abilities to amuse and make you laugh out loud."
51442,14512,14512,cn,Mandarin,B2,4,11,1,81,81A,81,81A,1,Writing a movie review,the,the,40690,13:46:53.370,96,123,133.0672,"
	  My Mum's Boyfriend-comedy,action A young FBI Henry(Colin Hanks) gets a new mission to monitor his mother(Meg Ryan) and her boyfriend(Antonio Banderas),who are doubted might be connected with an art thief gang.When henry returns home three years later,he has to face a brandnew mother with several boyfriends.But the real trouble is her new boyfriend Tommy,a FBI suspect.So Henry has to act secretly.And something interesting happens certainly during the course. But only at the very end can you find the real special task of CIA. Meg Ryan's new film. You can find love,fun and a little action in the picture.But 100 munites is a little too long for the simple plot.
	","My sum's boyfriend-comedy,action A young FBI Henry(Colin ranks) gets a new mission to monitor his mother(Meg Ryan) and her boyfriend(Antonio Bandera),who are doubted might be connected with an art thief gang.When henry returns home three years later,he has to face a branded mother with several boyfriends.But the real trouble is her new boyfriend Tommy,a FBI suspect.So Henry has to act secretly.And something interesting happens certainly during the course. But only at the very end can you find the real special task of CIA. Meg Ryan's new film. You can find love,fun and a little action in the picture.But 100 munites is a little too long for the simple plot."
33341,147718,147718,br,Portuguese,B2,4,11,1,81,81A,81,81A,1,Writing a movie review,the,the,40690,14:09:41.370,94,129,55.59041186,"
	  LET THE RIGHT ONE IN115 min - Drama/HorrorLet the Right One In is a masterpiece from the swedish director Tomas Alfredson. Based on the novel of the same name, by John Ajvide Lindqvist, the plot shows the story of Oscar, a bullied 12-year-old boy who met a girl (a child vampire) who moved to his building and starts to help Oscar to defeat his bully enemies from the school. Meanwhile, both starts to falling in love each other. Different from all other vampire movies, in a cold place and with a stunning picture, Let the Righ One In is a sensible and artistic movie, with breathless performances from the kids. Theres an american remake made on 2010, but definitely, the original is just superior in all aspects.
	","LE THE RIGHT ONE IN115 min - drama/HorrorLet the Right One In is a masterpiece from the swedish director Tomas Alfredo. based on the novel of the same name, by John divide Lindquist, the plot shows the story of Oscar, a bullied 12-year-old boy who met a girl (a child vampire) who moved to his building and starts to help Oscar to defeat his bully enemies from the school. Meanwhile, both starts to falling in love each other. Different from all other vampire movies, in a cold place and with a stunning picture, Let the high One In is a sensible and artistic movie, with breathless performances from the kids. There an american remake made on 2010, but definitely, the original is just superior in all aspects."
62505,166146,166146,it,Italian,B2,4,11,1,81,81A,81,81A,1,Writing a movie review,the,the,40690,14:23:29.013,95,141,143.7457895,"
	  Watch the new Katherine Bigelow's masterpiece: The Hurt Locker Winner of 7 Oscars including: Best Motion Picture of the Year and Best Writing, Screenplay Written Directly for the Screen. ""The Hurt Locker"" is an intense portrayal of elite soldiers who have one of the most dangerous jobs in the world: disarming IED (improvised explosing devices) in the combat. When a new sergeant, James, (interpreted by Jeremy Renner, who took a nomination for Best Performance by an Actor in a Leading Role) arrives in Iraq he surprises his two subordinates, Sanborn and Eldridge, by recklessly plunging them into a deadly game of urban combat. James behaves as if he's indifferent to death. As the men struggle to control their wild new leader, the city explodes into chaos, and James' true character reveals itself in a way that will change each man forever.
	","watch the new Katherine Bigelow's masterpiece: The hurt Locke Winner of 7 Oscars including: Best motion picture of the Year and Best writing, screenplay written Directly for the screen. ""The hurt Locke"" is an intense portrayal of elite soldiers who have one of the most dangerous jobs in the world: disarming ID (improvised exposing devices) in the combat. When a new sergeant, James, (interpreted by Jeremy Renner, who took a nomination for Best performance by an Actor in a Leading sole) arrives in Iraq he surprises his two subordinates, Sanborn and Eldridge, by recklessly plunging them into a deadly game of urban combat. James behaves as if he's indifferent to death. As the men struggle to control their wild new leader, the city explodes into chaos, and James' true character reveals itself in a way that will change each man forever."
63596,27545,27545,ru,Russian,B2,4,11,1,81,81A,81,81A,1,Writing a movie review,the,the,40690,17:44:07.453,87,104,129.8309091,"
	  Paramount Pictures and Marvel Studios' present big-screen adaptation of Marvel's legendarysuper hero Iron Man! The leading heros, Robert Downey Jr., Gwenneth Paltrow and Jeff Bridges, won two Oscars for special effects. This sci-fi adventure sees Robert Downey Jr. star as Tony Stark, playboy genius head of Stark Industries. After being captured during an ambush, Stark is forced to build a super weapon for his captor. However, using his intellegence, Tony instead makes a high-tech suit which allows him to escape. Stark discovers a dengerous plot and resolves to protect the world in his new role as Iron Man. Two thumbs up!
	","Paramount pictures and Marvel Studies' present big-screen adaptation of Marvel's legendarysuper hero Iron Man! The leading heros, Robert Downey Jr., Gwenneth waltrot and Jeff Bridges, won two Oscars for special effects. This sci-fi adventure sees Robert Downey Jr. star as Tony Stark, playboy genius head of Stark Industries. After being captured during an ambush, Stark is forced to build a super weapon for his captor. However, using his intelligence, Tony instead makes a high-tech suit which allows him to escape. Stark discovers a dangerous plot and resolves to protect the world in his new role as Iron Man. Two thumbs up!"
65253,96260,96260,ru,Russian,B2,4,11,1,81,81A,81,81A,1,Writing a movie review,the,the,40691,03:40:07.910,98,124,113.1337209,"
	  Pirates of the Caribbean: On Stranger Tides, action and fantasy film, which has recently appeared on big-screens in 3D, promised to be the top-one movie of this season. Unfortunately, it didnt occur. The plot is full of holes compared with the previous parts. The theme is universal: the sly pirate against evil. However, it is too superficial as well as the roles played by the leading actors Penelopa Cruz and Johnny Depp. However, not everything is so awful and the movie, directed by Gore Verbinski, will not be a flop. Both children and adults will enjoy by special effects and spectacular water scenes. On the other hand, it doesnt guarantee that audience wont be tired due to the length of the film.
	","pirates of the Caribbean: On Stranger sides, action and fantasy film, which has recently appeared on big-screens in 3D, promised to be the top-one movie of this season. Unfortunately, it didnt occur. The plot is full of holes compared with the previous parts. The theme is universal: the sly pirate against evil. However, it is too superficial as well as the roles played by the leading actors Penelopa Cruz and Johnny Depp. However, not everything is so awful and the movie, directed by Gore Verbinski, will not be a flop. Both children and adults will enjoy by special effects and spectacular water scenes. On the other hand, it doesnt guarantee that audience wont be tired due to the length of the film."
1671,60951,60951,ru,Russian,B2,4,11,1,81,81A,81,81A,1,Writing a movie review,the,the,40691,06:54:29.777,95,124,50.29278303,"
	  Das Experiment. Thriller/Drama. Filmed in Germany in 2000. 120 min The group of scientists have decided to make an experiment with a group of people, placed in artificially created prison. They divided people to prisoners and guards and asked them to behave accordingly to their roles. The further the experiment went, the more aggressive the people became. The famous saying: ""A human is a wolf to another human, but zombie is zombie to zombie"" reflects the main idea of the film. I would not recommend to watch the film to women and children, because the second part of the movie is quite shocking, but I personally liked it a lot, because it made me to think about me own behavior in the society.
	","was experiment. shriller/drama. Filmer in Germany in 2000. 120 min The group of scientists have decided to make an experiment with a group of people, placed in artificially created prison. They divided people to prisoners and guards and asked them to behave accordingly to their roles. The further the experiment went, the more aggressive the people became. The famous saying: ""A human is a wolf to another human, but zombie is zombie to zombie"" reflects the main idea of the film. I would not recommend to watch the film to women and children, because the second part of the movie is quite shocking, but I personally liked it a lot, because it made me to think about me own behavior in the society."
42676,26613,26613,cn,Mandarin,B2,4,11,1,81,81A,81,81A,1,Writing a movie review,the,the,40692,03:58:50.750,96,130,64.5,"
	  Clam down! See the KUNG FU Panda how to save the CHINA. Cartoon KUNG FU Panda II is a sequel to tell the grown-up panda A BAO. A BAO has sucessfully became the Dragon Hero, led a ideal life with his teacher and other five heroes. But life is not peaceful since wolves raided the country again and again. Meanwhile, Peafowl Shen is planning a terrible evil. She has discovered a new powerful weapon and fastered her step to distroy the CHINA and KUNG FU, and then set up her own dynasty. A BAO had to leave his nursing father to finish his true families battle against Shen. It is a tough task to stop Shen, but A BAO finally make it! Just go to enjoy the exciting plots!
	","Clay down! See the UG F Panna how to save the CIA. cartoon UG F Panna II is a sequel to tell the grown-up panda A BAO. A BAO has successfully became the Dragon Hero, led a ideal life with his teacher and other five heroes. But life is not peaceful since wolves raided the country again and again. Meanwhile, peafowl Shen is planning a terrible evil. She has discovered a new powerful weapon and fastened her step to destroy the CIA and UG F, and then set up her own dynasty. A BAO had to leave his nursing father to finish his true families battle against Shen. It is a tough task to stop Shen, but A BAO finally make it! Just go to enjoy the exciting plots!"
58072,140773,140773,de,German,B2,4,11,1,81,81A,81,81A,1,Writing a movie review,the,the,40692,14:44:36.343,98,114,76.43321364,"
	  The King's Speech is a marvelous film about the former King George VI. of Great Britain who unfortunately stuttered when he had to speak in public. Because he was the husband of the lately deceased Queen Mom they had to ask for permission which was granted by Her Majesty last year. In the beginning he was not supposed to be king because of his elder brother. But his brother decided to marry an already divorced US girl and therefore had to give up the kingdom. The king went to a speach therapist and with the help of his wife (the late Queen Mom) he succeeded and became a very popular king in Great Britain.
	",The King's Speech is a marvelous film about the former King George VI. of Great Britain who unfortunately stuttered when he had to speak in public. Because he was the husband of the lately deceased Queen Mon they had to ask for permission which was granted by Her Majesty last year. In the beginning he was not supposed to be king because of his elder brother. But his brother decided to marry an already divorced US girl and therefore had to give up the kingdom. The king went to a speech therapist and with the help of his wife (the late Queen Mon) he succeeded and became a very popular king in Great Britain.
58672,126726,126726,ru,Russian,B2,4,11,1,81,81A,81,81A,1,Writing a movie review,the,the,40692,15:37:03.443,97,124,75.46979206,"
	  Walt Disney Pictures presents: ""Pirates of the Caribbean: On Stranger Tides"". This is the fourth action-film of the saga about Jack Sparrow and his friends. In difference with three previous films, this one is directed by Rob Marshall. The main roles are played by Johnny Deep, Penelopa Cruz and Jefry Rush. The plot of the story is based on the novel with the similar title by Tim Powers. Captain Jack (Johnny Deep) repeats (74) his trying to find the sourse of eternal youth. During the film he meets his ex-lover - Angelika (Penelopa Cruz). And from this moment in the film appear some elements of love story. If you like Johnny Deep and his manner of acting - you necessarily should see this film.
	","Walt Disney pictures presents: ""pirates of the Caribbean: On Stranger sides"". This is the fourth action-film of the saga about Jack Sparrow and his friends. In difference with three previous films, this one is directed by Rob Marshall. The main roles are played by Johnny deep, Penelopa Cruz and Jewry Rush. The plot of the story is based on the novel with the similar title by Tim Powers. Captain Jack (Johnny deep) repeats (74) his trying to find the sourse of eternal youth. During the film he meets his ex-lover - Angelika (Penelopa Cruz). And from this moment in the film appear some elements of love story. If you like Johnny deep and his manner of acting - you necessarily should see this film."
43241,124296,124296,br,Portuguese,B2,4,11,1,81,81A,81,81A,1,Writing a movie review,the,the,40692,19:21:51.443,65,77,87.37473684,"
	  Watch RIO, the animation of the year! The story takes place in Rio de Janeiro, the blue macaws are will be extinct, unless someone could help their last two exemplars, a male and a female, to meet again. Will the human protagonists save the Macaw race, even while running against the time and fighting with the bird thefts? The mix of samba, Carnaval and a romantic story makes it one of the best animations of all time.
	","watch ROI, the animation of the year! The story takes place in Rio de Janeiro, the blue macaws are will be extinct, unless someone could help their last two exemplars, a male and a female, to meet again. Will the human protagonists save the macaw race, even while running against the time and fighting with the bird thefts? The mix of samba, Carnival and a romantic story makes it one of the best animations of all time."
67725,32667,32667,de,German,B2,4,11,1,81,81A,81,81A,1,Writing a movie review,the,the,40694,05:19:19.877,84,73,76.39578947,"
	  The last movie I have watched has been Iron Man. It is a sciene-fiction action film. The films deals with escaping from depression and fighting against the bad in the world. I think the movie was great because of so many special effects and excellent actors. That is why Iron Man has been the winner of two Oscars. The movie will be intertesting for everyone who likes action films and high technologies.
	",The last movie I have watched has been Iron Man. It is a science-fiction action film. The films deals with escaping from depression and fighting against the bad in the world. I think the movie was great because of so many special effects and excellent actors. That is why Iron Man has been the winner of two Oscars. The movie will be interesting for everyone who likes action films and high technologies.
64867,88901,88901,ru,Russian,B2,4,11,1,81,81A,81,81A,1,Writing a movie review,the,the,40694,09:55:01.243,80,117,134.56,"
	  The King's Speech, 2010.  Historical drama directed by Tom Hooper is based on biografy of real legendar person - British King Georg VI. This movie get 4 Oscars in this year. Action of the film is in 1930s. Europe is in anticipation of Great World War II. Prince George (Colin Firth) going to be a King of Great Britain. But he has a big troubles with his speech technic because of his stammer. Trying to help George, his wife Elizabeth (Helena Bonham Carter) find a peculiar oratory teacher (Geoffrey Rush). After many trainings and really hard overcoming of initial dificulties King George finally could find enouth internal forces and say the brave pre-war speech to his nation.
	","The King's Speech, 2010. Historical drama directed by Tom Hooper is based on biography of real legendary person - British King Georg VI. This movie get 4 Oscars in this year. Action of the film is in 1930s. Europe is in anticipation of Great World War II. Prince George (Colin Firth) going to be a King of Great Britain. But he has a big troubles with his speech technic because of his stammer. trying to help George, his wife Elizabeth (Helena Bonham Carter) find a peculiar oratory teacher (Geoffrey Rush). After many trainings and really hard overcoming of initial difficulties King George finally could find enough internal forces and say the brave pre-war speech to his nation."
60837,19619,19619,ru,Russian,B2,4,11,1,81,81A,81,81A,1,Writing a movie review,the,the,40694,14:18:37.817,92,116,145.5552,"
	  Eat, Pray, Love - a romance based on world-wide known bestseller and featuring two top celebraties Julia Roberts and Havier Bardem.  The movie starts in New York where Liz (Julia Roberts) lives with her husband happily maried for several years until she realises she has never lived with her own feelings. They get divorce and new journey with one-way ticket to Italy, India and Indonesia occupies the life of the main hero. The one is excellently acted by Havier Bardem breakes into her life like an ocean breeze fresh and sincere. The picture worth watching it because of a possibility to understand yourself better. High quality music and marvelous views will add to the impression.
	","at, Pray, Love - a romance based on world-wide known bestseller and featuring two top celebrates Julia Roberts and cavier Barden. The movie starts in New York where Liz (Julia Roberts) lives with her husband happily marked for several years until she realises she has never lived with her own feelings. They get divorce and new journey with one-way ticket to Italy, India and Indonesia occupies the life of the main hero. The one is excellently acted by cavier Barden breaks into her life like an ocean breeze fresh and sincere. The picture worth watching it because of a possibility to understand yourself better. High quality music and marvelous views will add to the impression."
66277,149376,149376,ru,Russian,B2,4,11,1,81,81A,81,81A,1,Writing a movie review,the,the,40694,15:12:02.387,97,128,95.16767733,"
	  Can you fall in love with someone from the first word? Can you correspond with someone from past? The Lake House shows that there's place for fairy-tail even in our everyday life.  A single doctor lived in unsual house on a bank of a lake and began correspond with a new house owner - an architecture, disappointed with his life. Doctor Kate Foster (Sandra Bullock) have changed her work and should left this lake house. She left a letter for the next lodge in mail box. However, the receiver of it became Alex Wyler (Keanu Reeves) who were living here two years earlier. And the cross time correspondence began...  Everyone will find something in this light romance/drama film with unexpected plot, convincing actor's play and beautiful settings. 
	","Can you fall in love with someone from the first word? Can you correspond with someone from past? The Lake House shows that there's place for fairy-tail even in our everyday life. A single doctor lived in usual house on a bank of a lake and began correspond with a new house owner - an architecture, disappointed with his life. Doctor Kate Foster (Sandra Bullock) have changed her work and should left this lake house. She left a letter for the next lodge in mail box. However, the receiver of it became Alex Wyler (Keane Reeves) who were living here two years earlier. And the cross time correspondence began... Everyone will find something in this light romance/drama film with unexpected plot, convincing actor's play and beautiful settings."
62661,166459,166459,ru,Russian,B2,4,11,1,81,81A,81,81A,1,Writing a movie review,the,the,40695,12:56:53.207,89,150,190.9090909,"
	  The Tourist by SonyPictures, 2010 3 Golden Globe nominations for best actor, best actress and best motion picture The thriller adventure sees noted stars Johnny Depp and Angelina Jolie as young couple, Frank and Elise. They occasionally met in the train to Venice and had some small talks during their journey. Unexpectedly it was continued, and Frank, simple American mathematician, accidentally found himself involved into set of dangerous and rapidly developing events, where he had to deal not only with increadibly beautiful and mysteriously attractive Elise, but also with criminals, police, even Interpol and had to make some fast decisions to avoid numerous really harmful situations. Multiple chases, accompanied by breathtaking views of Venice on backgroung and bewitching smiles of Angelina Jolie, dressed up in magnificient attires, will not allow any viewer to be indifferent. Everyone will find his own special distinctive features in this light and sparkling cinematographic masterpiece.
	","The tourist by SonyPictures, 2010 3 Golden Globe nominations for best actor, best actress and best motion picture The thriller adventure sees noted stars Johnny Depp and Angelina Jolie as young couple, Frank and Elise. They occasionally met in the train to Venice and had some small talks during their journey. unexpectedly it was continued, and Frank, simple American mathematician, accidentally found himself involved into set of dangerous and rapidly developing events, where he had to deal not only with incredibly beautiful and mysteriously attractive Elise, but also with criminals, police, even Interpol and had to make some fast decisions to avoid numerous really harmful situations. Multiple chases, accompanied by breathtaking views of Venice on background and bewitching smiles of Angelina Jolie, dressed up in magnificent attires, will not allow any viewer to be indifferent. Everyone will find his own special distinctive features in this light and sparkling cinematographic masterpiece."
67182,78731,78731,it,Italian,B2,4,11,1,81,81A,81,81A,1,Writing a movie review,the,the,40695,16:04:58.920,93,151,93.68672666,"
	  Miami Vice, Action, 134 min. - USA 2006. Miami Vice is based on the famous tv serie by Anthony Yerkovich, went to the air in the Eighties. The movie directed by Micheal Mann tells the story of Sonny Crockett and Ricardo Tubbs, two detectives of Miami Police who infiltrate a criminal organization in order to transport  some loads of drug from South America to USA. During the mission, Crockett starts a dangerous love relationship with Isabella, the girlfriend of Arcangel de Jesus Montoya, the crime boss. Montoyas right-hand man, Jos Yero, does everything to eliminate Crockett and Tubbs. The highlight is the spectacular shooting during the drug exchange between policemen and criminals. This film is perfect for people who like the mix between detective story, fierce action and passionate but complicated love. The actors Colin Farrell, Jamie Foxx and Gong Li capture the spectators with with their glamour and good performance. 
	","Miami Vice, Action, 134 min. - USA 2006. Miami Vice is based on the famous tv series by Anthony Yerkovich, went to the air in the Eighties. The movie directed by Micheal Mann tells the story of Sonny Crockett and Ricardo Tibbs, two detectives of Miami Police who infiltrate a criminal organization in order to transport some loads of drug from South America to USA. During the mission, Crockett starts a dangerous love relationship with Isabella, the girlfriend of Archangel de Jesus Montoya, the crime boss. Montoya right-hand man, Jos hero, does everything to eliminate Crockett and Tibbs. The highlight is the spectacular shooting during the drug exchange between policemen and criminals. This film is perfect for people who like the mix between detective story, fierce action and passionate but complicated love. The actors Colin Farrell, Jamie Fox and long Li capture the spectators with with their glamour and good performance."
47024,144498,144498,br,Portuguese,B2,4,11,1,81,81A,81,81A,1,Writing a movie review,the,the,40696,10:08:15.220,98,148,78.94399688,"
	  I Am Number Four is a breathless page-turner of a sci-fi novel. That's about a teen alien who must unleash his fire power to save himself, his human friends, and the planet. This is the first of a slated multi-book series. John Smith has just arrived in Paradise, Ohio, just another stop in a string of small towns where the 15 year old alien has been hiding out from the Mogadorians. Those terrifying aliens are determined on destroying him and the other nine Loric children who have sought refuge on Earth. The Mogadorians are picking off the surviving kids in numerical order. The first three are dead and John's number is up. But, at the end, his power will increase and he will be able to manage them. He will find a girl of his kind and together they will manage to defeat teh Mogadorians. 
	","I Am Number Four is a breathless page-turner of a sci-fi novel. That's about a teen alien who must unleash his fire power to save himself, his human friends, and the planet. This is the first of a slated multi-book series. John Smith has just arrived in Paradise, Ohio, just another stop in a string of small towns where the 15 year old alien has been hiding out from the Mogadorians. Those terrifying aliens are determined on destroying him and the other nine goric children who have sought refuge on Earth. The Mogadorians are picking off the surviving kids in numerical order. The first three are dead and John's number is up. But, at the end, his power will increase and he will be able to manage them. He will find a girl of his kind and together they will manage to defeat the Mogadorians."
36879,30587,30587,de,German,B2,4,11,1,81,81A,81,81A,1,Writing a movie review,the,the,40698,05:25:45.077,88,103,63.44698002,"
	  Vision: From the life of Hildegard von Bingen Directed by Margaret von Trotta The historical movie sees Barbara Sukowa as Hildegard von Bingen, a German nun who lived in a Benedictine convent at the beginning of the 12th century. This film is about her life and how the leading monks in her convent in this time react about a woman who had extraordinary life visions. She was very interested in reading books and forward-thinking. But she also had a lot of enemies inside the convent because they believed that time a woman would never be chosen by god to receive his visions.
	","vision: From the life of Hildegard von Bingen directed by Margaret von Trotta The historical movie sees Barbara Suckow as Hildegard von Bingen, a German nun who lived in a Benedictine convent at the beginning of the 12th century. This film is about her life and how the leading monks in her convent in this time react about a woman who had extraordinary life visions. She was very interested in reading books and forward-thinking. But she also had a lot of enemies inside the convent because they believed that time a woman would never be chosen by god to receive his visions."
52206,143321,143321,cn,Mandarin,B2,4,11,1,81,81A,81,81A,1,Writing a movie review,the,the,40699,00:01:28.117,85,139,159.2521212,"
	  The other day I reviewed Matrix, a great sci-fic movie directed by Andy and Lana Wachowski, starring Keanu Reeves as Leo and Carrie-Anne Moss as Trinity. The story takes place in the 22th century when computer program dominates the world and slaves human beings, except a few fighting for freedom. Notably Mophes, captain of a warship defending human rights, has been making every effort to figure out the way. With Trinitys assistance, he finds Leo, the hero powerful to destroy the Matrix domination. Leo builds his ability and skill through training and tasks. And at last scene he is almost killed fighting with Matrix agents, but whose potential fully evoked by Trinitys love and wins the battle. It is such a master piece with wonderful plot, breath taking pace and fancy stunts and CGIs Ill never forget.
	","The other day I reviewed matrix, a great sci-fit movie directed by Andy and Lana Wachowski, starring Keane Reeves as Leo and Carrie-Anne Moss as Trinity. The story takes place in the 22th century when computer program dominates the world and slaves human beings, except a few fighting for freedom. notably Moches, captain of a warship defending human rights, has been making every effort to figure out the way. With Trinity assistance, he finds Leo, the hero powerful to destroy the matrix domination. Leo builds his ability and skill through training and tasks. And at last scene he is almost killed fighting with matrix agents, but whose potential fully evoked by Trinity love and wins the battle. It is such a master piece with wonderful plot, breath taking pace and fancy stunts and GIs Ill never forget."
37487,5176,5176,br,Portuguese,B2,4,11,1,81,81A,81,81A,1,Writing a movie review,the,the,40700,11:52:09.207,90,73,88.2175,"
	  Watch this french movie called ""Copie Confprme"". Winner of best actress in 2010 Cannes Festival, Juliette Binoche. This drama is about a midle-aged writer James Miller (Willian Shimmel), does to Italy to participate in a debate and to receive a prize for hos most recent book, called ""Copie Conforme"". During the trip , he meets a misterious woman (Juliette Binoche), and toghether they travel arpund Toscanyregion and they star a self-descovering trip.
	","watch this french movie called ""Codie Confprme"". Winner of best actress in 2010 Cannes festival, Juliette Boche. This drama is about a middle-aged writer James Miller (William Simmel), does to Italy to participate in a debate and to receive a prize for hos most recent book, called ""Codie conform"". During the trip , he meets a mysterious woman (Juliette Boche), and together they travel around Toscanyregion and they star a self-discovering trip."
54521,118539,118539,de,German,B2,4,11,1,81,81A,81,81A,1,Writing a movie review,the,the,40700,12:34:54.907,97,128,168.2692308,"
	  Limitless: Genre: Action, Thriller Brilliant movie with addiction danger!  Eddie Morra is a poor writer, trying to overcome his writer's block. One day he meets his former brother in law, who gives him a top-secret wonder drug. This ""legal"" medicine lets his brain work with 100% capacity instead of normal 20%. From this moment his life changes completely. He learns how to use his new supernatural ability. Certainly Eddie Morra is not the only one, who knows about these drugs. Russian gangsters do not accept a no, that means big troubles for Eddie.  This movie is a wonderful interpretation of rags-to-riches story with excellent performances from Bradley Cooper and Robert De Niro. This film is great entertainment, you wouldn't regret watching it. Two thumbs up! 
	","limitless: Genie: Action, shriller Brilliant movie with addiction danger! Eddie Morra is a poor writer, trying to overcome his writer's block. One day he meets his former brother in law, who gives him a top-secret wonder drug. This ""legal"" medicine lets his brain work with 100% capacity instead of normal 20%. From this moment his life changes completely. He learns how to use his new supernatural ability. Certainly Eddie Morra is not the only one, who knows about these drugs. Russian gangsters do not accept a no, that means big troubles for Eddie. This movie is a wonderful interpretation of rags-to-riches story with excellent performances from Bradley Cooper and Robert De giro. This film is great entertainment, you wouldn't regret watching it. Two thumbs up!"
66032,143461,143461,it,Italian,B2,4,11,1,81,81A,81,81A,1,Writing a movie review,the,the,40700,17:29:39.780,85,91,58.30924914,"
	  Law and Order - The film (2007) Based on a famous TV serie, this film is the result of a double organization of the theme; firstly, a huge part of investigations, suspects, researches make by police department. In a second moment, the film changes location and it falls in a tribunal room, where lawyers fight for the justice. The ""law is egual for everyone"" isn't the ""must"" of this film and you'll be able to understand the reason. This film is perfect for lovers of ""policeandaction"" films with a lot of suspance.
	","Law and Order - The film (2007) based on a famous TV series, this film is the result of a double organization of the theme; firstly, a huge part of investigations, suspects, researches make by police department. In a second moment, the film changes location and it falls in a tribunal room, where lawyers fight for the justice. The ""law is equal for everyone"" isn't the ""must"" of this film and you'll be able to understand the reason. This film is perfect for lovers of ""policeandaction"" films with a lot of suspence."
56309,136249,136249,de,German,B2,4,11,1,81,81A,81,81A,1,Writing a movie review,the,the,40700,17:41:20.287,69,67,53.74159306,"
	  This year the taiwan' movie ""eat drink man woman"" earns the golden medal of the local cinema price. This movie combines an interesting plot about a chinese family, where everybody makes its own way, and amazing scenary and pictures of different places in Taipeh. Anchor of the plot is a dinner of the family members each Sunday. A story about love, marriage and going its own way.
	","This year the taiwan' movie ""eat drink man woman"" earns the golden medal of the local cinema price. This movie combines an interesting plot about a chinese family, where everybody makes its own way, and amazing scenary and pictures of different places in Taipei. anchor of the plot is a dinner of the family members each Sunday. A story about love, marriage and going its own way."
66790,57745,57745,tw,Mandarin,B2,4,11,1,81,81A,81,81A,1,Writing a movie review,the,the,40701,06:00:11.657,88,89,53.48617395,"
	  THOR is based on comics,  the Ausgard ruler Odin cast out his son, Thor, because of his arrogance and recklessness. Thor was banished to Earth and lost his power, but he fell in love with a scientist, Jane. He learned much lessons in Earth, what exactly he needed to be matured. Thor's brother liked to compete the crown with Thor, but his ambtion would destroy Ausgard. When Thor realized his love with Ausgard and Jane, he regained his power. Eventually Thor save the Ausgard and maintain the universal peace.
	","THOR is based on comics, the Asgard ruler Odin cast out his son, Thor, because of his arrogance and recklessness. Thor was banished to Earth and lost his power, but he fell in love with a scientist, Jane. He learned much lessons in Earth, what exactly he needed to be matured. Thor's brother liked to compete the crown with Thor, but his ambition would destroy Asgard. When Thor realized his love with Asgard and Jane, he regained his power. eventually Thor save the Asgard and maintain the universal peace."
52855,157732,157732,de,German,B2,4,11,1,81,81A,81,81A,1,Writing a movie review,the,the,40701,06:00:19.720,94,104,112.0430769,"
	  The last movie I watched was Iron Man, a blockbuster by Paramount Pictures and Marvel studios. In this science-fiction adventure Robert Downey Jr. plays Tony Stark, the playboy genius head of Stark Industries. Tony makes a high-tech suit which allows him to escape from his captor. Stark starts to protect the world in his new role as Iron Man. Iron Man succeeds because of its brilliant characters ands amazing storyline. Robert Downey Jr., Gwenneth Paltrow and Jeff Bridges excel in their roles and the supporting cast does a fine job too. The movie is the winner of two Oscars for special effects.
	","The last movie I watched was Iron Man, a blockbuster by Paramount pictures and Marvel studios. In this science-fiction adventure Robert Downey Jr. plays Tony Stark, the playboy genius head of Stark Industries. Tony makes a high-tech suit which allows him to escape from his captor. Stark starts to protect the world in his new role as Iron Man. Iron Man succeeds because of its brilliant characters ands amazing storyline. Robert Downey Jr., Gwenneth waltrot and Jeff Bridges excel in their roles and the supporting cast does a fine job too. The movie is the winner of two Oscars for special effects."
64808,155679,155679,ru,Russian,B2,4,11,1,81,81A,81,81A,1,Writing a movie review,the,the,40701,09:53:56.063,91,153,152,"
	  The latest film by a famous Russian director Timur Bekmametov ""Vykrutasy"" is an enjoyable comedy for all ages. If you are looking for a light movie for all the family, you definitely should watch it. This is a romantic story about sentimental and sincere school-teacher Kolotilov (by Konstantin Habenskiy) who arrives to Moscow from small provincial city to try his fortune as a writer. He experiences failure with his first novel very soon. Disappointed by his unsuccessful attempt he is going to come back to his small quiet town when suddenly at a crossroad he meets his fortune - a young beautiful Muscovite (Milla Jovovich), who has occasionally knocked him down by her car. So begins a surprising and funny love story. I should notice that a script of this film is as well as a fascinating play of the leading actors. Enjoyable movie with surprising scenario and excellent humor  two thumbs up!
	","The latest film by a famous Russian director Timur Bekmametov ""Vykrutasy"" is an enjoyable comedy for all ages. If you are looking for a light movie for all the family, you definitely should watch it. This is a romantic story about sentimental and sincere school-teacher Kolotilov (by Konstantin Habenskiy) who arrives to Moscow from small provincial city to try his fortune as a writer. He experiences failure with his first novel very soon. disappointed by his unsuccessful attempt he is going to come back to his small quiet town when suddenly at a crossroad he meets his fortune - a young beautiful Muscovite (Milla Jovanovich), who has occasionally knocked him down by her car. So begins a surprising and funny love story. I should notice that a script of this film is as well as a fascinating play of the leading actors. enjoyable movie with surprising scenario and excellent humor two thumbs up!"
49871,10506,10506,br,Portuguese,B2,4,11,1,81,81A,81,81A,1,Writing a movie review,the,the,40701,12:41:40.213,88,132,69.27891845,"
	  Come on to see ""The Hangover 2""! The film is now a box-office hit, you can't miss it! The continuation of the success ""The Hangover"" is now on the movies. If you had a good time with the first one, this one won't be different. It's a comedy about some friends before the marriage of one of them and a day before it they had some troubles... The characters and the plot are really funny! If you didn't see the first movie, maybe would have some jokes that you won't understand. Anyway, the film will be interesting. The last scene it's unexpected and you will probably think sometimes during the film ""Oh my God, the monkey it's from evil!"". Got curious? Come on to see it! And won't forget your popcorn!
	","Come on to see ""The Hanover 2""! The film is now a box-office hit, you can't miss it! The continuation of the success ""The Hanover"" is now on the movies. If you had a good time with the first one, this one won't be different. It's a comedy about some friends before the marriage of one of them and a day before it they had some troubles... The characters and the plot are really funny! If you didn't see the first movie, maybe would have some jokes that you won't understand. anyway, the film will be interesting. The last scene it's unexpected and you will probably think sometimes during the film ""Oh my God, the monkey it's from evil!"". not curious? Come on to see it! And won't forget your popcorn!"
39394,89011,89011,br,Portuguese,B2,4,11,1,81,81A,81,81A,1,Writing a movie review,the,the,40701,21:35:17.093,86,183,76.25,"
	  Our Home Our Home is a movie based on Our Home  book written by Francisco Cndido Xavier a famous spiritist medium from Brazil. The movie tells a story about a important doctor called Andr Luiz who lived in Rio de Janeiro in the middle of  20 century. After Andr Luiz passed away he realized that the a life continues, but because of his life style he lives in a dark place called umbral where he looked down upon by other spirits that judge him as a suicidal. After some years Andr Luiz pray to Jesus asking for help and aliviate his pain. One day his pray was listened by a friendly spirit called Clarncio who goes rescue Andr Luiz from umbral and take him to Our Home spiritual city. There Andr Luiz gets better and start to learn about spiritual life and how is impotant to respect, work and love for good of others. Our Home is a movie very interesting that shows that the life continues after death and how is important for human beings to live in harmony with their fellows.
	","Our Home Our Home is a movie based on Our Home book written by Francisco indigo Xavier a famous spiritist medium from Brazil. The movie tells a story about a important doctor called Andr Luz who lived in Rio de Janeiro in the middle of 20 century. After Andr Luz passed away he realized that the a life continues, but because of his life style he lives in a dark place called umbral where he looked down upon by other spirits that judge him as a suicidal. After some years Andr Luz pray to Jesus asking for help and alleviate his pain. One day his pray was listened by a friendly spirit called Clarncio who goes rescue Andr Luz from umbral and take him to Our Home spiritual city. There Andr Luz gets better and start to learn about spiritual life and how is important to respect, work and love for good of others. Our Home is a movie very interesting that shows that the life continues after death and how is important for human beings to live in harmony with their fellows."
57298,71334,71334,jp,Japanese,B2,4,11,1,81,81A,81,81A,1,Writing a movie review,the,the,40702,01:21:02.403,79,71,70.16210526,"
	  Iron Man is very exicitng movie. It's science-fiction adventure and starring Robert Downey Jr., Gwynneth Paltrow and Jeff Bridges. Tony Stark who is roled by Robert, is the genius head of Stark Industries and he is forced to build a super weapon for his captor. However he makes a hig-tech suit instead of the weapon, and use it to protect the world in his new role as Iron Man.
	","Iron Man is very existing movie. It's science-fiction adventure and starring Robert Downey Jr., Gwenneth waltrot and Jeff Bridges. Tony Stark who is role by Robert, is the genius head of Stark Industries and he is forced to build a super weapon for his captor. However he makes a his-tech suit instead of the weapon, and use it to protect the world in his new role as Iron Man."
47643,165170,165170,cn,Mandarin,B2,4,11,1,81,81A,81,81A,1,Writing a movie review,the,the,40702,03:44:30.533,90,96,64.31143552,"
	  The movie Scream is a tense thriller, it's about a killer with a mask and killed innocent people in school. Before he killed someone, he would give him or her a call to make them scared, and the first question always be ""What's your favourite scary movie?"" It's a superb thrilling movie, and the plot is very tense. The best part is, you will be very surprised when you saw the killer's face. And makes you more scared is, the killer may be the one that stay very close to you or even your best friends.
	","The movie scream is a tense thriller, it's about a killer with a mask and killed innocent people in school. Before he killed someone, he would give him or her a call to make them scared, and the first question always be ""What's your favourite scary movie?"" It's a superb thrilling movie, and the plot is very tense. The best part is, you will be very surprised when you saw the killer's face. And makes you more scared is, the killer may be the one that stay very close to you or even your best friends."
67179,77893,77893,ru,Russian,B2,4,11,1,81,81A,81,81A,1,Writing a movie review,the,the,40702,05:02:34.753,90,188,99.62179487,"
	  Watch one of the most exciting action of 2011 - Priest! This movie is based on Korean comics ""Priest"" by Min-Woo Hyung. Settled in some sort of imagined world the movie tell us about two confronting sides, humans and vampires, warred for centuries. This continiously war between them almost has destroyed the world, most part of which has became wastelands. After the last war most part of the vampires were destroyed, while the remainder were placed in reservations. And the main hero, priest, absolute veapon created by Church, starring Paul Bettany, live like a hermit inside one of the Church's city. But when his niece is kidnapped by vampires he decides to save her, though the church is forbid him to do that. And accompanied by niece's boyfiend and another woman-priest he hunt vapires down. I think the main reasons for watching this movie are exciting fightings, fascinating stunts and a lot of CGI, because the characters a bit superficial, while tne plot a full of holes. But if you are nothing to do, it would be the good way for waisting a few hours of time.
	","watch one of the most exciting action of 2011 - Priest! This movie is based on Korean comics ""Priest"" by Min-Woo Hung. Settled in some sort of imagined world the movie tell us about two confronting sides, humans and vampires, warred for centuries. This continuously war between them almost has destroyed the world, most part of which has became wastelands. After the last war most part of the vampires were destroyed, while the remainder were placed in reservations. And the main hero, priest, absolute weapon created by Church, starring Paul Bethany, live like a hermit inside one of the Church's city. But when his niece is kidnapped by vampires he decides to save her, though the church is forbid him to do that. And accompanied by niece's boyfriend and another woman-priest he hunt vampires down. I think the main reasons for watching this movie are exciting fightings, fascinating stunts and a lot of CGI, because the characters a bit superficial, while the plot a full of holes. But if you are nothing to do, it would be the good way for waisting a few hours of time."
46665,32700,32700,de,German,B2,4,11,1,81,81A,81,81A,1,Writing a movie review,the,the,40702,10:43:03.033,97,111,108.432,"
	  Carrie Bradshaw is back - ""Sex and the City - The Movie"" After a few years, which seems much to long though, the for ladies of NYC are back. The movie is packed with a lot of very good stories, labels and love. The main theme is about the relationship between Carrie and Mr. Big. It has become serious by the time and now they are planning their wedding. But it wouldn''t be Carry and Mr. Big if anything just works fine. If you''ve enjoyed the series on television you would pretty LOVE this movie, the cute dresses and the sophisticated stories of the four women...living in New York City.
	","Carrie Bradshaw is back - ""See and the City - The Morie"" After a few years, which seems much to long though, the for ladies of NYC are back. The movie is packed with a lot of very good stories, labels and love. The main theme is about the relationship between Carrie and Mr. big. It has become serious by the time and now they are planning their wedding. But it wouldn''t be Carry and Mr. big if anything just works fine. If you''ve enjoyed the series on television you would pretty LOE this movie, the cute dresses and the sophisticated stories of the four women...living in New York City."
66282,173575,173575,ru,Russian,B2,4,11,1,81,81A,81,81A,1,Writing a movie review,the,the,40703,15:22:58.413,97,157,89.7451819,"
	  Marley and Me is a 2008 American comedy-drama film directed by David Frankel. It is a comedy film based on a best-selling autobiography by American writer John Grogan. John (Owen Wilson) and Jenny (Jennifer Aniston) are happily married journalists, who moved to Florida and decided to start their family off with a dog, to see if they're ready to raise a family. But Marley, is not an average Labrador. He is very naughty and always spoils things: sofas, walls, clothes and etc. John and Jenny aren't big into training and they turn to a professional for help, because they want Marley to follow any rules. But Marley is expelled from obedience school for his misbehavior. As Marley grows, so does the Grogan family. John and Jenny have three kids, and Marley settles into the big brother role. A family learns important life lessons from their adorable, but naughty dog. Watch and enjoy ""Marley and me"".
	","Marley and Me is a 2008 American comedy-drama film directed by David Frankel. It is a comedy film based on a best-selling autobiography by American writer John Grogan. John (Owen Wilson) and Jenny (Jennifer Anniston) are happily married journalists, who moved to Florida and decided to start their family off with a dog, to see if they're ready to raise a family. But Marley, is not an average Labrador. He is very naughty and always spoils things: sofas, walls, clothes and etc. John and Jenny aren't big into training and they turn to a professional for help, because they want Marley to follow any rules. But Marley is expelled from obedience school for his misbehavior. As Marley grows, so does the Grogan family. John and Jenny have three kids, and Marley settles into the big brother role. A family learns important life lessons from their adorable, but naughty dog. watch and enjoy ""Marley and me""."
51478,7150,7150,de,German,B2,4,11,1,81,81A,81,81A,1,Writing a movie review,the,the,40703,15:28:31.817,87,125,63.41447368,"
	  Please watch SPHERE- one of the best science ficton movie with psychological effects and a portion of thrill -- The stars are Dustin Hoffmann, Sharon Stone and Samuel L. Jackson. The characters are representing a task force which has to investigate a spaceship which was found in the middle of the Pacific Ocean thousand feet bellow the water level. They entered the spaceship and found a sphere. At the same time a character is speaking with the crew over the computers and the dark thoughts of the team members went to real situations. At the end some of them are dead due to dangerous situations. It is absolutly confusing that all team members are thinking that they were not in the sphere but they did and ...
	","Please watch SPHERE- one of the best science fiction movie with psychological effects and a portion of thrill -- The stars are Dustin Hoffmann, Sharon Stone and Samuel L. Jackson. The characters are representing a task force which has to investigate a spaceship which was found in the middle of the Pacific Ocean thousand feet bellow the water level. They entered the spaceship and found a sphere. At the same time a character is speaking with the crew over the computers and the dark thoughts of the team members went to real situations. At the end some of them are dead due to dangerous situations. It is absolutely confusing that all team members are thinking that they were not in the sphere but they did and ..."
78276,56549,56549,ru,Russian,B2,4,11,1,81,81A,81,81A,1,Writing a movie review,the,the,40705,12:50:13.650,96,102,136.0133333,"
	  Hurry up! Cult movie 'Generation P' in your town! Based on legendary novel by Viktor Pelevin.  The science-fiction story with Vladimir Epifancev as Vavilen Tatarsky. Famous russian showbiz and film stars in one movie.  It was 1990... Young Vavilen finished University, but perestroika has begun. And Vavilen resolve to work in advertising agency. Adapting foreign brands under ' russian mentality' he understand how and why the television destroy people. Finally, he gets power under mass. Advertising and mass media becomes his power.  This movie contains scenes of Vavilen's hallucinations about goddes Ishtar and ' rotanus'. Hallucinations helps us to understand the philosophical context.
	","hurry up! Cut movie 'Generation P' in your town! based on legendary novel by Victor eleven. The science-fiction story with Vladimir Epifancev as Vaiden Tatars. famous russian showbiz and film stars in one movie. It was 1990... Young Vaiden finished University, but perestroika has begun. And Vaiden resolve to work in advertising agency. adapting foreign brands under ' russian mentality' he understand how and why the television destroy people. finally, he gets power under mass. advertising and mass media becomes his power. This movie contains scenes of Vaiden's hallucinations about goddess Ishtar and ' totanus'. hallucinations helps us to understand the philosophical context."
61260,34664,34664,br,Portuguese,B2,4,11,1,81,81A,81,81A,1,Writing a movie review,the,the,40705,18:21:21.507,94,72,68.50169221,"
	  The Curious Case of Benjamin Button In the early twentieth century, Benjamin Button was born in an unusual way, looking like and with the diseases of a person around 80 years old, despite being a baby. Instead of get older in the course of time, Button rejuvenates. The movie tells the story of his relationship with Daisy, a girl that he met when she is a child, by who falls in love.
	","The curious Case of Benjamin Button In the early twentieth century, Benjamin Button was born in an unusual way, looking like and with the diseases of a person around 80 years old, despite being a baby. instead of get older in the course of time, Button rejuvenates. The movie tells the story of his relationship with Daisy, a girl that he met when she is a child, by who falls in love."
78551,29762,29762,cn,Mandarin,B2,4,11,1,81,81A,81,81A,1,Writing a movie review,the,the,40706,05:20:42.227,87,122,97.31568998,"
	  We are excited about the coming movie festival, because we will watch many new movies on the festival, which is so amazing! Well, it's been a long time since i watched the last mvie, Forrest Gump. I like the movie very much,and i've learn a lot from it. The main character absolutely gives excellent performance in the movie, and the role he played gives me courage and hope, that you should do your best no matter what happens to you, and love your parents and friends. Meanwhile,there is one sentence in the moive is very popular, it says life is like a box of chocolates, you never know what you are going to get. and I love it very much.
	","We are excited about the coming movie festival, because we will watch many new movies on the festival, which is so amazing! Well, it's been a long time since i watched the last vie, Forrest jump. I like the movie very much,and i've learn a lot from it. The main character absolutely gives excellent performance in the movie, and the role he played gives me courage and hope, that you should do your best no matter what happens to you, and love your parents and friends. Meanwhile,there is one sentence in the move is very popular, it says life is like a box of chocolates, you never know what you are going to get. and I love it very much."
64079,18490,18490,ru,Russian,B2,4,11,1,81,81A,81,81A,1,Writing a movie review,the,the,40706,16:01:40.763,81,187,78.11205977,"
	  If you would like to ""read a two hours riddle"", you can watch a Korean movie ""Old Boy"". In the cassete box has been written that it's a mystery, thrilleer and drama, but I named it figuratevly as a ""brainteaser"".  Once the main hero was kidnapped. He had 15 years to understand where and when he made a serious mistake in his life and got an enemy. You have an opportunity to understand these questions with the leading man. Fortunately I succeed in it and understood who was the enemy in the beginning of the film because I know Korean language a little bit and saw the real name of the film (tccc, I don't want to give you a hint).  I think that you should know only a one thing that the theme is revenge and that this great work belonged to Chen Wook Park. This movie got some awards in South Korea and in the whole world, espe?ially it took the Grand Prix in Cannes Film Festival at 2003 and has been called the one of the best movie in the South Korea. Enjoy!
	","If you would like to ""read a two hours riddle"", you can watch a Korean movie ""Old Boy"". In the cassette box has been written that it's a mystery, thrillier and drama, but I named it figurately as a ""brainteaser"". Once the main hero was kidnapped. He had 15 years to understand where and when he made a serious mistake in his life and got an enemy. You have an opportunity to understand these questions with the leading man. Fortunately I succeed in it and understood who was the enemy in the beginning of the film because I know Korean language a little bit and saw the real name of the film (tact, I don't want to give you a hint). I think that you should know only a one thing that the theme is revenge and that this great work belonged to Chen took Park. This movie got some awards in South Korea and in the whole world, esp?ally it took the Grand Prix in Cannes film festival at 2003 and has been called the one of the best movie in the South Korea. enjoy!"
43242,124296,124296,br,Portuguese,B2,4,11,1,81,81A,81,81A,2,Writing a movie review,the,the,40706,19:44:33.500,95,144,143,"
	  Watch RIO, the animation of the year!  The story takes place in a sunny Rio de Janeiro, the blue macaws will be extinct unless someone could help their last two exemplars, a male and a female, to meet again. Will the human protagonists save the Macaw race, even while running against the time and fighting with the bird thefts? The mix of samba, Carnaval and a romantic story makes it one of the best animations of all time. Even the most experienced adults will try catch the flying birds on this 3D-movie.  It's a fictional movie but it still reflects the realityos many countries where there are a lot of animal thefts acting around their tropical forests trying to earn money with illegal wildlife trade. Get involved and after watching this beatiful movie say ""no"" to any threat to nature and to life.
	","watch ROI, the animation of the year! The story takes place in a sunny Rio de Janeiro, the blue macaws will be extinct unless someone could help their last two exemplars, a male and a female, to meet again. Will the human protagonists save the macaw race, even while running against the time and fighting with the bird thefts? The mix of samba, Carnival and a romantic story makes it one of the best animations of all time. Even the most experienced adults will try catch the flying birds on this 3D-movie. It's a fictional movie but it still reflects the reality many countries where there are a lot of animal thefts acting around their tropical forests trying to earn money with illegal wildlife trade. Get involved and after watching this beautiful movie say ""no"" to any threat to nature and to life."
75091,65242,65242,de,German,B2,4,11,1,81,81A,81,81A,1,Writing a movie review,the,the,40707,07:16:56.913,96,103,118.8208,"
	  Beginners Beginners the new film by independent director Mike Mills is a coming out drama with an unusal focus. A 71 years old father comes out of the closet and now his son Oliver has to rethink not only his own life. What does a formerly supposed to be straight father mean for a son in its mid thirties? Does this change have any consequences for Oliver's relationship to the woman he is in love with? Beginners is a calm but entertaining movie about honesty, age and prejudices marvellously played by Christopher Plummer and Ewan McGregor in the main roles. Don't miss it!
	","beginners beginners the new film by independent director Mike Mills is a coming out drama with an unusual focus. A 71 years old father comes out of the closet and now his son Oliver has to rethink not only his own life. What does a formerly supposed to be straight father mean for a son in its mid thirties? Does this change have any consequences for Oliver's relationship to the woman he is in love with? beginners is a calm but entertaining movie about honesty, age and prejudices marvellously played by Christopher Plummer and Ewan McGregor in the main roles. Don't miss it!"
78983,150341,150341,de,German,B2,4,11,1,81,81A,81,81A,1,Writing a movie review,the,the,40707,11:18:55.437,87,153,102.2373024,"
	  Watch the long-awaited screen adaption of Sara Gruen''s novel ""Water for Elephants"" This love story is told as a flashback by an old man named Jacob who lost his parents in 1931, dropped out of Cornell University's veterinary school, hit the road and hopped a circus train. Young Jacob (played by Robert Pattinson) instantly falls in love with Marlena (Reese Witherspoon), the star of the show who happens to be the owner August''s wife.The dynamic in the story depends on August's jealousy of Marlena, and her stubborn loyalty to their marriage contract. The circus is deep in dept and so Elephant Rosie seems to be the only solution to be the star attraction that can save the show. August''s hard bitten nature to everyone including the animals leads to the dramatic ending. Especially acadamy award winner Christopher Waltz convinces with his role of the evil circus owner August.
	","watch the long-awaited screen adaption of Sara Green''s novel ""Water for elephants"" This love story is told as a flashback by an old man named Jacob who lost his parents in 1931, dropped out of Cornell University's veterinary school, hit the road and hopped a circus train. Young Jacob (played by Robert Pattison) instantly falls in love with Marlena (Reese Witherspoon), the star of the show who happens to be the owner August''s wife.The dynamic in the story depends on August's jealousy of Marlena, and her stubborn loyalty to their marriage contract. The circus is deep in dept and so elephant Rosie seems to be the only solution to be the star attraction that can save the show. August''s hard bitten nature to everyone including the animals leads to the dramatic ending. Especially academy award winner Christopher waltz convinces with his role of the evil circus owner August."
77030,60064,60064,ru,Russian,B2,4,11,1,81,81A,81,81A,1,Writing a movie review,the,the,40707,14:20:54.860,60,108,137.6581818,"
	  ""Khudozhestvenniy"" and Toronto Russian Film Festival introduce The Canadian Mosaic-2010 - worth-seeing new Canadian films in Moscow. You've got a chance to watch recent films from Canadian authors like Xavier Dolan (I Killed My Mother - Canadian Nominee to Oscar-2010) and Jacob Tierney (The Trotsky). Must see is the Canadian shorts programme including famous animation by Cordell Barker (The cat came back), CGI animation of Chris Landreth (The Spine) and featuring genious Jamie Travis with his ""Armoire"", ""The saddest boy in the world"" and ""Why the Anderson Children Didn't Come to Dinner"". 21-23 October 2010 Just three days to watch the films you'll hardly find after.
	","""Khudozhestvenniy"" and Toronto Russian film festival introduce The Canadian Mosaic-2010 - worth-seeing new Canadian films in Moscow. You've got a chance to watch recent films from Canadian authors like Xavier Dolan (I Killed My Mother - Canadian nominee to Oscar-2010) and Jacob Tierney (The Trotsky). Must see is the Canadian shorts programme including famous animation by Cordell Barker (The cat came back), CGI animation of Chris wandreth (The Spine) and featuring genius Jamie Travis with his ""armoire"", ""The saddest boy in the world"" and ""Why the Anderson Children Didn't Come to dinner"". 21-23 October 2010 Just three days to watch the films you'll hardly find after."
28520,168717,168717,de,German,B2,4,11,1,81,81A,81,81A,1,Writing a movie review,the,the,40707,16:00:42.643,90,111,89.53571429,"
	  Iron Man is a fantasy/action film. It based on Marvels legendary super hero Iron Man. The movie is starring various famous actors and actress like Robert Downes Jr., Gwynneth Paltrow and Jeff Bridges. The main fiqure is Tony Stark, played by Robert Downes. He is a playboy genius and the head of Stark Industries. As an intelligent man, he built a super weapon and high-tech suit to help him to escape from dangerous group. The plot of the movie is fast with many fascinating computer effect pictures. It is definitely worth to see in a kino big screen. The film won many award and got good reviews and criticisms.
	","Iron Man is a fantasy/action film. It based on marvels legendary super hero Iron Man. The movie is starring various famous actors and actress like Robert Downes Jr., Gwenneth waltrot and Jeff Bridges. The main figure is Tony Stark, played by Robert Downes. He is a playboy genius and the head of Stark Industries. As an intelligent man, he built a super weapon and high-tech suit to help him to escape from dangerous group. The plot of the movie is fast with many fascinating computer effect pictures. It is definitely worth to see in a kino big screen. The film won many award and got good reviews and criticisms."
44665,113867,113867,de,German,B2,4,11,1,81,81A,81,81A,1,Writing a movie review,the,the,40708,01:14:22.280,83,110,125.6123077,"
	  Cube was directed in 1997. It has won the Toronto Film Festival Award, which shows, that also the film is low-budget the story isnt low-minded at all. The story is about 7 complete strangers who suddenly wake up in a frightening maze, which contains deadly trapes. No one of them knows how he went there or how to get out without getting into a trape. Every room of the maze has a certain number and they find out how they can use their different personalities and skill to avoid the trapes. But this doesnt mean they are safe Find out bye yourself. Cube is now available on DVD.
	","tube was directed in 1997. It has won the Toronto film festival ward, which shows, that also the film is low-budget the story isnt low-minded at all. The story is about 7 complete strangers who suddenly wake up in a frightening maze, which contains deadly trapes. No one of them knows how he went there or how to get out without getting into a trape. Every room of the maze has a certain number and they find out how they can use their different personalities and skill to avoid the trapes. But this doesnt mean they are safe mind out bye yourself. tube is now available on DVD."
77031,60064,60064,ru,Russian,B2,4,11,1,81,81A,81,81A,2,Writing a movie review,the,the,40708,13:13:05.830,98,142,176.435,"
	  Discover new Russian cinema with How I Ended This Summer by Alexey Popogrebsky. Two silver bear awards in Berlin and Best Film award in London Film Festival in 2010. This drama is filmed in fascinating scene of Northern edge of Russia  Chukotka. Two men working at a distant weather station. Being isolated they have to adapt to partners temper. Pavel  a young man  has recently come to the station where Sergei has been working there for long. After a conflict happened Pavel started to fear of his older colleagues. In that time, hes got the news from home that Sergei must be informed of. But sometimes its too hard to tell the truth. Brilliant play of two actors  Grigoriy Dobrygin and Sergei Puskepalis - was awarded by Berlinale jury while Pavel Kostomarov (camera) won Outstanding Artistic Achievement.  Noteworthy pattern of modern Russian films.  
	","discover new Russian cinema with How I ended This Summer by Alexey Popogrebsky. Two silver bear awards in Berlin and Best film award in London film festival in 2010. This drama is filmed in fascinating scene of Northern edge of Russia Chukotka. Two men working at a distant weather station. Being isolated they have to adapt to partners temper. Pavel a young man has recently come to the station where Sergei has been working there for long. After a conflict happened Pavel started to fear of his older colleagues. In that time, hes got the news from home that Sergei must be informed of. But sometimes its too hard to tell the truth. Brilliant play of two actors frigoric Dobrynin and Sergei Puskepalis - was awarded by Berlinize jury while Pavel Kostomarov (camera) won outstanding artistic achievement. noteworthy pattern of modern Russian films."
75867,21437,21437,it,Italian,B2,4,11,1,81,81A,81,81A,1,Writing a movie review,the,the,40710,10:31:31.567,98,225,47.57729287,"
	  The pirates of the Caribbean The last episode of the famous sequel is hitting now the megaplex. This time our hero Captain Jack Sparrow, played by Johnny Deep, after having lose his ship ""The Black Pearl"" is trying to find a new ship or an engage to sail towards the spring of the eternal youthness of which he own a map, but firstly he must save from the gallow his mate and former boatswain of the Black Pearl. At the same time his ancient enemy Cardoso has obtained a ship and a letter of authorization by the king of England and he can count on the that in order to escape to sure dead had destroied the map after having learned its content by heart. Meanwhile Captain is engaged by force on board the ship of the famous pirate Black Beard. He prepare a mutiny of the crew that does not succeed and he had to guide Black Beard to the spring of eternal youthness with the help of his magic compass. Before arrive to the spring they have to capture a mermaid becouse they need a larme to get to the spring. Will captain Sparrow arrive to the spring before the Spanish and his enemy Cardoso? To know it go to the cinema. It is a movie suitable for family and children! to the
	","The pirates of the Caribbean The last episode of the famous sequel is hitting now the megaplex. This time our hero Captain Jack Sparrow, played by Johnny deep, after having lose his ship ""The Black Pearl"" is trying to find a new ship or an engage to sail towards the spring of the eternal youthiness of which he own a map, but firstly he must save from the gallow his mate and former boatswain of the Black Pearl. At the same time his ancient enemy Cardozo has obtained a ship and a letter of authorization by the king of England and he can count on the that in order to escape to sure dead had destroyed the map after having learned its content by heart. Meanwhile Captain is engaged by force on board the ship of the famous pirate Black Beard. He prepare a mutiny of the crew that does not succeed and he had to guide Black Beard to the spring of eternal youthiness with the help of his magic compass. Before arrive to the spring they have to capture a mermaid because they need a large to get to the spring. Will captain Sparrow arrive to the spring before the Spanish and his enemy Cardozo? To know it go to the cinema. It is a movie suitable for family and children! to the"
82566,141762,141762,ru,Russian,B2,4,11,1,81,81A,81,81A,1,Writing a movie review,the,the,40710,13:24:02.543,89,94,172.98,"
	  Watch Warner Bros. Pitures big-screen adaption Bill Finger's legendary comics hero Green Lantern.  This fantastic film adaptation shows us Ryan Reynolds as a test pilot. One day after crashing he get a mistical green ring that gives him otherworldly powers. Besides he become a member of intergalactic organization which try to keep peace in the universe. Now his name is Green Lantern and he is tasked to save the Earth.  In this moovie you can also see young actress Blake Lively, who have got 2011 People's Choice Award as Best TV Drama Actress.
	","watch Warner Bros. figures big-screen adaption Bill Finger's legendary comics hero Green lantern. This fantastic film adaptation shows us Ryan Reynolds as a test pilot. One day after crashing he get a mystical green ring that gives him otherworldly powers. Besides he become a member of intergalactic organization which try to keep peace in the universe. Now his name is Green lantern and he is tasked to save the Earth. In this movie you can also see young actress Blake Lively, who have got 2011 People's choice ward as Best TV drama actress."
81747,160793,160793,br,Portuguese,B2,4,11,1,81,81A,81,81A,1,Writing a movie review,the,the,40710,21:30:57.203,89,135,98.99782255,"
	  Film: Rio Genre: Fantasy Director: Carlos Saldanha Blu (Jesse Eisenberg) is a Hyacinth Macaw born at Rio de Janeiro, but was captured in Rio forest and sent to cold Minnesota, in United States. There, it iss breed by Linda (Leslie Mann), who develops strong emotional link. Someday, Tulio (Rodrigo Santoro) get in their lives. Ornithologist, Tulio says that Blu is the last Hyacinth Macaw male in the world, and want it to mate with the unique live female which is in Rio de Janeiro. Linda and Blu goes to the Wonderful City, where they meet Jade (Ane Hathaway). But Jade is a free bird and hates to be caged as Blue. Couple is captured by bird traffickers and made prisoners linked by a chain. This is the time to get power to escape from captivity.
	","film: Rio Genie: Fantasy Director: Carlos Saldanha Blu (Jesse Eisenberg) is a Hyacinth macaw born at Rio de Janeiro, but was captured in Rio forest and sent to cold Minnesota, in United States. There, it iss breed by Linda (Leslie Mann), who develops strong emotional link. someday, julio (Rodrigo Santoro) get in their lives. ornithologist, julio says that Blu is the last Hyacinth macaw male in the world, and want it to mate with the unique live female which is in Rio de Janeiro. Linda and Blu goes to the wonderful City, where they meet Jade (one Hathaway). But Jade is a free bird and hates to be caged as Blue. couple is captured by bird traffickers and made prisoners linked by a chain. This is the time to get power to escape from captivity."
79851,167878,167878,br,Portuguese,B2,4,11,1,81,81A,81,81A,1,Writing a movie review,the,the,40710,21:34:11.480,95,116,58.69570707,"
	  The last movie I saw is Shrek. It is about a monster who lives in the woods and helps a princess, Fiona, to return home. Besides Shrek is very ugly and grotesque, he has good feelings and is very honest. Fiona likes that and they fall in love. The movie has also very hylarious moments with Donkey, the Cat in the boots and some other charachters brougth from kids stories. Shrek finally marry Fiona and they return to live at Shrek's home, where they had theyr monster children. Shrek has also the chance to become human to impress Fiona, but at the end they understand that Fiona is the one that would be better becoming monster.
	","The last movie I saw is Shrek. It is about a monster who lives in the woods and helps a princess, Fiona, to return home. Besides Shrek is very ugly and grotesque, he has good feelings and is very honest. Fiona likes that and they fall in love. The movie has also very hilarious moments with monkey, the Cat in the boots and some other characters brought from kids stories. Shrek finally marry Fiona and they return to live at Shrek's home, where they had they monster children. Shrek has also the chance to become human to impress Fiona, but at the end they understand that Fiona is the one that would be better becoming monster."
77845,91692,91692,de,German,B2,4,11,1,81,81A,81,81A,1,Writing a movie review,the,the,40711,18:12:27.600,92,147,86.55957944,"
	  If your a fan of science-fiction and comedy, you have to watch the movie 'Paul'! It's about an alien named Paul, that tries to escape from earth. When he got a car accident, he meets two nerds and together they have an exciting and funny journey, that changes the life of everbody, who is be a part of it.  'Paul' isn't just another movie about aliens and doesn't just copy films like 'E.T.'. It has it's own amazing story and deal with some rumers about aliens in a funny and sarcastic way. The main actors are not very popular so far, but they did a very good job and famous stars like Jason Bateman and Sigourney Weaver are very great! I recommend this movie to everyone who is interested in how aliens might could be and who likes funny movie scenes, when everyone is loughing.
	","If your a fan of science-fiction and comedy, you have to watch the movie 'Paul'! It's about an alien named Paul, that tries to escape from earth. When he got a car accident, he meets two nerds and together they have an exciting and funny journey, that changes the life of everybody, who is be a part of it. 'Paul' isn't just another movie about aliens and doesn't just copy films like 'E.T.'. It has it's own amazing story and deal with some rumors about aliens in a funny and sarcastic way. The main actors are not very popular so far, but they did a very good job and famous stars like Jason Bateman and Sigourney Weaver are very great! I recommend this movie to everyone who is interested in how aliens might could be and who likes funny movie scenes, when everyone is laughing."
48128,166102,166102,de,German,B2,4,11,1,81,81A,81,81A,1,Writing a movie review,the,the,40712,07:27:34.780,85,108,88.26315789,"
	  The Hangover, comedy, running time: 106 minutes There are three guys attending their best friends marriage in Las Vegas. Phil, Stu and Alan arrive in Las Vegas to enjoy the party. But the next day they wake up in a messy hotel room without remembering anything, growling tiger in the bathroom and and crying baby in the cabinet . The groom is missing and they try to reminisce everything to find their friend and arrive on time to the marriage. If you are well accepting of the humor and want to watch a good movie of the fortnight, then The Hangover will turn out to be an excellent proposition.
	","The Hanover, comedy, running time: 106 minutes There are three guys attending their best friends marriage in Las Vegas. Phil, Stu and Alan arrive in Las Vegas to enjoy the party. But the next day they wake up in a messy hotel room without remembering anything, growling tiger in the bathroom and and crying baby in the cabinet . The groom is missing and they try to reminisce everything to find their friend and arrive on time to the marriage. If you are well accepting of the humor and want to watch a good movie of the fortnight, then The Hanover will turn out to be an excellent proposition."
85915,118791,118791,de,German,B2,4,11,1,81,81A,81,81A,1,Writing a movie review,the,the,40712,10:26:37.653,90,145,86.17755657,"
	  Aviator This oscar winning movie with phantastic stars like Leonardo di Caprio and Cate Blanchett is definitly one of the masterpieces of Martin Scorsese.   The plot is based on the biography of director and aviatior Howard Hughes, who died in 1976.  In good old Hollywood manner Scorsese presents a movie that starts, aligned to Hughes life as a playboy and millionaire, furious with a lot of power, speed and wonderful cameratakes of those old warbirds fighting in amazing acrobatic scenes.  While Hughes is getting more and more depressive, Scorsese also lowers the speed of the movie. It''s becoming more silent and the scenes seem to be a little darker than before. De Caprio and Blanchett are the perfect cast oft the characters. They always act confident, powerful and also sensible.  A absolutely recommendable movie. And with 170 minutes it''s definitely worth the money. 
	","Avictor This oscar winning movie with phantastic stars like Leonardo di Capris and Cate Blanchette is definitely one of the masterpieces of Martin Scorsese. The plot is based on the biography of director and aviation Howard Hughes, who died in 1976. In good old Hollywood manner Scorsese presents a movie that starts, aligned to Hughes life as a playboy and millionaire, furious with a lot of power, speed and wonderful cameratakes of those old warbird fighting in amazing acrobatic scenes. While Hughes is getting more and more depressive, Scorsese also lowers the speed of the movie. It''s becoming more silent and the scenes seem to be a little darker than before. De Capris and Blanchette are the perfect cast oft the characters. They always act confident, powerful and also sensible. A absolutely recommendable movie. And with 170 minutes it''s definitely worth the money."
73505,142049,142049,ru,Russian,B2,4,11,1,81,81A,81,81A,1,Writing a movie review,the,the,40712,18:52:39.527,93,135,134,"
	  The Iron Man is a classic science fiction movie based on the Marvel comic strip.  The famous actor Robert Downey plays the leading role in a film in company Gwynneth Paltrow and Jeff Bridges.  Tony Stark (Robert Downey) is presented at the very beginning like a great inventor and successful business man the head of Stark Industries. After being captured in an ambush, Stark is forced to build a super weapon for his captor. However, using his intelligence, Tony instead makes a high-tech suit which allows him to escape. On freedom, Stark finds out a dangerous plot and decides to protect the world in his new role as Iron Man. This is the very good action movie with amazing stunts and special effects. I think you have to see it at least one time.
	","The Iron Man is a classic science fiction movie based on the Marvel comic strip. The famous actor Robert Downey plays the leading role in a film in company Gwenneth waltrot and Jeff Bridges. Tony Stark (Robert Downey) is presented at the very beginning like a great inventor and successful business man the head of Stark Industries. After being captured in an ambush, Stark is forced to build a super weapon for his captor. However, using his intelligence, Tony instead makes a high-tech suit which allows him to escape. On freedom, Stark finds out a dangerous plot and decides to protect the world in his new role as Iron Man. This is the very good action movie with amazing stunts and special effects. I think you have to see it at least one time."
88080,16780,16780,de,German,B2,4,11,1,81,81A,81,81A,1,Writing a movie review,the,the,40715,13:52:34.630,89,107,84.59701493,"
	  Bubba Ho-Tep : Action, History an a lot of Trash  Bubba Ho-Tep is a comedy movie based on a short story by John Lansdale. The movie is dated in 2002. The main character is a guy who pretends to be Elvis Presley. He and his friend John F. Kennedy live in a rest-home in Texas. Their life is quite boring until there are some mysteric murders in their home. They want to throw light on the case and figure out that a Egyptian mummy collects the souls of old people. By batteling against the monster they die, but rescue the souls of their old friends.
	","Bubba Ho-Tea : Action, History an a lot of crash Bubba Ho-Tea is a comedy movie based on a short story by John Lansdale. The movie is dated in 2002. The main character is a guy who pretends to be Elvis Presley. He and his friend John F. Kennedy live in a rest-home in Texas. Their life is quite boring until there are some hysteric murders in their home. They want to throw light on the case and figure out that a Egyptian mummy collects the souls of old people. By batteling against the monster they die, but rescue the souls of their old friends."
70065,171648,171648,ru,Russian,B2,4,11,1,81,81A,81,81A,1,Writing a movie review,the,the,40715,14:20:01.590,94,152,65.89857395,"
	  Clerks. Comedy, 102 min. It is a story, which describe one day of two men, who works in a small grossery store and video rentals shop. Dante (Brian O'Halloran) must be off in that day, but his workmate was ill and Dante had to go to work. He was in a bad mood and it was one of the worst day in his life. His friend Randle (Jeff Anderson) tried to help him. Randle understand different Dante's problem and tried to give him some advice to how change his life.  It is very original low budget film, which was filmed in black and white camera. But in spite of little budget it is very interesting film with great plot and good actors. It was the first work of Kevin Smith as a director in which he used a special style of shooting. With all these factors the movie now is a cult. 
	","clerks. comedy, 102 min. It is a story, which describe one day of two men, who works in a small grossers store and video rentals shop. Dante (Brian O'Holloman) must be off in that day, but his workmate was ill and Dante had to go to work. He was in a bad mood and it was one of the worst day in his life. His friend Randle (Jeff Anderson) tried to help him. Randle understand different Dante's problem and tried to give him some advice to how change his life. It is very original low budget film, which was filmed in black and white camera. But in spite of little budget it is very interesting film with great plot and good actors. It was the first work of Kevin Smith as a director in which he used a special style of shooting. With all these factors the movie now is a cult."
79066,145114,145114,ru,Russian,B2,4,11,1,81,81A,81,81A,1,Writing a movie review,the,the,40715,23:37:55.463,88,118,100.1530055,"
	  Vicky Cristina Barcelona is romance comedy-drama directed by Woody Allen. The film premiered at the 2008 Cannes Film Festival. The plot centers on two American women, Vicky and Christina, spending summer in Barcelona. Vicky is pragmatic and with traditional approach to love. Christina, on the other hand, is very spontaneous and emotional person with rebellious nature. They get involved in love relationships with artist Antonio Gonzalo whom they have met at an art exhibition. Antonio is attracted by both womens, and relations inside love triangle became more and more complicated. Everything becomes worse when Antonio's ex-wife appears on the screen (played by Penelope Cruz). This film is very sunny and light comedy, which is worth viewing. 
	","Vicky Cristina Barcelona is romance comedy-drama directed by Woody Allen. The film premiered at the 2008 Cannes film festival. The plot centers on two American women, Vicky and Christina, spending summer in Barcelona. Vicky is pragmatic and with traditional approach to love. Christina, on the other hand, is very spontaneous and emotional person with rebellious nature. They get involved in love relationships with artist Antonio Gonzalo whom they have met at an art exhibition. Antonio is attracted by both women, and relations inside love triangle became more and more complicated. Everything becomes worse when Antonio's ex-wife appears on the screen (played by Penelope Cruz). This film is very sunny and light comedy, which is worth viewing."
74290,163045,163045,ru,Russian,B2,4,11,1,81,81A,81,81A,1,Writing a movie review,the,the,40716,04:45:37.013,95,173,74.70454545,"
	  Film review. Iron Man is one of the most successful film of all time, and won two Oscars. It was based upon the book. It stars Robert Downey Jr. in the title role as an playboy genius head of Stark Industries. Another actors are Gwynneth Paltrow and Jeff Bridges. The story is set in a real world. The plot revolves aroundthe main hero, Tony Stark, who is captured during an ambush. His abductor wants him to make a super weapon. But it appears that Tony isn't a foolish man. He makes a high-tech suit which allows him to escape. Stark realises his capture's destructive ideas and decides to defend the world in his new role as Iron Man. The power of the film is the way it captures the story through the eyes of the main character. The film is visially astonishing and the fast-moving action pulls you in. Furthermore the movie is beautifully filmed and enhanced by digitaltechnology. If you are fan of science fiction stories, you'll love this film.   
	","film review. Iron Man is one of the most successful film of all time, and won two Oscars. It was based upon the book. It stars Robert Downey Jr. in the title role as an playboy genius head of Stark Industries. Another actors are Gwenneth waltrot and Jeff Bridges. The story is set in a real world. The plot revolves aroundthe main hero, Tony Stark, who is captured during an ambush. His abductor wants him to make a super weapon. But it appears that Tony isn't a foolish man. He makes a high-tech suit which allows him to escape. Stark realises his capture's destructive ideas and decides to defend the world in his new role as Iron Man. The power of the film is the way it captures the story through the eyes of the main character. The film is visually astonishing and the fast-moving action pulls you in. furthermore the movie is beautifully filmed and enhanced by digitaltechnology. If you are fan of science fiction stories, you'll love this film."
82158,64855,64855,de,German,B2,4,11,1,81,81A,81,81A,1,Writing a movie review,the,the,40716,04:56:35.257,86,106,126.1866667,"
	  Warner Bros. Pictures presents Liam Neeson in ""Unknown"". A high-tension thriller with an unpredictable storyline. Genre: Thriller, Drama, Mystery Runtime: 113 min Actors: Liam Neeson, Diane Kruger and January Jones Director: Jaume Collet-Serra Waking up with amnesia in hospital, a man recognize that someone has stolen his identity. Picking up the only opportunity which is left, he uses his remaining memories to reconstruct the events which led to this situation. Trying to get his old life back, he have to deal with the fact, that no one believes him. With willpower and much luck, he explores a breathtaking complot and his role in it.
	","Warner Bros. pictures presents Liam Nelson in ""unknown"". A high-tension thriller with an unpredictable storyline. Genie: shriller, drama, Mystery runtime: 113 min actors: Liam Nelson, Diane Kruger and January Jones Director: baume collet-Serra taking up with amnesia in hospital, a man recognize that someone has stolen his identity. picking up the only opportunity which is left, he uses his remaining memories to reconstruct the events which led to this situation. trying to get his old life back, he have to deal with the fact, that no one believes him. With willpower and much luck, he explores a breathtaking complot and his role in it."
84826,138118,138118,mx,Spanish,B2,4,11,1,81,81A,81,81A,1,Writing a movie review,the,the,40716,15:12:28.540,98,140,88.27469832,"
	  The new summer release of Warner Brothers is Hahgover Part II. The group of friend has come back with new funny adventures. Directed by Todd Philips and started by Bardley Copper and Zarch Galifienatis this film made you laughing during 115 min. In this occasion the group of firends has decided to celebrate the last day as a single man of one of them. Now they have chosen as destinity Bangkok. After having had a crazy night they appear in a dirty room of a hotel, in this moment they tried to remember what happened during the night, and the action started when they relaized that they had forggoten a one of theirs friends. After many funny adeventures that includes stunt scenes, they finally found to their friend and came back to the weeding place justing time to get married.
	","The new summer release of Warner Brothers is Hanover Part II. The group of friend has come back with new funny adventures. directed by Todd Philips and started by Bartley Copper and march Galifienatis this film made you laughing during 115 min. In this occasion the group of friends has decided to celebrate the last day as a single man of one of them. Now they have chosen as destiny Bangkok. After having had a crazy night they appear in a dirty room of a hotel, in this moment they tried to remember what happened during the night, and the action started when they realized that they had forgotten a one of theirs friends. After many funny adventures that includes stunt scenes, they finally found to their friend and came back to the weeding place justing time to get married."
380514,61304,61304,br,Portuguese,C1,5,13,3,99,99A,99,99A,1,Comparing two demographic groups,group,group,41070,11:04:25.600,98,178,75.12546468,"
	  There have been done a research market involving two demographics group. Research shows that the first Demographic Group is 15- to 19-year-old women, where 29% of them purchase at least one magazine a month and 69% of them prefer magazines to blogs. In this market competition there are already 6 competitive products. The purchasing power in 2010 was $153 billion, and it''s estimated $175 billion in 2025. In addition to that, researches have shown that in 2010 the demographic size achieved 24 million, and it''s estimated 30 million in 2025. The second Demographic Group is 18- to 24-year-old men, where 47% of them purchase at least one magazine a month, and 72% of them prefer magazines supported by extensive website content. In this market competition there is one long term product and two recent competitive products. Also, the purchasing power in 2010 was $242 billion, and it''s estimated $244 billion in 2025, and the demographic size in 2010 was 25 million and it''s estimated to decrease 5 million in 2025.
	","There have been done a research market involving two demographics group. Research shows that the first demographic group is 15- to 19-year-old women, where 29% of them purchase at least one magazine a month and 69% of them prefer magazines to blogs. In this market competition there are already 6 competitive products. The purchasing power in 2010 was $153 billion, and it''s estimated $175 billion in 2025. In addition to that, researches have shown that in 2010 the demographic size achieved 24 million, and it''s estimated 30 million in 2025. The second demographic group is 18- to 24-year-old men, where 47% of them purchase at least one magazine a month, and 72% of them prefer magazines supported by extensive website content. In this market competition there is one long term product and two recent competitive products. Also, the purchasing power in 2010 was $242 billion, and it''s estimated $244 billion in 2025, and the demographic size in 2010 was 25 million and it''s estimated to decrease 5 million in 2025."
474674,96915,96915,fr,French,C1,5,13,3,99,99A,99,99A,1,Comparing two demographic groups,group,group,41070,16:25:28.910,94,177,96.59431183,"
	  Two demographic groups are viewed as possible target for expanding our market. At first, the demographic group 1 consists in the 15- to 19-year-old women. On the one hand, they represent a large part of the demographic power, with over 24 million persons, and this number is predicted to rise for 2025. On the other hand, only 29% of them buy at least one magazine per month, so the purchasing power they represent is lower than the demographic group 2. Furthermore, already six other competitive products exist in the market. By contrast, the demographic group 2, represented by the 18- to 24 year-old men, is less numerous but purchases more often magazines. Also, they prefer magazines linked to a website. This could be a good format to focus on for a new magazine, in order to compete with the three already existing concurrent products. However, unlike the group 1, the size of this group is expected to decrease for 2025. To conclude, both demographic groups are worth considering, but would require different marketing strategies.
	","Two demographic groups are viewed as possible target for expanding our market. At first, the demographic group 1 consists in the 15- to 19-year-old women. On the one hand, they represent a large part of the demographic power, with over 24 million persons, and this number is predicted to rise for 2025. On the other hand, only 29% of them buy at least one magazine per month, so the purchasing power they represent is lower than the demographic group 2. furthermore, already six other competitive products exist in the market. By contrast, the demographic group 2, represented by the 18- to 24 year-old men, is less numerous but purchases more often magazines. Also, they prefer magazines linked to a website. This could be a good format to focus on for a new magazine, in order to compete with the three already existing concurrent products. However, unlike the group 1, the size of this group is expected to decrease for 2025. To conclude, both demographic groups are worth considering, but would require different marketing strategies."
448436,22978,22978,br,Portuguese,C1,5,13,3,99,99A,99,99A,1,Comparing two demographic groups,group,group,41070,17:12:31.540,89,183,43.05583241,"
	  I have some statistics Id like to show you: The research shows: 15- to 19-year-old women in comparison to 18- to 24-year-old males. 29% of women purchase at least one magazine a month in comparison to 47% men purchase at least one magazine a month. 69% of women prefer magazines to blogs in comparison to 72% men prefer magazines with extensive website content. The competition: 6 competitive products already exist on women group while 1 long term and 2 recent competitive products exist on male's group. The purchase power: The woman group showed $153 billion in 2010 and an (estimated) increase to $175 billion in 2025. The males group showed a lower estimated raise from $242 billion in 2010 to $244 billion in 2025. Demographic size: The woman group was 24 million in 2010 and in 2025 (estimated) 30 million while male's group was 25 million in 2010 and decrease to 20 million (estimated) in 2025. The research shows that the woman's group has a better demographic size and more competition while male's group has a better purchasing power.
	",I have some statistics Id like to show you: The research shows: 15- to 19-year-old women in comparison to 18- to 24-year-old males. 29% of women purchase at least one magazine a month in comparison to 47% men purchase at least one magazine a month. 69% of women prefer magazines to blogs in comparison to 72% men prefer magazines with extensive website content. The competition: 6 competitive products already exist on women group while 1 long term and 2 recent competitive products exist on male's group. The purchase power: The woman group showed $153 billion in 2010 and an (estimated) increase to $175 billion in 2025. The males group showed a lower estimated raise from $242 billion in 2010 to $244 billion in 2025. demographic size: The woman group was 24 million in 2010 and in 2025 (estimated) 30 million while male's group was 25 million in 2010 and decrease to 20 million (estimated) in 2025. The research shows that the woman's group has a better demographic size and more competition while male's group has a better purchasing power.
437386,61130,61130,br,Portuguese,C1,5,13,3,99,99A,99,99A,1,Comparing two demographic groups,group,group,41072,11:28:05.803,87,195,63.66666667,"
	  Seeing this reports about the two different demographic groups, you can easily say that group 2 would be a good choice to expand in.  47% of 18- to 24-years-old men read at least one magazine a month. In contrast to groups 1, 15- to 19-year-old women, where it's only 29%.  As we can see in group 2, 72% of the men prefer magazines with website content, which is a big help in the choice of which type of magazine we should put in the market. Comparing to group 1, we know that on one hand a big part, 69%, of the women prefers magazines to blogs. But on the other hand we don't have any information about which content they prefer.  A big factor in the choice of which market we should expand in, is how big the competition is in each market. The report tell us that it already exists 6 competetive products in the market for group 1, and for group 2 there's only 1 long term and 2 recent competetive products. This strengthens the same theory as before, that group 2 would be a stronger market for us.
	","Seeing this reports about the two different demographic groups, you can easily say that group 2 would be a good choice to expand in. 47% of 18- to 24-years-old men read at least one magazine a month. In contrast to groups 1, 15- to 19-year-old women, where it's only 29%. As we can see in group 2, 72% of the men prefer magazines with website content, which is a big help in the choice of which type of magazine we should put in the market. comparing to group 1, we know that on one hand a big part, 69%, of the women prefers magazines to blogs. But on the other hand we don't have any information about which content they prefer. A big factor in the choice of which market we should expand in, is how big the competition is in each market. The report tell us that it already exists 6 competitive products in the market for group 1, and for group 2 there's only 1 long term and 2 recent competitive products. This strengthens the same theory as before, that group 2 would be a stronger market for us."
466353,39281,39281,ru,Russian,C1,5,13,3,99,99A,99,99A,1,Comparing two demographic groups,group,group,41073,04:40:30.513,89,167,96.24746984,"
	  As it could be seen out of the list above, today we have a deal with the two absolutely different demographic groups. And I would like to say we will be pretty tought this year trying to advertise goods there. So, let's think over all the pros and cons of this groups. First of all both of them are widespreaded enough to bring a good benefit, approximately four thouthend billion per year. I think that is grate,isn't it? Secondly, to increese our sales, we have to make a bright, remarkable advertisement because of strong and powerful competiteors at the market we have . Futhermore, we have to strike out something new , reared, extraordinal and funny for our products to expand the sales. To my mind we must work as hard as possible in the first groupe because of it's constant and quick increase. I think we should focus our attantion on magazines there, meanwhile in the second groupe magazines supported by expensive webside content are more valuable.
	","As it could be seen out of the list above, today we have a deal with the two absolutely different demographic groups. And I would like to say we will be pretty tought this year trying to advertise goods there. So, let's think over all the pros and cons of this groups. First of all both of them are widespread enough to bring a good benefit, approximately four thouthend billion per year. I think that is grate,isn't it? secondly, to increase our sales, we have to make a bright, remarkable advertisement because of strong and powerful competitors at the market we have . futhermore, we have to strike out something new , reared, extraordinary and funny for our products to expand the sales. To my mind we must work as hard as possible in the first group because of it's constant and quick increase. I think we should focus our attention on magazines there, meanwhile in the second group magazines supported by expensive website content are more valuable."
429334,22069,22069,tr,Turkish,C1,5,13,3,99,99A,99,99A,1,Comparing two demographic groups,group,group,41073,13:52:12.227,88,230,60.43038687,"
	  Hello friends, i want to share with you to our market research. This research has include two demographic groups. Group one was consisted of 15 to 19 year old women.The other group consisted of 18 to 24 year old men.For the first group 29% percent purchase at least one magazine a month but 69% percent prefer magazines to blogs. For the other demographic group 47% purchase at least one magazine a month and 72% prefer magazines supported by extensive website contet. In the market for the first group we have 6 competitors and for the second group we have one long term and two recent competitive products.  If we look at sales capability ; in 2010 153 billion dolars have been sent. This capacity is estimate 175 billion dolars in 2025 for the first group. But the other group has 242 billion in 2010. They estimate to reach 244 billion dolars in 2025. This means first group can occur in the future. Therefore we should focus to this group firstly.If we look the other data about demographic size says that group have a reach capability. But the other group's market can shrink. Because datas says to us that group size is 25 billion dolars in 2010 and estimate 20 million. This means this market take in. Our mostly target is first demographic group. Thank you for your time 
	","bello friends, i want to share with you to our market research. This research has include two demographic groups. group one was consisted of 15 to 19 year old women.The other group consisted of 18 to 24 year old men.For the first group 29% percent purchase at least one magazine a month but 69% percent prefer magazines to blogs. For the other demographic group 47% purchase at least one magazine a month and 72% prefer magazines supported by extensive website contest. In the market for the first group we have 6 competitors and for the second group we have one long term and two recent competitive products. If we look at sales capability ; in 2010 153 billion dollars have been sent. This capacity is estimate 175 billion dollars in 2025 for the first group. But the other group has 242 billion in 2010. They estimate to reach 244 billion dollars in 2025. This means first group can occur in the future. therefore we should focus to this group firstly.If we look the other data about demographic size says that group have a reach capability. But the other group's market can shrink. Because data says to us that group size is 25 billion dollars in 2010 and estimate 20 million. This means this market take in. Our mostly target is first demographic group. Thank you for your time"
462573,73685,73685,mx,Spanish,C1,5,13,3,99,99A,99,99A,1,Comparing two demographic groups,group,group,41073,21:43:41.787,90,181,60.36987382,"
	  There are two options to expand the market, group 1 ( 15-19-year-old women) and group 2 ( 18-24-old men). First of all, we want to make money so that we have to look where the money is. On one hand, purchasing power in group one was 153 billions of dollars in 2010, and it is estimated to increased to 175 billions in 2025. But on the other hand, in group 2 the purschasing power is estimated to increase from 242 to 244 billions at the same time, more money in group 1. Nevertheless, If demographic size is taking on count it can be observed that group 1 is thought to increase their number in 2025. In contrast with men that it is estimated to reduced their population. In addition, the percentage of men that purchase at least one magazine a month in 2010 was 42 % in contrast with 29 % of women. But, in 2025 this difference of percentages is estimated to reduce 69% of women to contrast 72 of men. Summarizing, women market will be bigger than men.
	","There are two options to expand the market, group 1 ( 15-19-year-old women) and group 2 ( 18-24-old men). First of all, we want to make money so that we have to look where the money is. On one hand, purchasing power in group one was 153 billions of dollars in 2010, and it is estimated to increased to 175 billions in 2025. But on the other hand, in group 2 the purchasing power is estimated to increase from 242 to 244 billions at the same time, more money in group 1. nevertheless, If demographic size is taking on count it can be observed that group 1 is thought to increase their number in 2025. In contrast with men that it is estimated to reduced their population. In addition, the percentage of men that purchase at least one magazine a month in 2010 was 42 % in contrast with 29 % of women. But, in 2025 this difference of percentages is estimated to reduce 69% of women to contrast 72 of men. summarizing, women market will be bigger than men."
435303,43061,43061,br,Portuguese,C1,5,13,3,99,99A,99,99A,1,Comparing two demographic groups,group,group,41074,10:20:58.510,88,158,58.75488909,"
	  The research shows that the two demographic groups are a great new market for our products. The first group is compound of 15 to 19 years old girls, and 69% of this girls prefer buy magazines than read things at the internet which represents a great opportunity for our market to expand in this group. However, 6 products already exists to this group which means that a new product like ours will face a lot of trouble to fix itself in this market. The second group likes to buy magazines to, but they likes magazines supported by a large extensive website content, which means that for we expand for this group we expand for this group we are going to need a big investment at the internet market. Despite this fact the market is less competitive than the market of the first group, since it only exists 1 long term and 2 recent competitive products in this area.
	","The research shows that the two demographic groups are a great new market for our products. The first group is compound of 15 to 19 years old girls, and 69% of this girls prefer buy magazines than read things at the internet which represents a great opportunity for our market to expand in this group. However, 6 products already exists to this group which means that a new product like ours will face a lot of trouble to fix itself in this market. The second group likes to buy magazines to, but they likes magazines supported by a large extensive website content, which means that for we expand for this group we expand for this group we are going to need a big investment at the internet market. Despite this fact the market is less competitive than the market of the first group, since it only exists 1 long term and 2 recent competitive products in this area."
322039,36958,36958,ru,Russian,C1,5,13,3,99,99A,99,99A,1,Comparing two demographic groups,group,group,41075,07:59:17.243,80,130,75.70551671,"
	  I would like to present a comparison of two demographic groups and show the necessity of expanding into each of the two markets.First demographic group is a 15- to 19-year-old women.Marketing investigations show that 29% of women from this age group purchase at least one magazine a month. And additionally 69% prefer magazines to blogs. Second demographic group contains 18- to 24-year-old men. About 47% of this age group men purchase at least one magazine a month . According statistics this age group men prefer magazines support by extensive website content . 6 competative products for the first demographic group are already exists on the market .Speaking about second demographic group I can conclude that only 1 long term and 2 recent competative products exists nowdays.
	",I would like to present a comparison of two demographic groups and show the necessity of expanding into each of the two markets.First demographic group is a 15- to 19-year-old women.marketing investigations show that 29% of women from this age group purchase at least one magazine a month. And additionally 69% prefer magazines to blogs. Second demographic group contains 18- to 24-year-old men. About 47% of this age group men purchase at least one magazine a month . according statistics this age group men prefer magazines support by extensive website content . 6 competitive products for the first demographic group are already exists on the market .speaking about second demographic group I can conclude that only 1 long term and 2 recent competitive products exists nowadays.
476378,16109,16109,de,German,C1,5,13,3,99,99A,99,99A,1,Comparing two demographic groups,group,group,41076,16:09:40.323,92,225,43.15046656,"
	  Demographic group 1 shows us that among the 15 to 19-year-old women 29% purchase at least one magazine a month. About 69 % prefer magazines to blogs. Whereas demographic group 2 indicates that among the 18 to 24-year-old men 47% purchase at least one magazine a month. 72% of them prefer magazines supported by extensive website content. As far as the competition among the two groups is concerned there are already 6 competitive products in demographic group 1 existing. In contrast to demographic group 1 there are one long term and two recent competitive products in demographic group 2 existing. In 2010 the purchasing power among the 15-to 19-year-old women was up to $153 billion. There are assumptions that the purchasing power will be $175 billion in 2025. In opposition to this the purchasing power of demographic group 2, among the 18-to 24-year-old men was 242 billion dollars in 2010. In 2025 it is assumed that the purchasing power will be 244 billion dollars. In addition there are assumptions that the demographic group 1 will grow of 24 million in 2010 to 30 million in 2025. As far as demographic group 2 is conderned there will be  decrease in demographic size. In 2010 group 2 was 25 million and it will porobably decrease to 20 million.
	","demographic group 1 shows us that among the 15 to 19-year-old women 29% purchase at least one magazine a month. About 69 % prefer magazines to blogs. whereas demographic group 2 indicates that among the 18 to 24-year-old men 47% purchase at least one magazine a month. 72% of them prefer magazines supported by extensive website content. As far as the competition among the two groups is concerned there are already 6 competitive products in demographic group 1 existing. In contrast to demographic group 1 there are one long term and two recent competitive products in demographic group 2 existing. In 2010 the purchasing power among the 15-to 19-year-old women was up to $153 billion. There are assumptions that the purchasing power will be $175 billion in 2025. In opposition to this the purchasing power of demographic group 2, among the 18-to 24-year-old men was 242 billion dollars in 2010. In 2025 it is assumed that the purchasing power will be 244 billion dollars. In addition there are assumptions that the demographic group 1 will grow of 24 million in 2010 to 30 million in 2025. As far as demographic group 2 is concerned there will be decrease in demographic size. In 2010 group 2 was 25 million and it will probably decrease to 20 million."
203399,58579,58579,ru,Russian,C1,5,13,3,99,99A,99,99A,1,Comparing two demographic groups,group,group,41079,11:54:38.957,95,143,88.01880225,"
	  After the considering the results of the last research we can conclude that Demographic Group 2 would be the most appropriate group for expanding our company's market share. The reasons for such decision are provided below. First of all, 47% of men from the group 1 purchase at least one magazine a month. This figure is conspicuously bigger than 29% of women from the group 2. Secondly, according to our estimation, purchasing power of the group 2 is bigger now and will still be bigger than first groups one. Despite reducing from 25 million to 20 million, the group 2 will be more lucrative for us due to its high percentage of people willing to purchase magazines. The last but not the least reason is that there are fewer competitive products in Demographic Group 2. This makes it easier for us to intervene.
	","After the considering the results of the last research we can conclude that demographic group 2 would be the most appropriate group for expanding our company's market share. The reasons for such decision are provided below. First of all, 47% of men from the group 1 purchase at least one magazine a month. This figure is conspicuously bigger than 29% of women from the group 2. secondly, according to our estimation, purchasing power of the group 2 is bigger now and will still be bigger than first groups one. Despite reducing from 25 million to 20 million, the group 2 will be more lucrative for us due to its high percentage of people willing to purchase magazines. The last but not the least reason is that there are fewer competitive products in demographic group 2. This makes it easier for us to intervene."
267,64152,64152,br,Portuguese,C1,5,13,3,99,99A,99,99A,1,Comparing two demographic groups,group,group,41079,18:50:15.437,93,170,45.94221375,"
	   First of all lets analyze both groups according with a recent research of the marketing department . The research was divided into two demographic groups:  group 1 shows 15 to 19 year old women while the group 2 shows 18 to 24 year old men.  It's important to notice that already exist 6 competitive products to the group 1 what can be a con if compared to the group 2 that have just 1 long term and 2 recent competitive products. its estimated that in 2025 the group 2 will reach the mark of 244 billion of purchasing power, what represent a positive diference of 70 billion in relation to group 1. In addition the group 1 has as the that 29% purchase at least one magazine a month and the group 2 has 47% purchase at least one magazine a month. As you can see its very clear the difference between the groups. The vantages of considere with more attention the possibility of invest on the group 2 are undeniable.
	","First of all lets analyze both groups according with a recent research of the marketing department . The research was divided into two demographic groups: group 1 shows 15 to 19 year old women while the group 2 shows 18 to 24 year old men. It's important to notice that already exist 6 competitive products to the group 1 what can be a con if compared to the group 2 that have just 1 long term and 2 recent competitive products. its estimated that in 2025 the group 2 will reach the mark of 244 billion of purchasing power, what represent a positive difference of 70 billion in relation to group 1. In addition the group 1 has as the that 29% purchase at least one magazine a month and the group 2 has 47% purchase at least one magazine a month. As you can see its very clear the difference between the groups. The vantages of considered with more attention the possibility of invest on the group 2 are undeniable."
361771,116443,116443,br,Portuguese,C1,5,13,3,99,99A,99,99A,1,Comparing two demographic groups,group,group,41080,09:32:03.633,98,172,51.06053975,"
	  The Researches about two demographics groups, group 1 : women between 15 - 19 years old, and group 2, 18 - 24 years old, brings the following informations: . In the group 1 women purchase at least one magazine a month , in comparison, almost the half of the women in the group 2, 47% of them, purchase at least one magazine a month. In the first group 69% prefer magazines to blogs, in the second 72% prefer magazines supported by extensive website content. . Competition: directed for the group 1 six competitive products already exist, in contrast a marked difference to group 2 that has just two competitives products. . Purchasing Power: group 1 - is estimated a high rise between the years 2010 and 2025, in the other side the group 2 will timidly increase in the same period, just 2 billion. . Demographic size: In one hand the group 1 - will have a estimated a high rise of 6 millions in 2010 -2025, in the other hand the group 2 will decrease 5 millions in the same period.
	","The researches about two demographics groups, group 1 : women between 15 - 19 years old, and group 2, 18 - 24 years old, brings the following informations: . In the group 1 women purchase at least one magazine a month , in comparison, almost the half of the women in the group 2, 47% of them, purchase at least one magazine a month. In the first group 69% prefer magazines to blogs, in the second 72% prefer magazines supported by extensive website content. . competition: directed for the group 1 six competitive products already exist, in contrast a marked difference to group 2 that has just two competitive products. . purchasing Power: group 1 - is estimated a high rise between the years 2010 and 2025, in the other side the group 2 will timidly increase in the same period, just 2 billion. . demographic size: In one hand the group 1 - will have a estimated a high rise of 6 millions in 2010 -2025, in the other hand the group 2 will decrease 5 millions in the same period."
173850,154154,154154,br,Portuguese,C1,5,13,3,99,99A,99,99A,1,Comparing two demographic groups,group,group,41080,17:20:30.520,96,139,67.01467753,"
	  Research shows through two demographics market survey information and preliminary purpose. The sample consited of two groups female and male participant ages around 15 to 24 years. Demographic group 1: 15- to 19 yeras- old women 29% purchase a least one magazine a month 18- to 24 - years old - men  47% purchase at least one magazine a month 72% prefer magazines supported by extensive webside  Competition  6 competitive products already exist ( female ) 1 Long term and 2 recent competive products ( male)  Purchasing power| 2010 $ 153 billion 2025 ( estimated) $ 175 billion  2010 $242 billion 2026 ( estimated ) $ 244 billion  Demographic size 2010 24 million 2025 ( estimated ) 30 million  2010 25 million 2025 ( estimated ) 20 million  You can share in a comment below the participant characteristic of study you did. Please, can you leave a response, or trackback from our own site.   
	","Research shows through two demographics market survey information and preliminary purpose. The sample consisted of two groups female and male participant ages around 15 to 24 years. demographic group 1: 15- to 19 years- old women 29% purchase a least one magazine a month 18- to 24 - years old - men 47% purchase at least one magazine a month 72% prefer magazines supported by extensive website competition 6 competitive products already exist ( female ) 1 Long term and 2 recent completive products ( male) purchasing power| 2010 $ 153 billion 2025 ( estimated) $ 175 billion 2010 $242 billion 2026 ( estimated ) $ 244 billion demographic size 2010 24 million 2025 ( estimated ) 30 million 2010 25 million 2025 ( estimated ) 20 million You can share in a comment below the participant characteristic of study you did. Please, can you leave a response, or traceback from our own site."
479665,17527,17527,it,Italian,C1,5,13,3,99,99A,99,99A,1,Comparing two demographic groups,group,group,41082,14:50:53.280,100,219,109.1303032,"
	  I would like to offer a short comparison between two demographic groups I have selected between those resulting from our recent statistical research about habits and preferences about magazines and websites. First of all, I have analyzed two potentially crucial groups like 15- to 19-year-old women and 18- to 24-year-old men. If young girls, in a percentage of 29%, purchase at least one magazine a month, this percentage rises dramatically among boy (47%), who are best readers. This trend changes, in contrast, if you consider what happens when girls and boys have to choose between magazines and blogs: young women (69%) declare to prefer magazines to websites, whereas young men (72%) are more attracted by magazines with extensive website contents. Six competitive products for girls already exist and they have made earn around 153 billion dollars in 2010, so, if the above-described trends will be confirmed in the next years, the global earned-amount will rise sharply by the year 2025 (we can estimate an amount of 175 billion dollars in that year); contrastingly, earns by sales regarding young men's target will rise only to 244 billion dollars by 2025 in comparison with 242 billion dollars earned in 2010, even if boys' market could rely on one long term and two recent competitive products.
	","I would like to offer a short comparison between two demographic groups I have selected between those resulting from our recent statistical research about habits and preferences about magazines and websites. First of all, I have analyzed two potentially crucial groups like 15- to 19-year-old women and 18- to 24-year-old men. If young girls, in a percentage of 29%, purchase at least one magazine a month, this percentage rises dramatically among boy (47%), who are best readers. This trend changes, in contrast, if you consider what happens when girls and boys have to choose between magazines and blogs: young women (69%) declare to prefer magazines to websites, whereas young men (72%) are more attracted by magazines with extensive website contents. Six competitive products for girls already exist and they have made earn around 153 billion dollars in 2010, so, if the above-described trends will be confirmed in the next years, the global earned-amount will rise sharply by the year 2025 (we can estimate an amount of 175 billion dollars in that year); contrastingly, earns by sales regarding young men's target will rise only to 244 billion dollars by 2025 in comparison with 242 billion dollars earned in 2010, even if boys' market could rely on one long term and two recent competitive products."
484741,23805,23805,de,German,C1,5,13,3,99,99A,99,99A,1,Comparing two demographic groups,group,group,41083,14:18:24.873,89,194,24.94941105,"
	  First at all it are for the first group is the product for 15- to 19- year olt women, but the product for the group two is for 18-to-24-old men. One rassion is that the product from the first group have 6 competive but the comperative from the second group is better. They have a long term and 2 recent compertitive products. With them do not have many of comperative. But the second products are expensive that the first prodructs from the first group. Also the demographic size is not so long why the size from the seconds group. But in year 2025 will the demograhix size from the first group higher than from the seconds group. The products from the seconds group are in the website, but from the frist group in a blog in magazine. I think the product in the website is better, than a lot of people from differnt country can sea it. But I in on hand is the products from first group better but in the other hand is the products form second group is better. In the end the products have for and against.
	","First at all it are for the first group is the product for 15- to 19- year out women, but the product for the group two is for 18-to-24-old men. One passion is that the product from the first group have 6 completive but the cooperative from the second group is better. They have a long term and 2 recent competitive products. With them do not have many of cooperative. But the second products are expensive that the first products from the first group. Also the demographic size is not so long why the size from the seconds group. But in year 2025 will the demographic size from the first group higher than from the seconds group. The products from the seconds group are in the website, but from the frist group in a blog in magazine. I think the product in the website is better, than a lot of people from different country can sea it. But I in on hand is the products from first group better but in the other hand is the products form second group is better. In the end the products have for and against."
325672,165768,165768,fr,French,C1,5,13,3,99,99A,99,99A,1,Comparing two demographic groups,group,group,41085,07:59:40.733,90,237,51.08963415,"
	  The two demographic groups which are composed for the first by 15 - to 19 - year-old women and for the second by 18 - to 24 - year old men , have a big differences between them on the following points: - the results of the research that shows the most interest of young men(47%) than young women (29%) for buying a magazine and the preference of young men for magazine supported by extensive website content ,while young women prefer magazines to blogs . - the competition is about 6 products which already exist for the first demographic group , while it concerns 1 product for a long term and 2 recent products for the second demographic group . -the purchasing power in 2010 is more developped in the second group ($ 242 billion ) than the first group ($ 153 billion ). It's the same trend for 2025 . - The demographic size of the two groups are nearly similar but in 2025 the estimation is more important for the first group(30 million) than the second (20 million). Considering the results of this research, the first demographic group seems more secure than the first because the risks are less in term of products and the population of the first group will be more important in 2025 . But the second group is more interesting by his purchasing power . The efforts would be done in the release of new products .They must be in adequation with nees of this population.
	","The two demographic groups which are composed for the first by 15 - to 19 - year-old women and for the second by 18 - to 24 - year old men , have a big differences between them on the following points: - the results of the research that shows the most interest of young men(47%) than young women (29%) for buying a magazine and the preference of young men for magazine supported by extensive website content ,while young women prefer magazines to blogs . - the competition is about 6 products which already exist for the first demographic group , while it concerns 1 product for a long term and 2 recent products for the second demographic group . -the purchasing power in 2010 is more developed in the second group ($ 242 billion ) than the first group ($ 153 billion ). It's the same trend for 2025 . - The demographic size of the two groups are nearly similar but in 2025 the estimation is more important for the first group(30 million) than the second (20 million). considering the results of this research, the first demographic group seems more secure than the first because the risks are less in term of products and the population of the first group will be more important in 2025 . But the second group is more interesting by his purchasing power . The efforts would be done in the release of new products .They must be in adequation with news of this population."
411578,94555,94555,br,Portuguese,C1,5,13,3,99,99A,99,99A,1,Comparing two demographic groups,group,group,41086,21:37:38.493,88,179,85.00702811,"
	  When one looks at the two demographic groups that our company has researched it is possible to see a potential market in both of them. However, the young men demographic group is our mine of gold.   We can see that there is lots of competition for the young women group. Our research has identified at least six major competitive products. These competitors are already sharing the preference of 29% of the 24 million women in 2010. However we can launch our magazine now and work to get a fair market share in 2025 once that the purchasing power and the demographic size are expected to increase almost 20%.   The young men demographic group should be our target because we are talking about 47% of 25 million of people with a purchasing power of $242 billion in 2010! It is our mine of gold. It is a market with only three major competitors. As our research has identified we can develop our magazine supported by extensive website content. There is no doubt that our product will be a huge success. 
	","When one looks at the two demographic groups that our company has researched it is possible to see a potential market in both of them. However, the young men demographic group is our mine of gold. We can see that there is lots of competition for the young women group. Our research has identified at least six major competitive products. These competitors are already sharing the preference of 29% of the 24 million women in 2010. However we can launch our magazine now and work to get a fair market share in 2025 once that the purchasing power and the demographic size are expected to increase almost 20%. The young men demographic group should be our target because we are talking about 47% of 25 million of people with a purchasing power of $242 billion in 2010! It is our mine of gold. It is a market with only three major competitors. As our research has identified we can develop our magazine supported by extensive website content. There is no doubt that our product will be a huge success."
221566,39348,39348,cn,Mandarin,C1,5,13,3,99,99A,99,99A,1,Comparing two demographic groups,group,group,41087,05:44:14.840,88,218,45.29640059,"
	  Our research shows that demographic group of 18- to 24-year-old men has an advantage over 15- to 19-year-old women regarding target consumer group. One reason is that, according to our survey, 47% of 18- to 24-year-old men buy at least one magazine a month comparied. In contrast, 29% of 15- to 19-year-old women buy at least one magazine a month. In addition, the main reason is that purchasing power differs a lot. In 2010, the purchasing power of 18- to 24-year-old men has been reached $242 billion, while only $153 billion for 15- to 19-year-old women. It is estimated that by 2025, the purchasing power of 18- to 24-year old men will be reaching $244 billion compared with $175 billion for 15- to 19-year-old women. Furthermore, there are 3 competitors within te market for 18- to 24-year-old men while 6 competiters for the group of 15- to 19-year-old women. Despite above pros, the cons of 18- to 24-year-old men group is about demographic size. The demographic size of 18- to 24-year-old men will see a steady fall from 2010 to 2025, while the demographic size of 15- to 19-year-old women will increase sharply.
	","Our research shows that demographic group of 18- to 24-year-old men has an advantage over 15- to 19-year-old women regarding target consumer group. One reason is that, according to our survey, 47% of 18- to 24-year-old men buy at least one magazine a month compared. In contrast, 29% of 15- to 19-year-old women buy at least one magazine a month. In addition, the main reason is that purchasing power differs a lot. In 2010, the purchasing power of 18- to 24-year-old men has been reached $242 billion, while only $153 billion for 15- to 19-year-old women. It is estimated that by 2025, the purchasing power of 18- to 24-year old men will be reaching $244 billion compared with $175 billion for 15- to 19-year-old women. furthermore, there are 3 competitors within te market for 18- to 24-year-old men while 6 competitors for the group of 15- to 19-year-old women. Despite above pros, the cons of 18- to 24-year-old men group is about demographic size. The demographic size of 18- to 24-year-old men will see a steady fall from 2010 to 2025, while the demographic size of 15- to 19-year-old women will increase sharply."
98777,130640,130640,de,German,C1,5,13,3,99,99A,99,99A,1,Comparing two demographic groups,group,group,41087,08:21:36.800,97,186,72.02948646,"
	  Thank you for reporting me the newest statistics concerning the two demographic groups: the 15-to 19-year-old women and the 18-to 24-year-old men. It is now to compare the market situation and the purchase patterns of both groups in order to draw the right conclusions and to plan our strategy for the future.  Only 29% of the women are used to buying at least one magazine a month whereas 47% of the men do this.  On the female side, there are six competitors and on the male side one long term competitor and two recent ones.   The purchasing power shows different developments from 2010 to 2025. The more lucrative market seems to be the female group because the estimated purchasing power rises sharply from $153 billion to $175 billion ( the figures on the male side rise only slightly).  The demographic size shows a similar result: the number of women increases whereas the men clearly fall.  To come to a conclusion: In my opinion we should pay more attention to the female market as it offers clearly greater chances for our products.  
	","Thank you for reporting me the newest statistics concerning the two demographic groups: the 15-to 19-year-old women and the 18-to 24-year-old men. It is now to compare the market situation and the purchase patterns of both groups in order to draw the right conclusions and to plan our strategy for the future. Only 29% of the women are used to buying at least one magazine a month whereas 47% of the men do this. On the female side, there are six competitors and on the male side one long term competitor and two recent ones. The purchasing power shows different developments from 2010 to 2025. The more lucrative market seems to be the female group because the estimated purchasing power rises sharply from $153 billion to $175 billion ( the figures on the male side rise only slightly). The demographic size shows a similar result: the number of women increases whereas the men clearly fall. To come to a conclusion: In my opinion we should pay more attention to the female market as it offers clearly greater chances for our products."
281225,30388,30388,cn,Mandarin,C1,5,13,3,99,99A,99,99A,1,Comparing two demographic groups,group,group,41087,11:21:37.903,97,157,70.22765363,"
	  The research shows that more men than women like reading magazines, bceasue 29% of 15 to 19-year-old women purchased at leat one magazine a month while it was 47% of 18 to 24-year-old men to do so. In addition, men have the bigger purchase power than women either in 2010 when the men's purchase power was USD242bn and women USD153bn, or in 2025 when the figure would be USD244bn and USD175bn respectively by estimate, as shown in the table. So in my opinion we need to focus more on expanding into men market. But there is one disadvantage in doing so because, based on estimate, the women demographic size would increase from 24mn in 2010 to 30mn in 2025, while the men demographic size is estimated to fall from 25mn in 2010 to 20mn in 2025 although 18-24 men demographic still have bigger purchase power by about 70bn than 15-19 women.
	","The research shows that more men than women like reading magazines, because 29% of 15 to 19-year-old women purchased at leat one magazine a month while it was 47% of 18 to 24-year-old men to do so. In addition, men have the bigger purchase power than women either in 2010 when the men's purchase power was USD242bn and women USD153bn, or in 2025 when the figure would be USD244bn and USD175bn respectively by estimate, as shown in the table. So in my opinion we need to focus more on expanding into men market. But there is one disadvantage in doing so because, based on estimate, the women demographic size would increase from 24mn in 2010 to 30mn in 2025, while the men demographic size is estimated to fall from 25mn in 2010 to 20mn in 2025 although 18-24 men demographic still have bigger purchase power by about 70bn than 15-19 women."
160474,50923,50923,mx,Spanish,C1,5,13,3,99,99A,99,99A,1,Comparing two demographic groups,group,group,41087,14:27:34.440,90,160,81.03965922,"
	  Marketing information. Research show that for 15-19-year-old women, 29% purchase at least one magazine a month, while 61% prefer magazines blogs. There are six competitive products which already exist in this market. In 2010, the purchasing power was 153 billion dollars. And in 2025, it is estimated to be 175 billion dollars. Finally, the demographic size in 2010 was 22 million and in 2025 is estimated to be 30 million. On the other hand, for 18-24-year-old men, research shows that 47% purchase at least one magazine a month, instead, the other 72% prefer magazines with extensive website content. One long-term competitor exists in this market, and there are other two recent competitive products. While in 2010 the purchasing power was $242 billion, in 2025 it is estimated to be $244 billion. To conclude, during 2010 the demographic size was of 25 million, though for 2025 it is estimated to grow into 20 million.
	","marketing information. Research show that for 15-19-year-old women, 29% purchase at least one magazine a month, while 61% prefer magazines blogs. There are six competitive products which already exist in this market. In 2010, the purchasing power was 153 billion dollars. And in 2025, it is estimated to be 175 billion dollars. finally, the demographic size in 2010 was 22 million and in 2025 is estimated to be 30 million. On the other hand, for 18-24-year-old men, research shows that 47% purchase at least one magazine a month, instead, the other 72% prefer magazines with extensive website content. One long-term competitor exists in this market, and there are other two recent competitive products. While in 2010 the purchasing power was $242 billion, in 2025 it is estimated to be $244 billion. To conclude, during 2010 the demographic size was of 25 million, though for 2025 it is estimated to grow into 20 million."
182718,68676,68676,br,Portuguese,C1,5,13,3,99,99A,99,99A,1,Comparing two demographic groups,group,group,41087,21:06:12.140,100,181,64.06392714,"
	  Magazines advertising has spotted a potential market among the young age group, though adverse figures blur the trade. Our research shows that 29% of 15- to 19-year-old women purchase at least one magazine a month. In contrast, the demographic group made up by 18- to 24-year-old men accounts for 47% in the same item. On the one hand, in the women group the demographic size has shown a trend to growth, since it was $ 153 bi in 2010 and it is estimated to be $175 bi in 2025. On the other hand, in the men group it has shown a trend to a slight fall, because it was 25 million in 2010 and there is a projection of a loss in 2 million until 2025. A positive datum highlights in the research, however. The men's purchasing power shows a trend to a considerable rise, jumping from $153 bi to $175 bi between 2010 and 2025. Likewise, the women's purchasing power shows a trend to increase fairly, rising from $ 242 bi to $ 244 bi in the same period.
	","magazines advertising has spotted a potential market among the young age group, though adverse figures blur the trade. Our research shows that 29% of 15- to 19-year-old women purchase at least one magazine a month. In contrast, the demographic group made up by 18- to 24-year-old men accounts for 47% in the same item. On the one hand, in the women group the demographic size has shown a trend to growth, since it was $ 153 bi in 2010 and it is estimated to be $175 bi in 2025. On the other hand, in the men group it has shown a trend to a slight fall, because it was 25 million in 2010 and there is a projection of a loss in 2 million until 2025. A positive datum highlights in the research, however. The men's purchasing power shows a trend to a considerable rise, jumping from $153 bi to $175 bi between 2010 and 2025. likewise, the women's purchasing power shows a trend to increase fairly, rising from $ 242 bi to $ 244 bi in the same period."
215547,12900,12900,br,Portuguese,C1,5,13,3,99,99A,99,99A,1,Comparing two demographic groups,group,group,41093,18:12:52.760,87,195,65.53912207,"
	  Demographic Group 1 (DG1) x Demographic Group 2 (DG2): pros and cons The research shows that DG2 usually purchase more magazines per month than DG1. There are three main points to observe before take any decision. 1- COMPETITION: in DG1 there are 6 competitive products in the market. It will be very difficult to launch a new magazine into this market. On the other hand, in DG2, there is 1 long term and 2 recent competitive products. It seems to be easier to launch a new magazine into this market. 2- PURCHASING POWER: DG1 shows a very interesting estimated increase purchasing power by the year 2025 (an increase of $22 billion). DG2 shows an irrelevant increase of just $2 billion. 3- DEMOGRAPHIC SIZE: DG1 shows a normal estimated increase by the year 2025 (an increase of 6 million). On the other hand, DG2 shows an unexpected decrease by the year 2025 of 5 million. Conclusion: despite the fact that in DG1 there are 6 competitive products, making to launch a new magazine a very big challenge, I advice you invest in this demographic group, because their purchasing power will increase steady and demographic size too. 
	","demographic group 1 (DG1) x demographic group 2 (DG2): pros and cons The research shows that DG2 usually purchase more magazines per month than DG1. There are three main points to observe before take any decision. 1- COMPETITION: in DG1 there are 6 competitive products in the market. It will be very difficult to launch a new magazine into this market. On the other hand, in DG2, there is 1 long term and 2 recent competitive products. It seems to be easier to launch a new magazine into this market. 2- PURCHASING POWER: DG1 shows a very interesting estimated increase purchasing power by the year 2025 (an increase of $22 billion). DG2 shows an irrelevant increase of just $2 billion. 3- DEMOGRAPHIC SE: DG1 shows a normal estimated increase by the year 2025 (an increase of 6 million). On the other hand, DG2 shows an unexpected decrease by the year 2025 of 5 million. Conclusion: despite the fact that in DG1 there are 6 competitive products, making to launch a new magazine a very big challenge, I advice you invest in this demographic group, because their purchasing power will increase steady and demographic size too."
402711,49931,49931,br,Portuguese,C1,5,13,3,99,99A,99,99A,1,Comparing two demographic groups,group,group,41093,19:19:48.740,94,181,101.6749394,"
	  I've been researching about how to introduce a new magazine into the US market for the last 5 months, and my team found some curious numbers about men and women preferences and some tendencies for the next few years. First of all, looks like the women's market is very competitive, because it already has 6 products already in there, but, in long-terms, the number of women from 2010 to 2025 will have a steady rise, while the men's market decrease in terms of population. Although we can see the men market going down, looks like this market spends more money buying information (R$ 242 in 2010 and an estimated R$ 244 billions in 2025). In addition, one company only has almost 100% of the market share, and only 2 new products are planning to comming soon.   That said, I would recomend my client to invest his money in a more quality and less competitive market for now, which means the men's market, and, in long-terms, join the women market, because this market will be huge in the near future.
	","I've been researching about how to introduce a new magazine into the US market for the last 5 months, and my team found some curious numbers about men and women preferences and some tendencies for the next few years. First of all, looks like the women's market is very competitive, because it already has 6 products already in there, but, in long-terms, the number of women from 2010 to 2025 will have a steady rise, while the men's market decrease in terms of population. Although we can see the men market going down, looks like this market spends more money buying information (R$ 242 in 2010 and an estimated R$ 244 billions in 2025). In addition, one company only has almost 100% of the market share, and only 2 new products are planning to coming soon. That said, I would recommend my client to invest his money in a more quality and less competitive market for now, which means the men's market, and, in long-terms, join the women market, because this market will be huge in the near future."
302897,125856,125856,br,Portuguese,C1,5,13,3,99,99A,99,99A,1,Comparing two demographic groups,group,group,41093,20:59:58.833,89,161,46.40348445,"
	  The purchase power of the Group 2 is stimated to rise steadily in the next 15 years. The Group 1 has a sharpier rise, but is not expected to be as big as the Group 2. Although the habit of buying magazines is more intense in the Group 2, both shows good opportunities of growth. For the Group 2, the magazine is not enough: we need also to develop complementary website content, while the Group 1 shows up more satisfied with the magazine content. However, the competition is much bigger in the Group 1, where 6 competitors are already stablished. On the other hand, only one long term competitor exists in the Group 2. In my opinion, considering the bigger purchasing power, the lower competition, our knowledge of the market and capacity to creat content, we should target on he Group 2. I think in this group we can rise sharply by taking the current market share from the main competitor.
	","The purchase power of the group 2 is estimated to rise steadily in the next 15 years. The group 1 has a sharper rise, but is not expected to be as big as the group 2. Although the habit of buying magazines is more intense in the group 2, both shows good opportunities of growth. For the group 2, the magazine is not enough: we need also to develop complementary website content, while the group 1 shows up more satisfied with the magazine content. However, the competition is much bigger in the group 1, where 6 competitors are already stablished. On the other hand, only one long term competitor exists in the group 2. In my opinion, considering the bigger purchasing power, the lower competition, our knowledge of the market and capacity to creat content, we should target on he group 2. I think in this group we can rise sharply by taking the current market share from the main competitor."
277912,168473,168473,de,German,C1,5,13,3,99,99A,99,99A,1,Comparing two demographic groups,group,group,41094,09:27:03.663,55,131,85.84999558,"
	  Dear co-worker, thanks for your favor. In the list there are two demographic groups. Firstly, women in an age of fifteen to nineteen year. Secondly, this women pays one per month. For this client we will not make a strength or strategy. The other part of group is our aim. We must focus to the 69% in the blogs. Our rat in 2010 is absolutely worse in market share and profit. What tells as that list? The target age of the women we are searching for is thirty to forty years ""Young"". What will be our next step? Of course, the design must be updated to this client with a new slogan, like: ""fashion dream weekly"". I think, this will be inspired by our next demographic issue. Your co-worker.
	","Dear co-worker, thanks for your favor. In the list there are two demographic groups. firstly, women in an age of fifteen to nineteen year. secondly, this women pays one per month. For this client we will not make a strength or strategy. The other part of group is our aim. We must focus to the 69% in the blogs. Our rat in 2010 is absolutely worse in market share and profit. What tells as that list? The target age of the women we are searching for is thirty to forty years ""Young"". What will be our next step? Of course, the design must be updated to this client with a new slogan, like: ""fashion dream weekly"". I think, this will be inspired by our next demographic issue. Your co-worker."
465640,109366,109366,ru,Russian,C1,5,13,3,99,99A,99,99A,1,Comparing two demographic groups,group,group,41094,14:13:15.250,89,218,107.8029197,"
	  Our company sales fashionable magazine for young people. According to the data, 15 to 19-year old women buy less magazines per month than 18 to 24-year old men. Furthermore, majority of young men like reading our magazine online. In contrast, 69 percent of young ladies prefer not to read blogs by the Internet. In addition, man's online purchases generally include a much wider variety of articles. As you can see, young men are the bread and butter for our market. However, company should also think about female audience. So, our marketing team came up with the strategies for renovating our magazine and made it more attractive and available for young women. Nowadays our company has more competitive products for women than for men. For example, our company is getting ahead of releasing latest news about celebrity's life and some columns for fashion cloth.  Likewise, we believe that free download of some articles on our company's website encourage both demographic groups to buy more products. In conclusion, our company estimated how the purchasing power and the demographic size would have been changed by 2015. On the one hand we will have sharp increases in purchasing power mainly due to young women. But on the other hand a number of male audience of the readers will fall dramatically.
	","Our company sales fashionable magazine for young people. according to the data, 15 to 19-year old women buy less magazines per month than 18 to 24-year old men. furthermore, majority of young men like reading our magazine online. In contrast, 69 percent of young ladies prefer not to read blogs by the Internet. In addition, man's online purchases generally include a much wider variety of articles. As you can see, young men are the bread and butter for our market. However, company should also think about female audience. So, our marketing team came up with the strategies for renovating our magazine and made it more attractive and available for young women. nowadays our company has more competitive products for women than for men. For example, our company is getting ahead of releasing latest news about celebrity's life and some columns for fashion cloth. likewise, we believe that free download of some articles on our company's website encourage both demographic groups to buy more products. In conclusion, our company estimated how the purchasing power and the demographic size would have been changed by 2015. On the one hand we will have sharp increases in purchasing power mainly due to young women. But on the other hand a number of male audience of the readers will fall dramatically."
8915,148855,148855,fr,French,C1,5,13,3,99,99A,99,99A,1,Comparing two demographic groups,group,group,41097,13:52:22.950,85,178,52.32136229,"
	  I'm really concerned about expanding the market sales into the both demographic groups. As far as possible, we'll have to follow closely the evolution of the purchases in the next six month according to the market share. On the one hand, we will have used more gossip articles about stars in the magazines to increase the interest from the women. On the other hand, we can notice carefully that there are most competitive products on the demographic group 1 than on the demographic group 2. In comparison, the projections are showing that the evolution of the worth from the purchasing power will be more efficient on the demographic group 1 (estimated to 22 billion between 2010 to 2025). In contrast, the demographic group 2 make very much money in the same period compared. However, the worth of the purchase power seems less valued according to the projections (estimated merely to 2 billion between 2010 to 2025). Thus, I consider to my own advice which is it obviously more cunning to concentrate the effort on the demographic group 1.
	","I'm really concerned about expanding the market sales into the both demographic groups. As far as possible, we'll have to follow closely the evolution of the purchases in the next six month according to the market share. On the one hand, we will have used more gossip articles about stars in the magazines to increase the interest from the women. On the other hand, we can notice carefully that there are most competitive products on the demographic group 1 than on the demographic group 2. In comparison, the projections are showing that the evolution of the worth from the purchasing power will be more efficient on the demographic group 1 (estimated to 22 billion between 2010 to 2025). In contrast, the demographic group 2 make very much money in the same period compared. However, the worth of the purchase power seems less valued according to the projections (estimated merely to 2 billion between 2010 to 2025). Thus, I consider to my own advice which is it obviously more cunning to concentrate the effort on the demographic group 1."
110903,110267,110267,mx,Spanish,C1,5,13,3,99,99A,99,99A,1,Comparing two demographic groups,group,group,41097,21:51:02.663,97,188,49.41988728,"
	  Our recient research shows that in the ""demographic group 1"", integrated by 15 to 19-year-old-women, 29% purchased at least one magazine a month and 69% prefer magazines to blogs but on the other hand the ""demographic group 2"", integrated by 18-to24-year-old men 47% purchase at least one magazine a month and 72% prefer magazines supported by extensive website content. Talking about competition in the group 1 already exist 6 competitive products in comparison with group 2 whit a long term and 2 recent competitive products. In 2010 group 1 had a purchasing power of 153 billion and is estimated for 2025 175 billion in contrast to group 2 whit 242 billion of purchasing power and 244 billion estimated for 2025. Finally group 1 has a demographic size of 24 million and group 2 has 25 million of demographic size. As a conclusion we have to focus our market strategy to group 2 because this group has more interest in purchase magazines, has more purchasing power, and least competitors compared with group 1 although bout demographic groups has almost the same demographic size.
	","Our recent research shows that in the ""demographic group 1"", integrated by 15 to 19-year-old-women, 29% purchased at least one magazine a month and 69% prefer magazines to blogs but on the other hand the ""demographic group 2"", integrated by 18-to24-year-old men 47% purchase at least one magazine a month and 72% prefer magazines supported by extensive website content. talking about competition in the group 1 already exist 6 competitive products in comparison with group 2 whit a long term and 2 recent competitive products. In 2010 group 1 had a purchasing power of 153 billion and is estimated for 2025 175 billion in contrast to group 2 whit 242 billion of purchasing power and 244 billion estimated for 2025. finally group 1 has a demographic size of 24 million and group 2 has 25 million of demographic size. As a conclusion we have to focus our market strategy to group 2 because this group has more interest in purchase magazines, has more purchasing power, and least competitors compared with group 1 although bout demographic groups has almost the same demographic size."
54965,57924,57924,tw,Mandarin,C1,5,13,3,99,99A,99,99A,1,Comparing two demographic groups,group,group,41098,07:01:55.590,90,143,47.66666667,"
	  Research shows that 29 percent 15 to 19 year old women purchases at least one magazine every month, and 69 percent prefers magazines to blogs. 47 percent of the 18 to 24 year old men purchases at least one magaine a month, and 72 percet prefers magazines supported by extensive website content. For women, there are 6 competitive products that exist. As for men, there's 1 long term and 2 recent competitive products exist. The first group has purchased 153 billion dollars at 2010, the estimated amount of money is 175 billion dollars at 2025. The second group has purchased 242 billion dollars at 2010, the estimated amount is 244 billion by 2025. The size of the first demographic group is 24 million, by 2025, it might increase to 30 million. The second group is 25 million, by 2025, it'll become 20 million
	","Research shows that 29 percent 15 to 19 year old women purchases at least one magazine every month, and 69 percent prefers magazines to blogs. 47 percent of the 18 to 24 year old men purchases at least one magazine a month, and 72 percept prefers magazines supported by extensive website content. For women, there are 6 competitive products that exist. As for men, there's 1 long term and 2 recent competitive products exist. The first group has purchased 153 billion dollars at 2010, the estimated amount of money is 175 billion dollars at 2025. The second group has purchased 242 billion dollars at 2010, the estimated amount is 244 billion by 2025. The size of the first demographic group is 24 million, by 2025, it might increase to 30 million. The second group is 25 million, by 2025, it'll become 20 million"
214152,12501,12501,br,Portuguese,C1,5,13,3,99,99A,99,99A,1,Comparing two demographic groups,group,group,41099,15:52:02.603,77,178,70.55286759,"
	  The two groups offer a profitable possibilitie of success.First of all, if we decide to expand our product into the group 1 we'll have problem with the competitor, because already exist six competitors in the market, in the group 2 we have 1 long term and 2 recent competitive products. As you can see in the statistics, the group 2 is more promissing than the group 1 , so we have to focus on it. In addition, we have to use this data about the magazine preference of the men, spendig on advertising that convince them that reading our magazine is easier than surfing on the web looking for their favorite subjects, like sports and cars. The men purchase more magazine than women, in the end we must inovate our magazine and make it more inviting, the reader have to feel good when he is reading our magazine, we have to change a lot of things on it, but I know our graphic design team will come up with some excellent strategies to change this situation. Thanner Cardoso
	","The two groups offer a profitable possibilities of success.First of all, if we decide to expand our product into the group 1 we'll have problem with the competitor, because already exist six competitors in the market, in the group 2 we have 1 long term and 2 recent competitive products. As you can see in the statistics, the group 2 is more promising than the group 1 , so we have to focus on it. In addition, we have to use this data about the magazine preference of the men, spending on advertising that convince them that reading our magazine is easier than surfing on the web looking for their favorite subjects, like sports and cars. The men purchase more magazine than women, in the end we must novate our magazine and make it more inviting, the reader have to feel good when he is reading our magazine, we have to change a lot of things on it, but I know our graphic design team will come up with some excellent strategies to change this situation. channer Cardozo"
283393,67077,67077,cn,Mandarin,C1,5,13,3,99,99A,99,99A,1,Comparing two demographic groups,group,group,41100,04:30:28.757,94,162,68.81431767,"
	  15-19 age women 29% purchase at lease one magazine a month and 69% prefer magazines to blogs, in comparison, 18-24 age males 47% purchase at least one magazine a month and 72% prefer magazines supported by extensive website content. There are 6 competive products already exsit in demographic group 1, in contrast, there are only one competitor who has been in this market for a long time and two recent competitive products. As you can see, the purchase power of demograhic group 1 has a steady rise from $153 billion estimate to $175 billion in 2025, likewise, the demographic size rise steadily from 24 million in 2010 estimate to 30 million in 2025, in comparison, the purchase power of group 2 is almost flat in 240 billion from 2010 to 2025 and the demographic size will drop from 25 million in 2010 to 20 million in 2025. So, I think we should focus on Group 1 to design our magazines.
	","15-19 age women 29% purchase at lease one magazine a month and 69% prefer magazines to blogs, in comparison, 18-24 age males 47% purchase at least one magazine a month and 72% prefer magazines supported by extensive website content. There are 6 completive products already exist in demographic group 1, in contrast, there are only one competitor who has been in this market for a long time and two recent competitive products. As you can see, the purchase power of demographic group 1 has a steady rise from $153 billion estimate to $175 billion in 2025, likewise, the demographic size rise steadily from 24 million in 2010 estimate to 30 million in 2025, in comparison, the purchase power of group 2 is almost flat in 240 billion from 2010 to 2025 and the demographic size will drop from 25 million in 2010 to 20 million in 2025. So, I think we should focus on group 1 to design our magazines."
340173,39745,39745,de,German,C1,5,13,3,99,99A,99,99A,1,Comparing two demographic groups,group,group,41100,16:04:05.087,94,177,94.36798706,"
	  Comparison of two demographic groups: First of all, the research separates between Group 1 and Group 2. The first group includes the 15- to 19- year old women. 29% of this demographic group purchase at least one magazine a month. 69% prefer magazines to blogs. In addition, there exist already 6 competitive products. One of the most impressive fact is the rise of the purchasing power from 2010 (153$) to 2025 (175$). Similarly, the demographic size will also rising but steadily from 24 million to 30million. In comparison to that group the research shows that 47% the 18- to 24-year-old men purchase at least one magazine a month. However, 72% prefer magazines supported by extensive website content. The advantage here is, that there is only one long term and two recent competitive products. In contrast to group 1 the purchasing power is on a steady level but it is on a higher level about 242$ in 2010 and 244$ in 2025 than group 1. And as you can see the demographic size will also fallen. 
	","comparison of two demographic groups: First of all, the research separates between group 1 and group 2. The first group includes the 15- to 19- year old women. 29% of this demographic group purchase at least one magazine a month. 69% prefer magazines to blogs. In addition, there exist already 6 competitive products. One of the most impressive fact is the rise of the purchasing power from 2010 (153$) to 2025 (175$). similarly, the demographic size will also rising but steadily from 24 million to 30million. In comparison to that group the research shows that 47% the 18- to 24-year-old men purchase at least one magazine a month. However, 72% prefer magazines supported by extensive website content. The advantage here is, that there is only one long term and two recent competitive products. In contrast to group 1 the purchasing power is on a steady level but it is on a higher level about 242$ in 2010 and 244$ in 2025 than group 1. And as you can see the demographic size will also fallen."
414222,166118,166118,br,Portuguese,C1,5,13,3,99,99A,99,99A,1,Comparing two demographic groups,group,group,41100,21:28:33.847,87,140,47,"
	  For 15 to 19 aged women research shows that 29% purchase at least one magazine a month and 69% prefer magazines to blogs . In other hand for men aged 18 to 24 research shows that 47% pruchase at least one magazine a month and 72% prefer magazines supported by extensive website content. 6 competitive products already exist for women's magazine in coparison to men's that is 1 long and 2 recent competitive products. And in 2010 the purchasing power estimated $ 153 billion for women and in 2025 is is estimated $175 billion and $242 billion for men andin 2025 it is estimated $244 billion. Finally the demografic size was 24 million in the first goup and 25 million for the second group. And in 2025 it is estimated 30 million for the first and 20 million for the second group.
	",For 15 to 19 aged women research shows that 29% purchase at least one magazine a month and 69% prefer magazines to blogs . In other hand for men aged 18 to 24 research shows that 47% purchase at least one magazine a month and 72% prefer magazines supported by extensive website content. 6 competitive products already exist for women's magazine in comparison to men's that is 1 long and 2 recent competitive products. And in 2010 the purchasing power estimated $ 153 billion for women and in 2025 is is estimated $175 billion and $242 billion for men anding 2025 it is estimated $244 billion. finally the democratic size was 24 million in the first goup and 25 million for the second group. And in 2025 it is estimated 30 million for the first and 20 million for the second group.
343876,6722,6722,tr,Turkish,C1,5,13,3,99,99A,99,99A,1,Comparing two demographic groups,group,group,41101,03:55:52.130,86,183,53.26498295,"
	  First of all, we have enough information about two demographic groups.   According to research, 29% of 15- to 19-year-old women purchase at least one magazine a month and 69% of them prefer magazines to blogs. However, 47% of 18- to 24-year-old men purchase at least one magazine a month and 72% of them prefer magazines supported by extensive website content.   Although 6 competitive products already exist about first group, there are 1 long term and 2 recent competitive products about second group. The purschasing power of first group was $153 billion and  demographic size was 24 million in 2010, but the purchasing power of second group was $242 billion and demographing size was 25 million in the same year.   When we look at the estimated figures of the year 2025, we can see easily that the market of first group will increase because demographic size of it will be 30 million and estimated purchasing power will be $175 billion, but on the other hand we won't be able to see any changes about the figures of the second group.  
	","First of all, we have enough information about two demographic groups. according to research, 29% of 15- to 19-year-old women purchase at least one magazine a month and 69% of them prefer magazines to blogs. However, 47% of 18- to 24-year-old men purchase at least one magazine a month and 72% of them prefer magazines supported by extensive website content. Although 6 competitive products already exist about first group, there are 1 long term and 2 recent competitive products about second group. The purchasing power of first group was $153 billion and demographic size was 24 million in 2010, but the purchasing power of second group was $242 billion and demographic size was 25 million in the same year. When we look at the estimated figures of the year 2025, we can see easily that the market of first group will increase because demographic size of it will be 30 million and estimated purchasing power will be $175 billion, but on the other hand we won't be able to see any changes about the figures of the second group."
250210,26178,26178,cn,Mandarin,C1,5,13,3,99,99A,99,99A,1,Comparing two demographic groups,group,group,41102,11:00:38.637,95,183,40.725,"
	  There are two demographic groups in our market survey, Group 1 is made up of 15-19 years old women, Group 2 is made up of 18-24 years old men. First of all, Our research shows more men purchase our magazine than women every month, 47% of the group 2 purchase at least one magazine a month, in comparison, the ratio in group 1 is only 29%. Likewise, as you can see, the purchase power of group 2 is larger than group 1. In 2010 the purchasing power of group 2 was $242 billion, in contrast, group1 was $153 billion. Furthermore, we project that the group 2's purchasing power in 2025 will still be in excess of group 1. However, the demographic size is on the contrary. On the one hand, group 1 will rise dramatically from 24 million in 2010 to30 million in 2025, on the other hand, group 2 will be in a dramatic fall from 25 million in 2010 to 20 million in 2025. In the end, both group face a competition from the existing and emerging competitive products.
	","There are two demographic groups in our market survey, group 1 is made up of 15-19 years old women, group 2 is made up of 18-24 years old men. First of all, Our research shows more men purchase our magazine than women every month, 47% of the group 2 purchase at least one magazine a month, in comparison, the ratio in group 1 is only 29%. likewise, as you can see, the purchase power of group 2 is larger than group 1. In 2010 the purchasing power of group 2 was $242 billion, in contrast, group1 was $153 billion. furthermore, we project that the group 2's purchasing power in 2025 will still be in excess of group 1. However, the demographic size is on the contrary. On the one hand, group 1 will rise dramatically from 24 million in 2010 to30 million in 2025, on the other hand, group 2 will be in a dramatic fall from 25 million in 2010 to 20 million in 2025. In the end, both group face a competition from the existing and emerging competitive products."
123694,57204,57204,tr,Turkish,C1,5,13,3,99,99A,99,99A,1,Comparing two demographic groups,group,group,41103,10:48:23.453,95,202,55.11730441,"
	  We have researched two different demographic groups. First group is male and the second is female. According to our researches female group, let us call it DG 1, women of 15- to 19- year old 29% purchase at least one magazine a month, while other 69% prefer magazines to blogs. In contrast to DG1 the second male group, let us call it DG 2, shows a little difference. 18- to 24- year-old men 47% purchase at least one magazine a month, other 72% prefer magazines supported by extensive website content. In comparison to DG 2, DG 1 already has 6 competitive products. While DG 2 has 2 recent competitive products during a long term. Purchasing Power of two groups is differ as well. For example, DG 1- in 2010 $153 billion and DG 2 -$242 billion. DG 1 in 2025(estimated) $175 billion, DG 2- $244 billion(estimated). Demografic size of a female group to 2010 year is 24 million and to 2025 year it is 30 million (estimated). Demografic size of a male group is 25 million to 2010 year and 20 million (estimated) to 2025. We can see that demografic size of a male group can fall to 2025.
	","We have researched two different demographic groups. First group is male and the second is female. according to our researches female group, let us call it DG 1, women of 15- to 19- year old 29% purchase at least one magazine a month, while other 69% prefer magazines to blogs. In contrast to DG1 the second male group, let us call it DG 2, shows a little difference. 18- to 24- year-old men 47% purchase at least one magazine a month, other 72% prefer magazines supported by extensive website content. In comparison to DG 2, DG 1 already has 6 competitive products. While DG 2 has 2 recent competitive products during a long term. purchasing Power of two groups is differ as well. For example, DG 1- in 2010 $153 billion and DG 2 -$242 billion. DG 1 in 2025(estimated) $175 billion, DG 2- $244 billion(estimated). Democratic size of a female group to 2010 year is 24 million and to 2025 year it is 30 million (estimated). Democratic size of a male group is 25 million to 2010 year and 20 million (estimated) to 2025. We can see that democratic size of a male group can fall to 2025."
77576,2521,2521,it,Italian,C1,5,13,3,99,99A,99,99A,1,Comparing two demographic groups,group,group,41104,12:33:48.720,94,176,55.87288109,"
	  The data gathered, about the habits of the two different demographic groups, let us to better know the market demand, and also to figure out the potential key consumers of our magazines. We could start comparing the preferences of the two demographic groups analyzed, so we can easily see that girls prefer traditional magazines differently from the guys, whom prefers magazines with an heavy Internet presence. Nevertheless, guys use to buy magazines more than girls, in fact the male magazine market, at moment, its bigger than the female magazine market. So the male market magazine, its fairly full, in fact its estimated that its size will sharply decrease in the next 15 years. The female magazine market, its smaller, but its estimated the it will dramatically rise in the next 15 years, growing until 30 million as demographic size and 175 million dollars in purchasing power. So, I think that theres nothing else to do, that increase our share market, in the female magazine segment, hardly challenging with the other six competitive products, that already exist.
	","The data gathered, about the habits of the two different demographic groups, let us to better know the market demand, and also to figure out the potential key consumers of our magazines. We could start comparing the preferences of the two demographic groups analyzed, so we can easily see that girls prefer traditional magazines differently from the guys, whom prefers magazines with an heavy Internet presence. nevertheless, guys use to buy magazines more than girls, in fact the male magazine market, at moment, its bigger than the female magazine market. So the male market magazine, its fairly full, in fact its estimated that its size will sharply decrease in the next 15 years. The female magazine market, its smaller, but its estimated the it will dramatically rise in the next 15 years, growing until 30 million as demographic size and 175 million dollars in purchasing power. So, I think that theres nothing else to do, that increase our share market, in the female magazine segment, hardly challenging with the other six competitive products, that already exist."
459349,161597,161597,ru,Russian,C1,5,13,3,99,99A,99,99A,1,Comparing two demographic groups,group,group,41104,17:56:24.567,94,169,45.45512724,"
	  We have two markets to expand into: 15- to 19-year-old women and 18- to 24-year-old men. First of all, the second market is less competitive. It has only three competitive products, compared with 6 products in the first market. Furthermore, the demographic size of the second market was 25 million in 2010. The size of the first one, in comparison, was 24 million. It is not a big diffenerce. Besides, the size of the first market is estimated to be 30 million in 2025, whereas the second one is estimated to decrease to 20 million. In addition, the purchasing power of the second group wasn't and isn't estimated to be as much bigger as much bigger the size of the first one is. In the end, 69% of women prefer magazines to blogs ans 29% purchase at least one magazine a month. To sum up, I compared the two denographic groups and wrote about pros and cons of expanding into each of the two markets.
	","We have two markets to expand into: 15- to 19-year-old women and 18- to 24-year-old men. First of all, the second market is less competitive. It has only three competitive products, compared with 6 products in the first market. furthermore, the demographic size of the second market was 25 million in 2010. The size of the first one, in comparison, was 24 million. It is not a big difference. Besides, the size of the first market is estimated to be 30 million in 2025, whereas the second one is estimated to decrease to 20 million. In addition, the purchasing power of the second group wasn't and isn't estimated to be as much bigger as much bigger the size of the first one is. In the end, 69% of women prefer magazines to blogs ans 29% purchase at least one magazine a month. To sum up, I compared the two adenographic groups and wrote about pros and cons of expanding into each of the two markets."
253997,61984,61984,br,Portuguese,C1,5,13,3,99,99A,99,99A,1,Comparing two demographic groups,group,group,41105,16:08:35.653,100,156,77.31923528,"
	  Demographic Group 1 According to the data, the 15- to 19-year-old- women group has a huge potential of growth due it is estimated 30 million of rise in the demographic size in 2025. However, 6 competitive products already exist and the research group shows that there is a little percentage of women that purchase at least one magazine a month, in comparison with the Demographic Group 2 where almost 50% of the group buy at least one magazine a month. Demographic Group 2 We would take advantage of this group because they purchase magazines more often than the Demographic Group 1. In addition, the magazines for men are more expensive therefore it is the most profitable group. The only concern is that were getting into a competition with a long term competitor and two recent products released. Maybe we could produce a magazine focused into website content that would attract this type of group.
	","demographic group 1 according to the data, the 15- to 19-year-old- women group has a huge potential of growth due it is estimated 30 million of rise in the demographic size in 2025. However, 6 competitive products already exist and the research group shows that there is a little percentage of women that purchase at least one magazine a month, in comparison with the demographic group 2 where almost 50% of the group buy at least one magazine a month. demographic group 2 We would take advantage of this group because they purchase magazines more often than the demographic group 1. In addition, the magazines for men are more expensive therefore it is the most profitable group. The only concern is that were getting into a competition with a long term competitor and two recent products released. maybe we could produce a magazine focused into website content that would attract this type of group."
151431,107369,107369,br,Portuguese,C1,5,13,3,99,99A,99,99A,1,Comparing two demographic groups,group,group,41105,18:56:21.027,80,189,70.93820664,"
	  Hello everyone! I'm writing in order to set you all the research data. First of all this research shows that on the one hand, 15-to 19-year-old women, while 29% purchase at least one magazine a month, 69%prefer magazines to blogs. On the other hand, 18-to 24-year-old men, while 47% puchase at least one magazine a month, 72% prefer magazines supported by extensive website content. At concerning the item competition, regarding women, 6 competitive products already exist, but regarding men, just 1 long term and 2 recent competitive products. In addition, about purchasing power, in 2010 men spent $242 and they are expected to spend $244 billion in 2025 (estimated), however, women spend $153 billion in 2010 and they are estimated to spend $175 in 2025. Our last point is demographic size: in 2010 there was 24 million of females and that will increase to 30 million in 2025 while men were 25 million in the same year and will probably decrease to 20 million in 2025. Thank you all and keep up the good work. I look forward to listen your feedback.
	","bello everyone! I'm writing in order to set you all the research data. First of all this research shows that on the one hand, 15-to 19-year-old women, while 29% purchase at least one magazine a month, 69%prefer magazines to blogs. On the other hand, 18-to 24-year-old men, while 47% purchase at least one magazine a month, 72% prefer magazines supported by extensive website content. At concerning the item competition, regarding women, 6 competitive products already exist, but regarding men, just 1 long term and 2 recent competitive products. In addition, about purchasing power, in 2010 men spent $242 and they are expected to spend $244 billion in 2025 (estimated), however, women spend $153 billion in 2010 and they are estimated to spend $175 in 2025. Our last point is demographic size: in 2010 there was 24 million of females and that will increase to 30 million in 2025 while men were 25 million in the same year and will probably decrease to 20 million in 2025. Thank you all and keep up the good work. I look forward to listen your feedback."
167936,19246,19246,br,Portuguese,C1,5,13,3,99,99A,99,99A,1,Comparing two demographic groups,group,group,41106,09:38:32.637,92,184,59.25755709,"
	  Comparing both groups we realize that the group 1 is younger than group 2, 29% of group 1 purchase at least one magazine a month and most of than prefer magazines to blogs. On the other hand, 47% of group 2 purchase at least one magazine a month and 72% prefer magazines supported by extensive website content. About the competition, group 1 owns 6 competitive products in the market, in comparison, group 2 has just 3. When the subject is ""purchasing power,"" group 1 presented $153 bilion in 2010 and experts estimate $175 bilion in 2025. However, the values showed by group 2 are much more encouraging, represented $242 bilion related to purchase power in 2010 and, according to experts, is appraised a value about $175 bilion in 2025. And a very important topic to conclude our report is about demographic size. Group 1 was represented by 24 milion people in 2010, but we are hopeful that in 2025 this number will increase to 30 milion people. The bad news is group 2 that is estimated a fall in the demographic size until 2025.
	","comparing both groups we realize that the group 1 is younger than group 2, 29% of group 1 purchase at least one magazine a month and most of than prefer magazines to blogs. On the other hand, 47% of group 2 purchase at least one magazine a month and 72% prefer magazines supported by extensive website content. About the competition, group 1 owns 6 competitive products in the market, in comparison, group 2 has just 3. When the subject is ""purchasing power,"" group 1 presented $153 billion in 2010 and experts estimate $175 billion in 2025. However, the values showed by group 2 are much more encouraging, represented $242 billion related to purchase power in 2010 and, according to experts, is appraised a value about $175 billion in 2025. And a very important topic to conclude our report is about demographic size. group 1 was represented by 24 million people in 2010, but we are hopeful that in 2025 this number will increase to 30 million people. The bad news is group 2 that is estimated a fall in the demographic size until 2025."
255429,54537,54537,br,Portuguese,C1,5,13,3,99,99A,99,99A,1,Comparing two demographic groups,group,group,41106,16:24:34.130,85,203,69.92234354,"
	  In my view, both markets deserve special attention from us. Each one has its own peculiarities, and we have to analyze them taking it into account. I believe that this analysis will be conducted better if separated into three main aspects: Competition, Demographic Size and Purchasing Power. Competition: Group 1, consisting of women from 15 to 19 years old, with 6 competitive products already exist in the market, while in Group 2, composed of men from 18 to 24 years old, just one long term and two recent competive products exist. Purchasing Power: In 2010, the market of the group 1 moved 153 billion dollars, and it is expected that he is going to move 175 billion in 2025. In turn, the group 2 moved 242 billion in 2010 and is expected to move 244 billion in 2025. Demographic Size: in 2010, the group 1 was composed for 24 million individuals, with an expectation to become 30 million by 2025. Group 2, in turn, was composed in 2010 for 25 million individuals, expected to decrease to 20 million in 2025. As a CEO, I think is best for our company to focus on group 2, without abandoning the market of the group 1.
	","In my view, both markets deserve special attention from us. each one has its own peculiarities, and we have to analyze them taking it into account. I believe that this analysis will be conducted better if separated into three main aspects: competition, demographic size and purchasing Power. competition: group 1, consisting of women from 15 to 19 years old, with 6 competitive products already exist in the market, while in group 2, composed of men from 18 to 24 years old, just one long term and two recent completive products exist. purchasing Power: In 2010, the market of the group 1 moved 153 billion dollars, and it is expected that he is going to move 175 billion in 2025. In turn, the group 2 moved 242 billion in 2010 and is expected to move 244 billion in 2025. demographic size: in 2010, the group 1 was composed for 24 million individuals, with an expectation to become 30 million by 2025. group 2, in turn, was composed in 2010 for 25 million individuals, expected to decrease to 20 million in 2025. As a CEO, I think is best for our company to focus on group 2, without abandoning the market of the group 1."
269203,16679,16679,br,Portuguese,C1,5,13,3,99,99A,99,99A,1,Comparing two demographic groups,group,group,41109,15:32:40.340,95,166,72.65767168,"
	  The positive point shown by the research is a sharp rise on group 1 demographic size, from 24 million in 2010 to 30 million in 2025. This group purchasing power estimative goes from $153 billion to $175 billion. Which gives us enough field to get into this market. First of all, we need to concentrate in a good advertisement campaign as we already have six competitive products in the market.  The research shows more positive number on demographic group 2. Although, both group purchase at least one magazine a month, the number for group one is 29% and group 2 goes to 47%. Likewise, the estimate for purchasing power of group 1 predicts $175 billion by 2025, group 2 estimative comes up with $244 billion to the same time. But if on one hand we have to spend time and money because of group 1 larger competition, on the other hand we have to handle a dramatic fall in group 2 demographic size estimated to 2025.  
	","The positive point shown by the research is a sharp rise on group 1 demographic size, from 24 million in 2010 to 30 million in 2025. This group purchasing power estimative goes from $153 billion to $175 billion. Which gives us enough field to get into this market. First of all, we need to concentrate in a good advertisement campaign as we already have six competitive products in the market. The research shows more positive number on demographic group 2. Although, both group purchase at least one magazine a month, the number for group one is 29% and group 2 goes to 47%. likewise, the estimate for purchasing power of group 1 predicts $175 billion by 2025, group 2 estimative comes up with $244 billion to the same time. But if on one hand we have to spend time and money because of group 1 larger competition, on the other hand we have to handle a dramatic fall in group 2 demographic size estimated to 2025."
375595,10269,10269,br,Portuguese,C1,5,13,3,99,99A,99,99A,1,Comparing two demographic groups,group,group,41113,18:41:50.537,80,165,47.95698925,"
	  A research on magazine purchase habits has been developed into  two demographic groups: Group 1, composed by fifteen to nineteen year-old women; Group 2, with the population of eighteen to twenty-four year-old men. Forty-seven percent of Group 2 purchase at least one magazine a month, while, in Group 1, only twenty-nine percent do the same.  Group 2 has more purchasing power and less competition than Group 1. In 2010, Group 2 had only three competitive products and a purchasing power of 242 billion dollars. In the same period, Group 1 had six competitive products and a purchasing power of only 153 billion dollars. The estimated purchasing power in 2025 is higher for Group 2: 244 billion dollars against 175 in Group 1. Group 2 has higher purchasing power, less competition and larger demographic size. However, the Group 1  estimated demographic size  is pretty higher for 2025: 30 million women, against 20 million men in Group 1 in the same period.
	","A research on magazine purchase habits has been developed into two demographic groups: group 1, composed by fifteen to nineteen year-old women; group 2, with the population of eighteen to twenty-four year-old men. Forty-seven percent of group 2 purchase at least one magazine a month, while, in group 1, only twenty-nine percent do the same. group 2 has more purchasing power and less competition than group 1. In 2010, group 2 had only three competitive products and a purchasing power of 242 billion dollars. In the same period, group 1 had six competitive products and a purchasing power of only 153 billion dollars. The estimated purchasing power in 2025 is higher for group 2: 244 billion dollars against 175 in group 1. group 2 has higher purchasing power, less competition and larger demographic size. However, the group 1 estimated demographic size is pretty higher for 2025: 30 million women, against 20 million men in group 1 in the same period."
497404,15268,15268,fr,French,C1,5,13,3,99,99A,99,99A,1,Comparing two demographic groups,group,group,41114,04:50:55.037,87,168,35.99587629,"
	  We have two group with different or same feelings about the magazine and blog. The women between 15 to 19 years old in large majority prefer magazine to blogs and men between 18 to 24 years old too. The rate of the puchase of the magazine on the men side is higher than for the women. (47% against 29%). There are a lot of product existed on women side while on men side there only 2 existing product. So I think it's more interesting to focus on men side to develop a new product because the market is less competitive. Furthermore, the purchasing power in men side is stronger than the purchasing power in women side so it's the second argument to convice ourselve to investigate in the men market. Nevertheless, the number from the men people are decrease and fewer than women people in 2025 according to the estimation. So maybe, it will be a good idea to focus also in the women market in the future.
	","We have two group with different or same feelings about the magazine and blog. The women between 15 to 19 years old in large majority prefer magazine to blogs and men between 18 to 24 years old too. The rate of the purchase of the magazine on the men side is higher than for the women. (47% against 29%). There are a lot of product existed on women side while on men side there only 2 existing product. So I think it's more interesting to focus on men side to develop a new product because the market is less competitive. furthermore, the purchasing power in men side is stronger than the purchasing power in women side so it's the second argument to convince ourselves to investigate in the men market. nevertheless, the number from the men people are decrease and fewer than women people in 2025 according to the estimation. So maybe, it will be a good idea to focus also in the women market in the future."
500011,129180,129180,br,Portuguese,C1,5,13,3,99,99A,99,99A,1,Comparing two demographic groups,group,group,41115,20:45:29.387,92,113,53.39455307,"
	  Demographic one, women between 15 and 19 years old On the one hand, women usually to have the power of purchase. Also, the purchasing powe and the demographic size would increase significantly. But on the other hand, there are six srtong competitors in the market. Because of it, we have to be carefully on it.  Demographic two: men between 18 and 24 years old: On the one hand, there is not many competitors, but in the other hand, the purchasing market won't rise dramatically, just $ 2 billion in 15 years and the demographic size will fall five billion. Because of it, I prefer to invest in demographic one, that have more positive points.
	","demographic one, women between 15 and 19 years old On the one hand, women usually to have the power of purchase. Also, the purchasing power and the demographic size would increase significantly. But on the other hand, there are six strong competitors in the market. Because of it, we have to be carefully on it. demographic two: men between 18 and 24 years old: On the one hand, there is not many competitors, but in the other hand, the purchasing market won't rise dramatically, just $ 2 billion in 15 years and the demographic size will fall five billion. Because of it, I prefer to invest in demographic one, that have more positive points."
461855,112771,112771,ru,Russian,C1,5,13,3,99,99A,99,99A,1,Comparing two demographic groups,group,group,41116,07:46:52.610,92,185,56.6793306,"
	  Hello! In this report I want to show  pros and cons of expanding into two markets with our product.  There is a research of two demographic groups: 15-19 years old women and 18-24 years old men.   In the one hand there is the womans group, the 29 % of which purchases about 1 magazine per month and prefers magazines to blogs (69% of group) and in the other hand there is the mans group, which purchases also about 1 magazine per month (47%) but prefers magazines supported by extensive website content. We have already a competition with products there: there are 6 competitive products in this area, and in contrast to this, in mans there is one long term and 2 recently appeared competitive products. We have a gap for our product there, if we make it to be one of the preferable of this group. This group is also more payable, and the total amount of purchasing in 2010 is 242 billion dollars, which is bigger, in contrast, then it is in the womans area.  Its definitely the area for exploring for us! 
	","bello! In this report I want to show pros and cons of expanding into two markets with our product. There is a research of two demographic groups: 15-19 years old women and 18-24 years old men. In the one hand there is the womans group, the 29 % of which purchases about 1 magazine per month and prefers magazines to blogs (69% of group) and in the other hand there is the mans group, which purchases also about 1 magazine per month (47%) but prefers magazines supported by extensive website content. We have already a competition with products there: there are 6 competitive products in this area, and in contrast to this, in mans there is one long term and 2 recently appeared competitive products. We have a gap for our product there, if we make it to be one of the preferable of this group. This group is also more payable, and the total amount of purchasing in 2010 is 242 billion dollars, which is bigger, in contrast, then it is in the womans area. Its definitely the area for exploring for us!"
243904,170672,170672,br,Portuguese,C1,5,13,3,99,99A,99,99A,1,Comparing two demographic groups,group,group,41116,09:18:17.083,93,189,54.23076923,"
	  In our research was compared two demographic groups: group 1, 15-to-19-year-old women and group 2, 18-to-24-year-old men. First of all we could observe similarly that 29%of women and 47% of men buy one magazine a month. Contrastingly, 69% of women prefer magazines to blogs but 72% of men prefer magazines supported by extensive website content. When we asked about products, group 1 pointed 6 competitive products already exist, in contrast to group 2 that pointed 1 long term and 2 recent competitive products. If in one hand the purchasing power in 2010, group 1 had $153 billion and in 2025 will be estimated $175 billion, in the other hand, group 2 had $242 billion and in 2025 will be estimated $244 billion, what proves that even with the same job, in most cases, men still have higher wages than women! In comparison of demographic size, group 1 presented in 2010 about 24 million and in 2025 will be estimated 30 million while group 2 presented in 2010 about 25 million, but in 2025 will be estimated 20 million of people.
	","In our research was compared two demographic groups: group 1, 15-to-19-year-old women and group 2, 18-to-24-year-old men. First of all we could observe similarly that 29%of women and 47% of men buy one magazine a month. contrastingly, 69% of women prefer magazines to blogs but 72% of men prefer magazines supported by extensive website content. When we asked about products, group 1 pointed 6 competitive products already exist, in contrast to group 2 that pointed 1 long term and 2 recent competitive products. If in one hand the purchasing power in 2010, group 1 had $153 billion and in 2025 will be estimated $175 billion, in the other hand, group 2 had $242 billion and in 2025 will be estimated $244 billion, what proves that even with the same job, in most cases, men still have higher wages than women! In comparison of demographic size, group 1 presented in 2010 about 24 million and in 2025 will be estimated 30 million while group 2 presented in 2010 about 25 million, but in 2025 will be estimated 20 million of people."
160982,50893,50893,mx,Spanish,C1,5,13,3,99,99A,99,99A,1,Comparing two demographic groups,group,group,41116,14:19:46.913,93,187,37.67086438,"
	  We already made a research about the consume of magazines in two demographic groups: 15-19 year old women and 18-24 year old men. We found that 29% of the women buys at least one magazine a month, in comparison with 47% of men that buy at least one magazine. The recomendation is to promove magazines with special subjects for the female group.   69% of the women prefers magazines to blogs. Similary, 72% of the men prefers magazines with website content.   There are 6 competitive products in the market for womenand 3 competitive products in the market for men. We should develop at least two products for each demographic group, but we have to focus in the female group.  Our purchasing power will grow from $153 billion in 2010 to $175 billion in 2025 in the female group. In comparison, the purchasing power in the male group will grow only $2 billion.  In the one hand, the female demographic size will rise, in the other hand, the male demographic size will decrease. In order to avoid this, we should start to develop atractive magazines for men.
	","We already made a research about the consume of magazines in two demographic groups: 15-19 year old women and 18-24 year old men. We found that 29% of the women buys at least one magazine a month, in comparison with 47% of men that buy at least one magazine. The recommendation is to promove magazines with special subjects for the female group. 69% of the women prefers magazines to blogs. Similar, 72% of the men prefers magazines with website content. There are 6 competitive products in the market for womenkind 3 competitive products in the market for men. We should develop at least two products for each demographic group, but we have to focus in the female group. Our purchasing power will grow from $153 billion in 2010 to $175 billion in 2025 in the female group. In comparison, the purchasing power in the male group will grow only $2 billion. In the one hand, the female demographic size will rise, in the other hand, the male demographic size will decrease. In order to avoid this, we should start to develop attractive magazines for men."
500561,14288,14288,mx,Spanish,C1,5,13,3,99,99A,99,99A,1,Comparing two demographic groups,group,group,41116,23:55:37.997,95,152,51,"
	  The research shows that women and men buy at least one magazine a month. On the one hand, men prefer magazines supported by extensive website content but on the other hand women prefer magazines to blogs. However, the demographic group one must compete against six competitive products that already exist while demographic group two, in contrast, must compete against one long term product and two recent competitive products. The purchasing category shows a sharp estimated rise of $ 175 billion by 2025 in the demographic group one. The demographic group two will just have a small estimated rise of $244 billion by 2025. The demographic size will change from 24 million to 30 million in a period of 15 years. The demographic group two will suffer a steady decrease in the number of men by 2025. The two demographic groups will experiment changes in the four categories over a period of 15 years.
	","The research shows that women and men buy at least one magazine a month. On the one hand, men prefer magazines supported by extensive website content but on the other hand women prefer magazines to blogs. However, the demographic group one must compete against six competitive products that already exist while demographic group two, in contrast, must compete against one long term product and two recent competitive products. The purchasing category shows a sharp estimated rise of $ 175 billion by 2025 in the demographic group one. The demographic group two will just have a small estimated rise of $244 billion by 2025. The demographic size will change from 24 million to 30 million in a period of 15 years. The demographic group two will suffer a steady decrease in the number of men by 2025. The two demographic groups will experiment changes in the four categories over a period of 15 years."
380017,31252,31252,br,Portuguese,C1,5,13,3,99,99A,99,99A,1,Comparing two demographic groups,group,group,41119,14:50:11.710,95,147,56.89778403,"
	  The two demographic groups presented, Group 1 and Group 2 are good demographic for our product with its pros and cons. Group 1 is younger and we will probably count on them to buy our product for longer, on the other hand, the Group 2 has a larger percentual that actually buy our magazine regularly. Both groups count on competitive products. The purchasing power of the group 2 is stronger than the one of the group 1, nevertheless, the group one foreseen growth referring to their purchasing power is more significant than the one from group 2; the same happens when the demographic size is analyzed: group 1 is smaller but is growing much faster than group 2. Having seen all these data I believe that if the company wants to do a long term investment, then it should consider investing more significantly in the group 1.
	","The two demographic groups presented, group 1 and group 2 are good demographic for our product with its pros and cons. group 1 is younger and we will probably count on them to buy our product for longer, on the other hand, the group 2 has a larger percentual that actually buy our magazine regularly. Both groups count on competitive products. The purchasing power of the group 2 is stronger than the one of the group 1, nevertheless, the group one foreseen growth referring to their purchasing power is more significant than the one from group 2; the same happens when the demographic size is analyzed: group 1 is smaller but is growing much faster than group 2. Having seen all these data I believe that if the company wants to do a long term investment, then it should consider investing more significantly in the group 1."
482648,155292,155292,br,Portuguese,C1,5,13,3,99,99A,99,99A,1,Comparing two demographic groups,group,group,41119,19:49:05.670,94,180,49.88993711,"
	  Only 10% of the Brazilian ladies read any kind of magazines. Between the age of 08 to 20 they are prone to read blogger of any kind. This is cheaper and do not demand a place to store magazines. The older ladies, not as a rule, prefer magazines, due to the difficulty in using the computers. These ones are more civilized than those, so they believe. The more competitive products in the market the less are the available prices. Companies selling over longer period have more buyers. The longer the term the greater the clientele. The purchasing power of Group 1 is smaller than Group 2 in 2010. Considering 2025 Group 2 is greater than Group 1. In 2011 The Chinese people were 1.336.718.015, according to Google, 126.634.384 women and 108.463.142 men, between 0 to 14 years, living in area of 9.596.960Km'. While in Brazil, according to Wikipedia, we were 190.732.400 people in 2012, much smaller than China. Our territory has 8.514.876 Km', slightly smaller than China.
	","Only 10% of the Brazilian ladies read any kind of magazines. Between the age of 08 to 20 they are prone to read blogger of any kind. This is cheaper and do not demand a place to store magazines. The older ladies, not as a rule, prefer magazines, due to the difficulty in using the computers. These ones are more civilized than those, so they believe. The more competitive products in the market the less are the available prices. Companies selling over longer period have more buyers. The longer the term the greater the clientele. The purchasing power of group 1 is smaller than group 2 in 2010. considering 2025 group 2 is greater than group 1. In 2011 The Chinese people were 1.336.718.015, according to Google, 126.634.384 women and 108.463.142 men, between 0 to 14 years, living in area of 9.596.960am'. While in Brazil, according to Wikipedia, we were 190.732.400 people in 2012, much smaller than China. Our territory has 8.514.876 am', slightly smaller than China."
54155,140968,140968,ru,Russian,C1,5,13,3,99,99A,99,99A,1,Comparing two demographic groups,group,group,41120,14:58:17.823,85,184,70.34364261,"
	  There are two demographic groups. First one is 15-19-year-old women. Second group is 18-24-year-old men. In 2010, demographic size of both groups is similar, however estimated size in 2025 of the woman group (30 million) more than the man one (20 million). Researches demonstrated that 29% of women purchase at least one magazine a month. In contrast, almost half of men (47%) visit a magazine in order to buy something at least one time a month. Moreover, 69percent women prefer magazines to blogs, similarly 72% men like magazines which have sites with extensive content. As we can see, market share for men has great perspective. However, only three competitive products exist on the market for men. Furthermore, only one is long term. In contrast, 6compepetive product presents on the market share for women. According to the research, purchasing power of the men market share is $242billion in 2010 and will be $244 billion in 2025, but the women one is $153billion in 2010 and will increase dramatically to $175billion in 2025. The man market share should be widening.
	","There are two demographic groups. First one is 15-19-year-old women. Second group is 18-24-year-old men. In 2010, demographic size of both groups is similar, however estimated size in 2025 of the woman group (30 million) more than the man one (20 million). researches demonstrated that 29% of women purchase at least one magazine a month. In contrast, almost half of men (47%) visit a magazine in order to buy something at least one time a month. Moreover, 69percent women prefer magazines to blogs, similarly 72% men like magazines which have sites with extensive content. As we can see, market share for men has great perspective. However, only three competitive products exist on the market for men. furthermore, only one is long term. In contrast, 6competitive product presents on the market share for women. according to the research, purchasing power of the men market share is $242billion in 2010 and will be $244 billion in 2025, but the women one is $153billion in 2010 and will increase dramatically to $175billion in 2025. The man market share should be widening."
459234,12583,12583,ru,Russian,C1,5,13,3,99,99A,99,99A,1,Comparing two demographic groups,group,group,41122,04:00:06.293,92,192,93.94458299,"
	  The recent research was aimed to investigate preferences in two demographic groups: 15-to-19-year-old women and 18-to 24-year-old men. According to it the most striking characteristic is the sharp contrast in purchasing magazines during a month. Young men spend money on at least one magazine easier (47%) than young ladies do (only 29%). Futhermore 69% women prefer magazines to blogs, but men favour press supported by extensive website content. Due to this fact publications observing Internet resources have great opportunities to develop widely in the market and earn $244 billion by 2025. As to woman group there are no long-term products in the market, though six competitive publications can be found easily. The purchasing power in this area is not so impressive ($153 billion) and reach a high approximately $175 billion by 2025. Demographic situation in both groups is not similar.On the one hand the main trend in the female group is to increase through out the period from 24 million in 2010 to 30 million in 2025. On the other hand menfolk is going to go down steadily from 25 to 20 million.
	","The recent research was aimed to investigate preferences in two demographic groups: 15-to-19-year-old women and 18-to 24-year-old men. according to it the most striking characteristic is the sharp contrast in purchasing magazines during a month. Young men spend money on at least one magazine easier (47%) than young ladies do (only 29%). futhermore 69% women prefer magazines to blogs, but men favour press supported by extensive website content. due to this fact publications observing Internet resources have great opportunities to develop widely in the market and earn $244 billion by 2025. As to woman group there are no long-term products in the market, though six competitive publications can be found easily. The purchasing power in this area is not so impressive ($153 billion) and reach a high approximately $175 billion by 2025. demographic situation in both groups is not similar.On the one hand the main trend in the female group is to increase through out the period from 24 million in 2010 to 30 million in 2025. On the other hand menfolk is going to go down steadily from 25 to 20 million."
422052,133441,133441,br,Portuguese,C1,5,13,3,99,99A,99,99A,1,Comparing two demographic groups,group,group,41123,21:40:15.750,100,173,30.72183236,"
	  I would like to talk about one research that shows two different demographic groups with strong capacity to expend money, the demographic group 1 refers the women with age between 15 to 19 years old and the demographic group 2 the men with age between 18 to 24 years old, while the group 2 purchase 47% at least one magazine a month the group 1 purchase 29% at least one magazine a month in this case will be a great advantage to work with the group 2. In comparison the group 2 that our store has 2 competitive products the group 1 already has 6 competitive products. The purchase power for the group 2 is stronger than the group 1, on the other hands the demographic size for the group 2 is smaller than the group 1, while the group 1 will be achieve in 2025 around 30 million women the group 2 will be achieve 20 million men, but both groups will have a lot of money to expend in 2025 projection.
	","I would like to talk about one research that shows two different demographic groups with strong capacity to expend money, the demographic group 1 refers the women with age between 15 to 19 years old and the demographic group 2 the men with age between 18 to 24 years old, while the group 2 purchase 47% at least one magazine a month the group 1 purchase 29% at least one magazine a month in this case will be a great advantage to work with the group 2. In comparison the group 2 that our store has 2 competitive products the group 1 already has 6 competitive products. The purchase power for the group 2 is stronger than the group 1, on the other hands the demographic size for the group 2 is smaller than the group 1, while the group 1 will be achieve in 2025 around 30 million women the group 2 will be achieve 20 million men, but both groups will have a lot of money to expend in 2025 projection."
497496,62081,62081,sa,Arabic,C1,5,13,3,99,99A,99,99A,1,Comparing two demographic groups,group,group,41124,11:30:42.830,60,129,32.35539216,"
	  There are two demograpchic groups. Group one is for women and Group two is for men. Research shows women and men purchase at least one magazine a month. 69% of women prefer magazines to blogs. However, 72% of men prefer magazines supported by extensive website content. There are six competitive products in Group one. On the other hand, there is one long term competitor and there are two recent competitive products in Group two. The purchasing power was more in Group 2 than Group 1 in 2010. Similarily, it estimated more in 2025. In Group 1, the demographic size was 24 million in 2010, and it estimated 30 million in 2025. In 2010, the demographic size in Group 2 was 25 million, and it estimated 20 million in 2025. 
	","There are two demographic groups. group one is for women and group two is for men. Research shows women and men purchase at least one magazine a month. 69% of women prefer magazines to blogs. However, 72% of men prefer magazines supported by extensive website content. There are six competitive products in group one. On the other hand, there is one long term competitor and there are two recent competitive products in group two. The purchasing power was more in group 2 than group 1 in 2010. similarily, it estimated more in 2025. In group 1, the demographic size was 24 million in 2010, and it estimated 30 million in 2025. In 2010, the demographic size in group 2 was 25 million, and it estimated 20 million in 2025."
463891,14325,14325,ru,Russian,C1,5,13,3,99,99A,99,99A,1,Comparing two demographic groups,group,group,41124,16:25:07.803,90,206,37.21666667,"
	  There are two demographic groups which took part in the research. The first group is 15- to 19-year-old women. The second group is 18- to 24-year old men. 29% of the first demographic group purchase at least one magazine a month. In contrast, there are 47% of the second group who purchase at least one magazine a month. However, as for the first group, there are 69% who prefer magazines to blogs. In comparison, 72% in the second group prefer magazines supported by extensive content. As for the competition, accoarding to the first group, there are six competitive products which already exist. To compare, there are one long term and two recent competitive products in the second one. Talking about purchasing power, in 2010 there will be $153 income and $175 in 2025 accoarding to the first group. Another situation is in the second group. There will be $242 income by the year 2010 and $244 in 2025. And, finally, demographic size will be 24 million by 2010 in the first group and, likewise, there will be 25 millionin the second one. By the year 2025 there will be 30 million in the first group and 20 million in the second demographic group.
	","There are two demographic groups which took part in the research. The first group is 15- to 19-year-old women. The second group is 18- to 24-year old men. 29% of the first demographic group purchase at least one magazine a month. In contrast, there are 47% of the second group who purchase at least one magazine a month. However, as for the first group, there are 69% who prefer magazines to blogs. In comparison, 72% in the second group prefer magazines supported by extensive content. As for the competition, according to the first group, there are six competitive products which already exist. To compare, there are one long term and two recent competitive products in the second one. talking about purchasing power, in 2010 there will be $153 income and $175 in 2025 according to the first group. Another situation is in the second group. There will be $242 income by the year 2010 and $244 in 2025. And, finally, demographic size will be 24 million by 2010 in the first group and, likewise, there will be 25 millions the second one. By the year 2025 there will be 30 million in the first group and 20 million in the second demographic group."
218323,70829,70829,cn,Mandarin,C1,5,13,3,99,99A,99,99A,1,Comparing two demographic groups,group,group,41126,06:25:19.440,85,197,86.81556646,"
	  As we can see from the form. This two groups have different demographic size. To be more exactly, in 2010 group 1 has 24 million people, this number is estimated to grow to 30 million in 2025. Group 2 in 2010 has 25 million people, this number is expected to rise to 20 million. In group 1, research shows that 29 percent women from 15- to 19-year-old purchase at least one magazine a month. what's more, 69 percent of them prefer magazines to blogs. There are 6 competitive products already exist in the market now. The purchasing power in group 1 is 153 billion dollars in 2010. This number is estimated to increase to 175 billion dollars in 2025. In contrast, in group 2 research shows 47 percent of men from 18- to 24-year-old purchase at least one magazine a month. 72 percent of them prefer magazines supported by extensive website content. There are only 1 long term and 2 recent competitive products in the market now, which are less than in group 1. The purchasing power in 2010 is 242 billion dollars, it is estimated to grow to 20 million in 2025.
	","As we can see from the form. This two groups have different demographic size. To be more exactly, in 2010 group 1 has 24 million people, this number is estimated to grow to 30 million in 2025. group 2 in 2010 has 25 million people, this number is expected to rise to 20 million. In group 1, research shows that 29 percent women from 15- to 19-year-old purchase at least one magazine a month. what's more, 69 percent of them prefer magazines to blogs. There are 6 competitive products already exist in the market now. The purchasing power in group 1 is 153 billion dollars in 2010. This number is estimated to increase to 175 billion dollars in 2025. In contrast, in group 2 research shows 47 percent of men from 18- to 24-year-old purchase at least one magazine a month. 72 percent of them prefer magazines supported by extensive website content. There are only 1 long term and 2 recent competitive products in the market now, which are less than in group 1. The purchasing power in 2010 is 242 billion dollars, it is estimated to grow to 20 million in 2025."
248427,60039,60039,de,German,C1,5,13,3,99,99A,99,99A,1,Comparing two demographic groups,group,group,41127,07:37:00.807,97,177,42.42541384,"
	  Research indicates that 29% of the 15- to 19-year-old women purchase at least one magzine a month. On the other hand 47% of the 18- to 24-year-old men purchase at least one magazine a month. 69% of the women prefer magazines to blogs. Nevertheless 72% of the men prefer magazines supported by extensive website content. By the woman's magazines exist already 6 competitive products. But by the men's magazines exist only 1 long term and 2 recent competitive products. If we look at the purchasing power in the future, so will estimated the purchasing power of the 15- to 19-year-old woman on $175 billion in 2025. The purchasing power of the 18- to 24-year-old men will be at $244 billion in 2025. However the demographic size in 2025 is estimated of 30 million young women compared with 20 million young men. We should be focused at the demographic group of the 18- to 24-year-old men. There is the most potential of expansion for 1 or more magazines.
	","Research indicates that 29% of the 15- to 19-year-old women purchase at least one magazine a month. On the other hand 47% of the 18- to 24-year-old men purchase at least one magazine a month. 69% of the women prefer magazines to blogs. nevertheless 72% of the men prefer magazines supported by extensive website content. By the woman's magazines exist already 6 competitive products. But by the men's magazines exist only 1 long term and 2 recent competitive products. If we look at the purchasing power in the future, so will estimated the purchasing power of the 15- to 19-year-old woman on $175 billion in 2025. The purchasing power of the 18- to 24-year-old men will be at $244 billion in 2025. However the demographic size in 2025 is estimated of 30 million young women compared with 20 million young men. We should be focused at the demographic group of the 18- to 24-year-old men. There is the most potential of expansion for 1 or more magazines."
498687,166441,166441,de,German,C1,5,13,3,99,99A,99,99A,1,Comparing two demographic groups,group,group,41128,10:56:12.287,94,212,56.10211475,"
	  The comparison of the two demographic groups shows quite different preferences of magazines.  29% of the 15- to 19-year-old women purchase at least one magazine a month. In contrast to the women, 47% of the 18- to 24-year-old men buy one magazine a month. There also difference in the topics. Almost 70% of the women appreciate magazines to blogs whereas 72% of the man like magazines supported by extensive website content. Unlike the sector of magazines to blogs where already 6 competitive products exist there are only 1 long term competitor and only 2 magazines with an extensive website content, which had started-up a short time ago. The estimated purchasing power is in the demographic group 1 is greater than in the group 2. In group 1 it is a sharp increase from $153 to $175 billion in 2025 expected. Opposed to this numbers, only a slightly increase from $242 to $244 billion dollar is in group 2 predicted. The research makes also a distinction between the two groups in the estimated demographic size. The estimation indicates for woman a sharp increase from 24 to 30 million costumers opposed to that there is a sharp decrease from 25 to 20 million in the group of man expected. 
	","The comparison of the two demographic groups shows quite different preferences of magazines. 29% of the 15- to 19-year-old women purchase at least one magazine a month. In contrast to the women, 47% of the 18- to 24-year-old men buy one magazine a month. There also difference in the topics. Almost 70% of the women appreciate magazines to blogs whereas 72% of the man like magazines supported by extensive website content. Unlike the sector of magazines to blogs where already 6 competitive products exist there are only 1 long term competitor and only 2 magazines with an extensive website content, which had started-up a short time ago. The estimated purchasing power is in the demographic group 1 is greater than in the group 2. In group 1 it is a sharp increase from $153 to $175 billion in 2025 expected. opposed to this numbers, only a slightly increase from $242 to $244 billion dollar is in group 2 predicted. The research makes also a distinction between the two groups in the estimated demographic size. The estimation indicates for woman a sharp increase from 24 to 30 million costumers opposed to that there is a sharp decrease from 25 to 20 million in the group of man expected."
24864,85350,85350,mx,Spanish,C1,5,13,3,99,99A,99,99A,1,Comparing two demographic groups,group,group,41128,11:37:01.943,100,180,77.1042093,"
	  Womens group: First of all, 29% buy at least 1 magazine a month; however, there is a huge competition with six comparative products in comparison with three competitive products of mens market. On the one hand, 2010 womens purchasing power was 132 billion dollars, bellow of mens group who showed 242 billion dollars. On the other hand, 2025 estimated purchasing power will be 175 billion dollars indicating 32% increase; in contrast, 2025 estimated mens purchasing power will show just 1% increase. Furthermore, womens market size will increase 25%, in comparison with mens group who fall dramatically by 20%. In the end, I think womens group is our best choice we must focus in. Mens group: 47% buy at least 1 magazine a month. 2010 mens purchasing power was 242 billion dollars, 110 billion dollars above womens; however, 2025 estimated men's purchasing power will be just 1% increase. In contrast, estimated women's purchasing power will increase 32%. In addition, 2010 mens market size was 25 million people, slightly bigger than womens, whereas 2025 estimate will show a dramatic fall by 20%.  
	","Women group: First of all, 29% buy at least 1 magazine a month; however, there is a huge competition with six comparative products in comparison with three competitive products of mens market. On the one hand, 2010 women purchasing power was 132 billion dollars, bellow of mens group who showed 242 billion dollars. On the other hand, 2025 estimated purchasing power will be 175 billion dollars indicating 32% increase; in contrast, 2025 estimated mens purchasing power will show just 1% increase. furthermore, women market size will increase 25%, in comparison with mens group who fall dramatically by 20%. In the end, I think women group is our best choice we must focus in. tens group: 47% buy at least 1 magazine a month. 2010 mens purchasing power was 242 billion dollars, 110 billion dollars above women; however, 2025 estimated men's purchasing power will be just 1% increase. In contrast, estimated women's purchasing power will increase 32%. In addition, 2010 mens market size was 25 million people, slightly bigger than women, whereas 2025 estimate will show a dramatic fall by 20%."
142879,44651,44651,br,Portuguese,C1,5,13,3,99,99A,99,99A,1,Comparing two demographic groups,group,group,41128,20:46:07.587,70,188,79.22554451,"
	  Our two info bring us some value information to decide if we should invest and how we should invest in some specific market. We have a big diference between both , the one compounded by women cover a range from 15 to 19 years old. One good point is that this market will grow while the other will sharply decrease. On the one hand we have more money per person (purchasing power), but in the other hand we have much more people and the trends shows that. A interest thing is that more percentage of men buy magazine but they like the ones supported by extensive website content and in this caracteristic can lie a risk for us in the future, in the other way, woman seldom buy magazine, but they enjoy magazine much more than blogs, it means less risk and a good oportunity.  The last fact that we must observe is competition. In female market we will face 6 competitive products and in the other just one long term and two new products. Taking off the competition part, We have more chance to succeed in female market.  
	","Our two info bring us some value information to decide if we should invest and how we should invest in some specific market. We have a big difference between both , the one compounded by women cover a range from 15 to 19 years old. One good point is that this market will grow while the other will sharply decrease. On the one hand we have more money per person (purchasing power), but in the other hand we have much more people and the trends shows that. A interest thing is that more percentage of men buy magazine but they like the ones supported by extensive website content and in this characteristic can lie a risk for us in the future, in the other way, woman seldom buy magazine, but they enjoy magazine much more than blogs, it means less risk and a good opportunity. The last fact that we must observe is competition. In female market we will face 6 competitive products and in the other just one long term and two new products. Taking off the competition part, We have more chance to succeed in female market."
497497,62081,62081,sa,Arabic,C1,5,13,3,99,99A,99,99A,2,Comparing two demographic groups,group,group,41129,11:01:42.520,90,200,38.06511628,"
	  There are two demographic groups. Group one is for women and group two is for men. Research shows women and men purchasing magazines. The first demographic group is about 15- to 19- year-old women, whereas the second one is about 18- to 24- year-old men. 29% of women purchase at least one magazine a month, moreover 69% of women prefer magazines to blogs. Similarly, 72% of men prefer magazines supported by extensive website content, and they buy at least one magazine a month. There are six competitive products in the first demographic group. On the other hand, there is one long term competitor and there are two recent competitive products in group two. The purchasing power was larger in group two than group one in 2010. It was $153 billion for women and $242 billion for men. In 2025, it estimated $175 billion for the first group, and it estimated $244 billion for the second one. The demographic size of women was 24 million in 2010, and it estimated and rised sharply to 30 million in 2025. In 2010, the demographic size of men was 25 million, and it estimated and dropped dramatically to 20 million in 2025.
	","There are two demographic groups. group one is for women and group two is for men. Research shows women and men purchasing magazines. The first demographic group is about 15- to 19- year-old women, whereas the second one is about 18- to 24- year-old men. 29% of women purchase at least one magazine a month, moreover 69% of women prefer magazines to blogs. similarly, 72% of men prefer magazines supported by extensive website content, and they buy at least one magazine a month. There are six competitive products in the first demographic group. On the other hand, there is one long term competitor and there are two recent competitive products in group two. The purchasing power was larger in group two than group one in 2010. It was $153 billion for women and $242 billion for men. In 2025, it estimated $175 billion for the first group, and it estimated $244 billion for the second one. The demographic size of women was 24 million in 2010, and it estimated and raised sharply to 30 million in 2025. In 2010, the demographic size of men was 25 million, and it estimated and dropped dramatically to 20 million in 2025."
469073,134339,134339,ru,Russian,C1,5,13,3,99,99A,99,99A,1,Comparing two demographic groups,group,group,41130,13:43:44.160,98,186,81.38732394,"
	  Our recent research indicates that on the one hand our key consumers should be the second demographic group because 18 to 24-year-old men are 18% more than 15 to 19-year-old women, but on the other hand the number of the male population will dramatically drop until 2025, whereas the number of female population will rise sharply and will have reached 30 million by 2025. Our marketing department should project a new magazine supported by extensive website content because both men and women prefer such magazines with advanced technologies. Futhermore, the purchasing power of men is 89 billion more than women's, but it will rise insignificantly (from $242 to $244 billion), in comparison, the women's purchasing power will jump up extremely (from $153 to $175 billion). As for the competitive products, we should take into account that there are 6 women's magazines that already exist, in contrast, there are 1 long term and 2 recent products for men. To sum up, we should estimate all advantages and disadvantages and investigate the economic situation in both groups properly to come to the right decision.
	","Our recent research indicates that on the one hand our key consumers should be the second demographic group because 18 to 24-year-old men are 18% more than 15 to 19-year-old women, but on the other hand the number of the male population will dramatically drop until 2025, whereas the number of female population will rise sharply and will have reached 30 million by 2025. Our marketing department should project a new magazine supported by extensive website content because both men and women prefer such magazines with advanced technologies. futhermore, the purchasing power of men is 89 billion more than women's, but it will rise insignificantly (from $242 to $244 billion), in comparison, the women's purchasing power will jump up extremely (from $153 to $175 billion). As for the competitive products, we should take into account that there are 6 women's magazines that already exist, in contrast, there are 1 long term and 2 recent products for men. To sum up, we should estimate all advantages and disadvantages and investigate the economic situation in both groups properly to come to the right decision."
281596,124839,124839,ru,Russian,C1,5,13,3,99,99A,99,99A,1,Comparing two demographic groups,group,group,41130,15:21:11.327,89,126,90.20454545,"
	  demographic group 1 is very attractive, on the one hand, because of large percentage of peoples who can be interested in our magazine likewise a high estimated rise of purchasing power. But on the other hand is high competition - it would be difficult to get significant market share together with 6 competitive products  In contrast, demografic group 2 has lower competition level. In addition, percentage of potential consumers is even higher in this group. But experts say that it demographic size will decrease by 2025. Purchasing power of this group will rise unsignificantly.   So the most appropriate desision is to develop our website content for mens to attract more auditory. As well as we would develop our future projects to be aimed for our women readers.  
	","demographic group 1 is very attractive, on the one hand, because of large percentage of peoples who can be interested in our magazine likewise a high estimated rise of purchasing power. But on the other hand is high competition - it would be difficult to get significant market share together with 6 competitive products In contrast, democratic group 2 has lower competition level. In addition, percentage of potential consumers is even higher in this group. But experts say that it demographic size will decrease by 2025. purchasing power of this group will rise unsignificantly. So the most appropriate decision is to develop our website content for mens to attract more auditory. As well as we would develop our future projects to be aimed for our women readers."
145543,89549,89549,br,Portuguese,C1,5,13,3,99,99A,99,99A,1,Comparing two demographic groups,group,group,41130,18:12:07.643,98,179,54.49466214,"
	  Last month was made a demographic research with two group of people. In the first group were consulted women aged between fifteen and twenty years old and in the second group were consulted men aged between eighteen and twenty-four years old. The research shows that there are differences between those groups. For example, in the first group 29% purchase at least one magazine a month, but in the second grup this percentage is 47%. On the other hand, we note that in the group one there are six competitive products already exist and in the second group we note that there are only one long term and two recent products. About purchasing power, we note that the second group has more power, because in 2010 they made purchases equivalent to $242 billion, but for 2025 it is estimated that the first group rise your purchasing power dramatically. Finally, the analysis of demographic size, it is observed that there is not much difference in 2010, but in 2025 the population of the group one will be a greater good.
	","Last month was made a demographic research with two group of people. In the first group were consulted women aged between fifteen and twenty years old and in the second group were consulted men aged between eighteen and twenty-four years old. The research shows that there are differences between those groups. For example, in the first group 29% purchase at least one magazine a month, but in the second group this percentage is 47%. On the other hand, we note that in the group one there are six competitive products already exist and in the second group we note that there are only one long term and two recent products. About purchasing power, we note that the second group has more power, because in 2010 they made purchases equivalent to $242 billion, but for 2025 it is estimated that the first group rise your purchasing power dramatically. finally, the analysis of demographic size, it is observed that there is not much difference in 2010, but in 2025 the population of the group one will be a greater good."
180845,95963,95963,br,Portuguese,C1,5,13,3,99,99A,99,99A,1,Comparing two demographic groups,group,group,41131,20:27:38.737,75,157,71.79441913,"
	  In this research that we comparing demographic group 1 and group 2 we can realize that more men purchase at least one magazine a month than women and I think that was not expected because everybody says that women are more consumerist. And as expected, men prefer magazines supported by extensive website content and women prefer only magazines. Women have always been known to spend too much money, but in this research and other researchs shows the opposite. As you can see, in this research, men have more purchasing power than women. Likewise, it is estimated that they will be spending $224 billion in 2025, much more when we compare to women that they will spend $175 billion. In contrast, group 1 will rise demographic size while group 2 will decrease their number. I think that the main reason of this research is that even men demographic decrease they will be able to purchase more than women.
	","In this research that we comparing demographic group 1 and group 2 we can realize that more men purchase at least one magazine a month than women and I think that was not expected because everybody says that women are more consumerist. And as expected, men prefer magazines supported by extensive website content and women prefer only magazines. Women have always been known to spend too much money, but in this research and other research shows the opposite. As you can see, in this research, men have more purchasing power than women. likewise, it is estimated that they will be spending $224 billion in 2025, much more when we compare to women that they will spend $175 billion. In contrast, group 1 will rise demographic size while group 2 will decrease their number. I think that the main reason of this research is that even men demographic decrease they will be able to purchase more than women."
509166,32191,32191,br,Portuguese,C1,5,13,3,99,99A,99,99A,1,Comparing two demographic groups,group,group,41132,17:08:36.550,87,108,64.24015748,"
	  Clearly we have two separate demographic groups: young women and adult men. Both groups have one point in common, considering the fact that Internet content is a need. To support this argument, the purchasing power of group 2 is almost the twice of number 1. However, the quantity of products in competition is much higher in group 1 comparing to group 2. Also, the projection for the next 14 years is that group 1 tends to increase the numbers of people on a percentage about 20%. Finally, the group 1 tends to be the demographic group in what investors can bet all without fear to lose their money.
	","clearly we have two separate demographic groups: young women and adult men. Both groups have one point in common, considering the fact that Internet content is a need. To support this argument, the purchasing power of group 2 is almost the twice of number 1. However, the quantity of products in competition is much higher in group 1 comparing to group 2. Also, the projection for the next 14 years is that group 1 tends to increase the numbers of people on a percentage about 20%. finally, the group 1 tends to be the demographic group in what investors can bet all without fear to lose their money."
68145,122465,122465,de,German,C1,5,13,3,99,99A,99,99A,1,Comparing two demographic groups,group,group,41133,14:39:33.660,90,178,41.14335081,"
	  The research in demographic group 1 shows, that 29% of 15- to 19-year-old women purchase at least one magazine a month, 69% prefer magazines to blogs. In comparison demopraphic group 2: 47% of 18- to 24-year-old men purchase at least one magazine a month and 72% prefer magazines supported by extensive website content. In demographic group 1, we have 6 competitive prodocts, in contrast to demographic group 2, there are one long term and 2 recent competitive products. The purchasing power in demographic group 1 in 2012 is $ 153 billion. 2025 (estimated) $175 billion, compared to demographic group 2 in 2010 $242 billion and in 2025 (estimated) $244 billion. On the one hand the demographic size in group 1 was 24 million in 2010 and estimated 30 million in 2025, on the other hand in group 2 25million in 2010 and estimated only 20 million in 2025. When we have a look at the facts, I would see a big chance in expanding in both of the two markets, but mainly in group 1.
	","The research in demographic group 1 shows, that 29% of 15- to 19-year-old women purchase at least one magazine a month, 69% prefer magazines to blogs. In comparison demographic group 2: 47% of 18- to 24-year-old men purchase at least one magazine a month and 72% prefer magazines supported by extensive website content. In demographic group 1, we have 6 competitive products, in contrast to demographic group 2, there are one long term and 2 recent competitive products. The purchasing power in demographic group 1 in 2012 is $ 153 billion. 2025 (estimated) $175 billion, compared to demographic group 2 in 2010 $242 billion and in 2025 (estimated) $244 billion. On the one hand the demographic size in group 1 was 24 million in 2010 and estimated 30 million in 2025, on the other hand in group 2 25million in 2010 and estimated only 20 million in 2025. When we have a look at the facts, I would see a big chance in expanding in both of the two markets, but mainly in group 1."
229950,137668,137668,br,Portuguese,C1,5,13,3,99,99A,99,99A,1,Comparing two demographic groups,group,group,41134,20:03:02.510,95,181,62.90446508,"
	  Hi, dears. Our company is preparing to target one of the two demographyc groups, aiming to reach a increase in our market share and profits. We sent two of our employees to the streets, in order to find out which of these two groups we should invest in. The research made over the first group, young women between 15 and 19 years old, demonstrated that 29% of them buy one magazine a month, 69% prefer magazines than blogs, 6% of the products they buy already exist. They spent 153 US billion in 2010, estimated to 175 US billion in 2025. In 2010 they were 24 million, estimated to be 30 million in 2025. On the other hand, 47% of the second group, 18- to 24-years old male, use to buy one magazine a month, 72% of them prefer magazines with extensive webside content, they use one long term and two recent competetive products, spent 242 US billion in 2010,estimated to 244 US billion in 2025. Otherwise, in 2010 they were 25 millon, estimated to be 20 million in 2025.
	","Hi, dears. Our company is preparing to target one of the two demographic groups, aiming to reach a increase in our market share and profits. We sent two of our employees to the streets, in order to find out which of these two groups we should invest in. The research made over the first group, young women between 15 and 19 years old, demonstrated that 29% of them buy one magazine a month, 69% prefer magazines than blogs, 6% of the products they buy already exist. They spent 153 US billion in 2010, estimated to 175 US billion in 2025. In 2010 they were 24 million, estimated to be 30 million in 2025. On the other hand, 47% of the second group, 18- to 24-years old male, use to buy one magazine a month, 72% of them prefer magazines with extensive website content, they use one long term and two recent competitive products, spent 242 US billion in 2010,estimated to 244 US billion in 2025. otherwise, in 2010 they were 25 millon, estimated to be 20 million in 2025."
147893,59887,59887,mx,Spanish,C1,5,13,3,99,99A,99,99A,1,Comparing two demographic groups,group,group,41135,17:10:06.927,93,155,60.74164945,"
	  This survey is to analyze and comparate the 2 demographic groups.  Reference words. Group1: 15 to 19-year-old women. Group2: 18-24-year-old men.   Let's start by saying that the 47% of this group1 purchases at least one magazine a month. In comparasion to group2 that 29 % purchase at least one magazine a month. Regarding to competition in group1 6 competitive products already exist. In contrast in group2 only ! long term and 2 recent competitive products exist. In the purchasing area, it is very good to know that group2 with $242 billion in 2010 is much stronger than group1 with $153 billion in 2010. To finish this survey, it is time to talk about demogrpahic size, there is a big similitude between these 2 groups. Group1 with 24 million likely Group2 witj 24 million. As a summay as we are witness about how trends in some areas may be similar or very different.
	","This survey is to analyze and comparate the 2 demographic groups. Reference words. group1: 15 to 19-year-old women. group2: 18-24-year-old men. Let's start by saying that the 47% of this group1 purchases at least one magazine a month. In comparison to group2 that 29 % purchase at least one magazine a month. Regarding to competition in group1 6 competitive products already exist. In contrast in group2 only ! long term and 2 recent competitive products exist. In the purchasing area, it is very good to know that group2 with $242 billion in 2010 is much stronger than group1 with $153 billion in 2010. To finish this survey, it is time to talk about demographic size, there is a big similitude between these 2 groups. group1 with 24 million likely group2 with 24 million. As a summary as we are witness about how trends in some areas may be similar or very different."
114620,102064,102064,it,Italian,C1,5,13,3,99,99A,99,99A,1,Comparing two demographic groups,group,group,41135,17:30:22.360,95,175,67.8427921,"
	  We studied two demographic groups: 15-to19-year-old women and 18-to 24-year-old men. 29% of women purchase at least one magazine a month and 69% prefer magazines to blogs. In contrast, only 47% of males purchase at least one magazine a month and 72% prefer magazines supported by extensive website content. There will be many changes to the newspaper industry in the next years. On the one hand, the demographic size of women in 2025 will increase around 30 milion, but on the other hand their purchase power will be only $ 175 billion. Males' demografich size, in contrast, will decrease sharply to 20 milion, but their purchase power will increase to $244 billion. At this time, 6 competitive products already exist for women and 1 long term and 2 recent competitive products for males. We need to invest in new products for young men, they are more likely to spend on new technologies. Similary we have to improve the quality of our products for women and shore up our market share.
	","We studied two demographic groups: 15-to19-year-old women and 18-to 24-year-old men. 29% of women purchase at least one magazine a month and 69% prefer magazines to blogs. In contrast, only 47% of males purchase at least one magazine a month and 72% prefer magazines supported by extensive website content. There will be many changes to the newspaper industry in the next years. On the one hand, the demographic size of women in 2025 will increase around 30 million, but on the other hand their purchase power will be only $ 175 billion. Males' demografich size, in contrast, will decrease sharply to 20 million, but their purchase power will increase to $244 billion. At this time, 6 competitive products already exist for women and 1 long term and 2 recent competitive products for males. We need to invest in new products for young men, they are more likely to spend on new technologies. Similar we have to improve the quality of our products for women and shore up our market share."
249040,63808,63808,br,Portuguese,C1,5,13,3,99,99A,99,99A,1,Comparing two demographic groups,group,group,41135,18:15:07.127,94,154,55.58609128,"
	  A reseach shows that 29% of women between 15 and 19 years old purchase at least one agazines a month and 69% prefer magazines to blogs. When we speak about men between 18 to 24 years old 47% purchase at least one magazine a month but 72% prefer magazines supported by extensive website content. We can to cit six competitive products already exist in the market: Veja, Superinteressante, Claudia, Playboy, Caras and Sade these the magazines that all read so the publishing need to improve your contents and your reporting. A Purshing Power - 2010 $153 billion to 2025 (estimated) $ 175 billion between women but between men in 2010 $ 242 billion for 2025 estimeted $ 244 billion. Demographic Size in 2010 $ 24 millionfor 2025 estimeted $ 30 million between the women, but between the men we can to see that are in 2010 will be $ 25 million and 2025 we estimeted $ 30 million of magazines or websits.
	","A research shows that 29% of women between 15 and 19 years old purchase at least one magazines a month and 69% prefer magazines to blogs. When we speak about men between 18 to 24 years old 47% purchase at least one magazine a month but 72% prefer magazines supported by extensive website content. We can to cit six competitive products already exist in the market: Vera, Superinteressante, Claudia, Playboy, Caras and Sade these the magazines that all read so the publishing need to improve your contents and your reporting. A Pershing Power - 2010 $153 billion to 2025 (estimated) $ 175 billion between women but between men in 2010 $ 242 billion for 2025 estimated $ 244 billion. demographic size in 2010 $ 24 millioner 2025 estimated $ 30 million between the women, but between the men we can to see that are in 2010 will be $ 25 million and 2025 we estimated $ 30 million of magazines or websites."
237185,125941,125941,br,Portuguese,C1,5,13,3,99,99A,99,99A,1,Comparing two demographic groups,group,group,41137,06:59:08.900,100,180,60,"
	  The first demographic group is about 15- to 19- year old women, whereas the second one is about 18- to 24- year old men. As we can see, only 29 percent of women purchase at least one magazine a month. Moreover, 69 percent of women prefer magazine to blogs. Similarly, 72 percent of men prefer magazines, but much more these ones which included extensive knowledge on website. Furthermore, 47 percent purchase at lease one magazine a month. There are several competitive products, for the first group, six competitive products already exist. In comparison, there is only a long term one for men, and two recent competitive products. On the one hand, a product renown it's a good thing, but on the other hand to have several competitive products allow us to make the right choice. In 2010, the first group has a large purchasing power. However, men who make up the second group spend more money on it. In 2010, the demographic size remain steady for both group. In contrast, that will be decreasing for the second group in 2025.
	","The first demographic group is about 15- to 19- year old women, whereas the second one is about 18- to 24- year old men. As we can see, only 29 percent of women purchase at least one magazine a month. Moreover, 69 percent of women prefer magazine to blogs. similarly, 72 percent of men prefer magazines, but much more these ones which included extensive knowledge on website. furthermore, 47 percent purchase at lease one magazine a month. There are several competitive products, for the first group, six competitive products already exist. In comparison, there is only a long term one for men, and two recent competitive products. On the one hand, a product renown it's a good thing, but on the other hand to have several competitive products allow us to make the right choice. In 2010, the first group has a large purchasing power. However, men who make up the second group spend more money on it. In 2010, the demographic size remain steady for both group. In contrast, that will be decreasing for the second group in 2025."
434472,144088,144088,br,Portuguese,C1,5,13,3,99,99A,99,99A,1,Comparing two demographic groups,group,group,41138,10:34:28.897,90,178,64.1648564,"
	  There are two demographic groups, the first one with 15- to 19-year-old women and the second one with 18- to 24-year-old men. The research shows that in the first group 29% of them purchase at least one magazine by month and that 69% prefer magazines to blogs. On the other hand, in the second group, 47% purchase at least one maganize by month and 72% prefer magazines supported by extensive website content. In the women's group exist already 6 competitive products, a tough number to face it, while in the men's group there are only 1 long term and 2 recent competitive products. And about the purchasing power the research shows that nowadays the women's group have $153 billion and in the year of 2025 is expected that this quantity had raised to $175 billion. In contrast the men's group have $242 billion of purchase power, rising to $244 billion by the year of 2025. And at last but not least, the respective demographic sizes of the groups are 24 millions and 25 millions.
	","There are two demographic groups, the first one with 15- to 19-year-old women and the second one with 18- to 24-year-old men. The research shows that in the first group 29% of them purchase at least one magazine by month and that 69% prefer magazines to blogs. On the other hand, in the second group, 47% purchase at least one magadize by month and 72% prefer magazines supported by extensive website content. In the women's group exist already 6 competitive products, a tough number to face it, while in the men's group there are only 1 long term and 2 recent competitive products. And about the purchasing power the research shows that nowadays the women's group have $153 billion and in the year of 2025 is expected that this quantity had raised to $175 billion. In contrast the men's group have $242 billion of purchase power, rising to $244 billion by the year of 2025. And at last but not least, the respective demographic sizes of the groups are 24 millions and 25 millions."
84844,138118,138118,mx,Spanish,C1,5,13,3,99,99A,99,99A,1,Comparing two demographic groups,group,group,41140,10:39:47.093,90,173,53.44735902,"
	  As you asked me I've drawn up a report about the pros and cons of expanding in the following groups. First of all you could appreciate in the table attached to this document that the demographic group 1, women from 15 to 19 years old, will rise dramatically from 2010 to 2025 while the men from 18 to 24 years old will suffer a sharp fall. However, the men group is more attractive when you compare the purchasing power, even in the 2025 the men will keep the difference with women. Besides that ti's very interesting to mention that there're more competitors in the women magazine sector than in the men and the males spent more money than the females. Before doing the research I thought that the percentage of women buying magazines was higher than men but I surprised with the result. After going through the result my conclusion is: The company must expand in the women group because there is a great opportunity of convincing more females in buying more magazines,
	","As you asked me I've drawn up a report about the pros and cons of expanding in the following groups. First of all you could appreciate in the table attached to this document that the demographic group 1, women from 15 to 19 years old, will rise dramatically from 2010 to 2025 while the men from 18 to 24 years old will suffer a sharp fall. However, the men group is more attractive when you compare the purchasing power, even in the 2025 the men will keep the difference with women. Besides that ti's very interesting to mention that there're more competitors in the women magazine sector than in the men and the males spent more money than the females. Before doing the research I thought that the percentage of women buying magazines was higher than men but I surprised with the result. After going through the result my conclusion is: The company must expand in the women group because there is a great opportunity of convincing more females in buying more magazines,"
520330,60363,60363,tr,Turkish,C1,5,13,3,99,99A,99,99A,1,Comparing two demographic groups,group,group,41140,17:30:57.063,88,148,41.00502897,"
	  We have got two demographic groups. Fist one is 15 to 19 year old women and others 18 to 24 year old men. % 29 Women purchase at least one magazine a month. % 47 men purchase at least one magazine a month.% 69 Women prefer magazines to blog similarly % 72 men prefer magazine supported by extensive website content. Women magazine competition is thoug than men. On the one hand 6 competitors are domitated the women magazine sector on the other hand 1 long term and 2 recent competitors are dominated the mens sector. I think in the future women magazine sector competitors will increase to 10 rival. In comperison purchasing power ; mens magazine sector bigger than womes. Men sector is much bigger than women sector on avarege 100 billion usd. However women magazine sector estimated evolution is bigger than men.In contrast women estimated demographic size bigger than men.
	",We have got two demographic groups. list one is 15 to 19 year old women and others 18 to 24 year old men. % 29 Women purchase at least one magazine a month. % 47 men purchase at least one magazine a month.% 69 Women prefer magazines to blog similarly % 72 men prefer magazine supported by extensive website content. Women magazine competition is though than men. On the one hand 6 competitors are dominated the women magazine sector on the other hand 1 long term and 2 recent competitors are dominated the mens sector. I think in the future women magazine sector competitors will increase to 10 rival. In comparison purchasing power ; mens magazine sector bigger than women. Men sector is much bigger than women sector on average 100 billion us. However women magazine sector estimated evolution is bigger than men.In contrast women estimated demographic size bigger than men.
342889,31579,31579,br,Portuguese,C1,5,13,3,99,99A,99,99A,1,Comparing two demographic groups,group,group,41140,21:30:38.990,90,160,65.97606936,"
	  Analysing the research made with two demographic groups - demographic group 1 15-19 year-old-women, and demographic group 2 10-24 year-old-men, I recomend we invest on demographic group 2. Althoug this group will be smaller in comparison with demographic group 1 accordingly with estimations, their purchasing power is higher than the purchasing power of the other group. In addition, 47% of this group purchase at least one magazine a month and prefer magazines supported by extensive website content, against 29% of the other group. Talking about competition, group 1 already has 6 competitors, in contrast group 2 has 1 long term competitor and 2 recent competitive products. It will be easier for your product to compete on the group 2 scenario, because our new technology can easly gain the new competitors market. I see a great chance of our product to gain group 2 market share in a fast rate. We sure have a winner product.
	","analysing the research made with two demographic groups - demographic group 1 15-19 year-old-women, and demographic group 2 10-24 year-old-men, I recommend we invest on demographic group 2. Although this group will be smaller in comparison with demographic group 1 accordingly with estimations, their purchasing power is higher than the purchasing power of the other group. In addition, 47% of this group purchase at least one magazine a month and prefer magazines supported by extensive website content, against 29% of the other group. talking about competition, group 1 already has 6 competitors, in contrast group 2 has 1 long term competitor and 2 recent competitive products. It will be easier for your product to compete on the group 2 scenario, because our new technology can early gain the new competitors market. I see a great chance of our product to gain group 2 market share in a fast rate. We sure have a winner product."
494093,156504,156504,tw,Mandarin,C1,5,13,3,99,99A,99,99A,1,Comparing two demographic groups,group,group,41141,09:35:46.183,92,181,68.82690357,"
	  According to the research, we can see that 29% of women aged between 15-19 buy at least one magazine per month. In comparison, 47% of men aged 18-24 make the purchase.Furthermore, women magazine is quite competitive with 6 existing players already in the market. In contrast, there's only one major player in men's magazine and 2 recently joined ones. Speaking of purchasing power, women account for $153 billion in 2010 with projected figure increased to $175 billion by 2025. Likewise, men account $242 billion in 2010 and estimated to reach$244 billion by 2025. Finally, women have a population of 24 million in 2010, and 30 million in 2025, while men 25 million in 2010 and 20 million by 2025. Based on the findings, I propose to launch men's magazines. Even though men's population is declining, they have greater purchasing power and less competitors as opposed to women's. In addition, we should try to develop a website which supplement our magazine well as research shows that 72% of men like to look for extensive content on the website.
	","according to the research, we can see that 29% of women aged between 15-19 buy at least one magazine per month. In comparison, 47% of men aged 18-24 make the purchase.furthermore, women magazine is quite competitive with 6 existing players already in the market. In contrast, there's only one major player in men's magazine and 2 recently joined ones. speaking of purchasing power, women account for $153 billion in 2010 with projected figure increased to $175 billion by 2025. likewise, men account $242 billion in 2010 and estimated to reach$244 billion by 2025. finally, women have a population of 24 million in 2010, and 30 million in 2025, while men 25 million in 2010 and 20 million by 2025. based on the findings, I propose to launch men's magazines. Even though men's population is declining, they have greater purchasing power and less competitors as opposed to women's. In addition, we should try to develop a website which supplement our magazine well as research shows that 72% of men like to look for extensive content on the website."
427827,78755,78755,br,Portuguese,C1,5,13,3,99,99A,99,99A,1,Comparing two demographic groups,group,group,41141,22:14:04.413,92,179,53.32692308,"
	  A magazine enterprise have more possibilities of capital gains in group 2. Even if group 1 grow more then group 2 in next 15 years, group 2 will be a nice business. Group 2 have a bigger cut of people who BUY magazines. That makes the diference. If group 2 decrease in 5 million in next 15 years, they will be 9,4 million of people buying yet, aganist 8,7 million in group 1 that probably grow in 6 million in the same time. Another interested aspect in investing in group 2 is the least competition. Only 3 competitors in group 2 and 6 in group 1. If we talk about making money, it isn't a wise choice don't listen up for group 1. Woman power is growing up eatch day. That we show are projections and it isn't immune. Mistakes can happen. So why not making a magazine for group 2 but with special subjects? That should advertise group 1 who could buy a group 2 magazine just for curiosity in knowing more about group 2's life.
	","A magazine enterprise have more possibilities of capital gains in group 2. Even if group 1 grow more then group 2 in next 15 years, group 2 will be a nice business. group 2 have a bigger cut of people who BY magazines. That makes the difference. If group 2 decrease in 5 million in next 15 years, they will be 9,4 million of people buying yet, against 8,7 million in group 1 that probably grow in 6 million in the same time. Another interested aspect in investing in group 2 is the least competition. Only 3 competitors in group 2 and 6 in group 1. If we talk about making money, it isn't a wise choice don't listen up for group 1. Woman power is growing up each day. That we show are projections and it isn't immune. mistakes can happen. So why not making a magazine for group 2 but with special subjects? That should advertise group 1 who could buy a group 2 magazine just for curiosity in knowing more about group 2's life."
476878,47880,47880,ru,Russian,C1,5,13,3,99,99A,99,99A,1,Comparing two demographic groups,group,group,41142,01:41:44.533,55,116,65.44312858,"
	  We have compared two demographic groups. And here is the report. One of them were  the women 15-19 y.o, the other 20-30 y.o.  The second group reads magazines and other printed products 95%, in comparison, the first group uses  Internet 88% to get required information instead of printed matter. Likewise the younger  women read electronic books instead of printed. The older ones prefer printed books, on the other hand, for the last year 25% more often use electronic ones. Finally, we will have to decrease printed products release, but we do not have to forget 20-30 y.o. demographic. Next year printed products will be increased 15% instead of 30% estimated. 
	","We have compared two demographic groups. And here is the report. One of them were the women 15-19 y.o, the other 20-30 y.o. The second group reads magazines and other printed products 95%, in comparison, the first group uses Internet 88% to get required information instead of printed matter. likewise the younger women read electronic books instead of printed. The older ones prefer printed books, on the other hand, for the last year 25% more often use electronic ones. finally, we will have to decrease printed products release, but we do not have to forget 20-30 y.o. demographic. Next year printed products will be increased 15% instead of 30% estimated."
183107,164329,164329,br,Portuguese,C1,5,13,3,99,99A,99,99A,1,Comparing two demographic groups,group,group,41142,11:01:44.393,97,173,99.57105679,"
	  Our company is pursuing a great goal: insert our brand on the trend setters consumer habits and increase the sales. Recent studies show that female teenagers are a valuable demographic group to establish hypes. However, there already exist six competitive products in our market niche. Furthermore, the demographic size and purchasing power of female teenagers (15- to 19-years-old) are not so large than the male young adults (18- to 24- years-old men) numbers. By 2025, the purchasing power of female teenagers will be around the $175 billion, the male young adults will have increased steadily from $242 billion in 2010 to $242 in 2025. In addition, there is only one long term and two recent competitive products. In conclusion, there is no such competitive market as in the female teenagers demographic group. If our company wants to increase its market share in the male demographic group, we must invest in ads covered by webmagazines with extensive website content, because most of that young adults prefer these kind of information source.
	","Our company is pursuing a great goal: insert our brand on the trend setters consumer habits and increase the sales. Recent studies show that female teenagers are a valuable demographic group to establish hypes. However, there already exist six competitive products in our market niche. furthermore, the demographic size and purchasing power of female teenagers (15- to 19-years-old) are not so large than the male young adults (18- to 24- years-old men) numbers. By 2025, the purchasing power of female teenagers will be around the $175 billion, the male young adults will have increased steadily from $242 billion in 2010 to $242 in 2025. In addition, there is only one long term and two recent competitive products. In conclusion, there is no such competitive market as in the female teenagers demographic group. If our company wants to increase its market share in the male demographic group, we must invest in ads covered by webmagazines with extensive website content, because most of that young adults prefer these kind of information source."
459121,164142,164142,ru,Russian,C1,5,13,3,99,99A,99,99A,1,Comparing two demographic groups,group,group,41143,06:41:47.723,98,168,59.59458509,"
	  In comparison the both Demograthic Groups we see almost the same demographic size in 2010 (24 million of 15-to 19-year-old women against 25 million of 18-to 24-year-old men). In contrast, by 2025 we will estimate a slight increase of young women at 25%, that will reach the level of 30 million, but the population of young men are estimated to fall steadily at 20% to 20 million. So in the future the young women market are 50% bigger, than the men's. In comparison,in 2010 young women, purchasing at least one magazine a month, are 18% less than men, which counts almost $100 billion in difference.  By 2025 it is estimated that purchasing power of young men will remain steady, but that one of young women will increase slowly at 15%. Because of this, we can predict the growth of our sales mainly among young women. So we should focus generally on that market but not cease the men's one at all.    
	","In comparison the both Democratic groups we see almost the same demographic size in 2010 (24 million of 15-to 19-year-old women against 25 million of 18-to 24-year-old men). In contrast, by 2025 we will estimate a slight increase of young women at 25%, that will reach the level of 30 million, but the population of young men are estimated to fall steadily at 20% to 20 million. So in the future the young women market are 50% bigger, than the men's. In comparison,in 2010 young women, purchasing at least one magazine a month, are 18% less than men, which counts almost $100 billion in difference. By 2025 it is estimated that purchasing power of young men will remain steady, but that one of young women will increase slowly at 15%. Because of this, we can predict the growth of our sales mainly among young women. So we should focus generally on that market but not cease the men's one at all."
268018,81913,81913,ru,Russian,C1,5,13,3,99,99A,99,99A,1,Comparing two demographic groups,group,group,41143,17:51:28.007,100,184,96.69748858,"
	  First of all it's necessary to emphasise that the second demographic group posesses purchasing power almost twice greater than the first one. Though this group is estimated to shrink a bit by 2025, we should pay much attention to developing products that can become strong competitors to the recent ones. In addition, it's very popular nowadays to use QR code. And the research shows that 72% of young men prefer magazines supported by extensive website content. It goes without saying that we'd better look in the future and also pay attention to the first demographic group. 15- to 19-year-old women provide the annual turnover about $153 billion and it's estimated to grow up to $175 billion by 2025. Though 69% of the group prefer magazines to blogs we still have the rest 31%. As for the demographic size, this group is estimated to grow by 25% to 30 million in 2025. To summarize the report, I can say that expanding into each of the two markets has its pros and cons and we have to think thoroughly before making the final decision.
	","First of all it's necessary to emphasise that the second demographic group possesses purchasing power almost twice greater than the first one. Though this group is estimated to shrink a bit by 2025, we should pay much attention to developing products that can become strong competitors to the recent ones. In addition, it's very popular nowadays to use QR code. And the research shows that 72% of young men prefer magazines supported by extensive website content. It goes without saying that we'd better look in the future and also pay attention to the first demographic group. 15- to 19-year-old women provide the annual turnover about $153 billion and it's estimated to grow up to $175 billion by 2025. Though 69% of the group prefer magazines to blogs we still have the rest 31%. As for the demographic size, this group is estimated to grow by 25% to 30 million in 2025. To summarize the report, I can say that expanding into each of the two markets has its pros and cons and we have to think thoroughly before making the final decision."
328427,149614,149614,it,Italian,C1,5,13,3,99,99A,99,99A,1,Comparing two demographic groups,group,group,41146,05:15:31.047,89,181,80.57380319,"
	  Pros and Cons.  First of all I want to focus on the pros of the group with the 15-19 years old women because of its expanding demographic size up to 30 million we can count on a steady rise on the purchasing power for the next 13 years. Furthermore I want to consider it a reliable number of purchased magazines a month, and of course even a competitive percentage at 69% who prefers magazines to blogs.  Finally, I want to look at the 6 competitive products already existing, this is a big cons, and could be an hazard too.  On the other hand I want to show pros that the group with the 18-24 years old men has like the higher number of purchased magazines per month and the higher percentage of people who prefers magazines supported by website content and an higher purchasing power.  In addition, this group has just two recent competitive products an one long term competitor. However, one of the major cons is the sharp fall in the demographic size estimated for the year 2025.
	","Pros and Cons. First of all I want to focus on the pros of the group with the 15-19 years old women because of its expanding demographic size up to 30 million we can count on a steady rise on the purchasing power for the next 13 years. furthermore I want to consider it a reliable number of purchased magazines a month, and of course even a competitive percentage at 69% who prefers magazines to blogs. finally, I want to look at the 6 competitive products already existing, this is a big cons, and could be an hazard too. On the other hand I want to show pros that the group with the 18-24 years old men has like the higher number of purchased magazines per month and the higher percentage of people who prefers magazines supported by website content and an higher purchasing power. In addition, this group has just two recent competitive products an one long term competitor. However, one of the major cons is the sharp fall in the demographic size estimated for the year 2025."
35441,45019,45019,sa,Arabic,C1,5,13,3,99,99A,99,99A,1,Comparing two demographic groups,group,group,41147,21:09:03.873,86,139,46.33333333,"
	  Hello there, The research shows that 29% of 15 to 19 year old women purchase  at least one magazine a month compare to 47% with 18 to 24 year old men. In addition 69% of women from that group prefer magazines to blogs. In contrast, 72% of men from group to prefer magazines supported by extensive website content. And purchasing power show that in 2010 $153 billion and will be increasing to $175 by 2025 from group women compare to $242 billion and we predict it will be increasing to $244 billion by 2025 with group men. The other thing it is demographic size there are 24 million women in 2010 and we predict will be increase to 30 million by 2025 compare to 25 million men in 2010 and we predict we decrease to 20 million by 2025.
	","bello there, The research shows that 29% of 15 to 19 year old women purchase at least one magazine a month compare to 47% with 18 to 24 year old men. In addition 69% of women from that group prefer magazines to blogs. In contrast, 72% of men from group to prefer magazines supported by extensive website content. And purchasing power show that in 2010 $153 billion and will be increasing to $175 by 2025 from group women compare to $242 billion and we predict it will be increasing to $244 billion by 2025 with group men. The other thing it is demographic size there are 24 million women in 2010 and we predict will be increase to 30 million by 2025 compare to 25 million men in 2010 and we predict we decrease to 20 million by 2025."
469231,174061,174061,br,Portuguese,C1,5,13,3,99,99A,99,99A,1,Comparing two demographic groups,group,group,41149,20:46:20.360,92,140,48.99180009,"
	  The research shows that the number of people that purchase at least one magazine a month steady rose in the group 2, formed by male genre among 18- to 24-years old, if comparing group 1 formed by female genre among 15- to 19-years-old. The group 1 has already 6 competitive products in contrast the group 1 that has only one long term competitor. As we can see the purchasing power on group 2 has significantly increased, likewise its preference in magazines has inceased too. Furthermore, the group 1 prefer magazines to blogs, in contrast with group 2 that prefer magazines supported by websites. On the one hand the group 2 the predictions are saying that it will steadily fall from 2010 until 2025, on the other hand the group 1 will sharply rise in the same period.
	","The research shows that the number of people that purchase at least one magazine a month steady rose in the group 2, formed by male genre among 18- to 24-years old, if comparing group 1 formed by female genre among 15- to 19-years-old. The group 1 has already 6 competitive products in contrast the group 1 that has only one long term competitor. As we can see the purchasing power on group 2 has significantly increased, likewise its preference in magazines has increased too. furthermore, the group 1 prefer magazines to blogs, in contrast with group 2 that prefer magazines supported by websites. On the one hand the group 2 the predictions are saying that it will steadily fall from 2010 until 2025, on the other hand the group 1 will sharply rise in the same period."
273601,132746,132746,br,Portuguese,C1,5,13,3,99,99A,99,99A,1,Comparing two demographic groups,group,group,41150,08:13:59.057,98,187,63.75,"
	  Expansion proposal plan  This report analyses two demografic groups that buy our magazines. The goal is to reveal pros and cons of expanding into each group.  First of all, we have the 15 to 19-year-old women. The pros of expanding the market into this group are the extra 22 billion dollars expected at 2025 for the purchasing power and the extra 6 million consumers expected for the demografic size (also at 2025). Although, there are already 6 competitive products, and the purchase rate is a bit low (29% purchase at least one magazine a month). For the second group we have the 18 to 24-year-old men. The pros of expanding the market into this group are the high purchase rate (47% purchase at least one magazine a month) and the competition with only 3 other brands. Although, there purchasing power will grow only by 2 billion dollars at 2025 and the group demographic size will decrease till this year. So, this report concludes that we should expand into the first group and maintain the investments that are already done for the second group. 
	","Expansion proposal plan This report analyses two democratic groups that buy our magazines. The goal is to reveal pros and cons of expanding into each group. First of all, we have the 15 to 19-year-old women. The pros of expanding the market into this group are the extra 22 billion dollars expected at 2025 for the purchasing power and the extra 6 million consumers expected for the democratic size (also at 2025). Although, there are already 6 competitive products, and the purchase rate is a bit low (29% purchase at least one magazine a month). For the second group we have the 18 to 24-year-old men. The pros of expanding the market into this group are the high purchase rate (47% purchase at least one magazine a month) and the competition with only 3 other brands. Although, there purchasing power will grow only by 2 billion dollars at 2025 and the group demographic size will decrease till this year. So, this report concludes that we should expand into the first group and maintain the investments that are already done for the second group."
523417,96091,96091,br,Portuguese,C1,5,13,3,99,99A,99,99A,1,Comparing two demographic groups,group,group,41150,19:38:50.860,94,177,64.80710648,"
	  Based on the comparison of two demographic groups, it was possible to reach the following comparison analysis: - It should be noted that the first group usually buy less magazines than the second one. - Both groups answered that prefer magazines to blog; however the second one would prefer magazines supported by extensive website content. - As it has been identified that for the first demographic group already exist 6 competitive products and for the second one only 1 product exists, this is a potential market to be explored. - The purchase power is higher in the second group by at least 50%, showing that this demographic has a good chance to buy new products focused in their needs. - Despite all pros for the second group the demographic size shows that the population trend for this group is of decreasing by 20% in the next 15 years, therefore it is really important to consider this data for a long term investment. Considering the analysis I would recommend to invest more in the second group and less in the first demographic group.
	","based on the comparison of two demographic groups, it was possible to reach the following comparison analysis: - It should be noted that the first group usually buy less magazines than the second one. - Both groups answered that prefer magazines to blog; however the second one would prefer magazines supported by extensive website content. - As it has been identified that for the first demographic group already exist 6 competitive products and for the second one only 1 product exists, this is a potential market to be explored. - The purchase power is higher in the second group by at least 50%, showing that this demographic has a good chance to buy new products focused in their needs. - Despite all pros for the second group the demographic size shows that the population trend for this group is of decreasing by 20% in the next 15 years, therefore it is really important to consider this data for a long term investment. considering the analysis I would recommend to invest more in the second group and less in the first demographic group."
87460,117671,117671,br,Portuguese,C1,5,13,3,99,99A,99,99A,1,Comparing two demographic groups,group,group,41151,15:16:08.207,97,196,83.0250411,"
	  I have selected two demografic groups to compare that I believe will expand our market share this year. The first one is 15- to 19-year-old women and the second is 18- to 24-year-old men.   First of all, research indicates that the men''s group purchase at least one magazine a month, against just 29% of women''s group. For the group 1 the market already has 6 competitive products while the competition for the second group shows 1 long term and 2 recent competitive products.  Considering the Growth in group 2 will continue to rise strongly through 2025, the marketing department can project the future trends to be focused on an increased interest in men''s magazines.  In addition, our products has been developed especially for men the last 5 years.  Because of this, I think we are way ahead of the competition.   There are some issues, however. Our competitor has been in this market for decades and they are expecting to spend over 2.5 million on advertising.   In the end, I am confident our marketing team will come up with some excellent strategies for advertising online. Lets sell this thing! 
	","I have selected two democratic groups to compare that I believe will expand our market share this year. The first one is 15- to 19-year-old women and the second is 18- to 24-year-old men. First of all, research indicates that the men''s group purchase at least one magazine a month, against just 29% of women''s group. For the group 1 the market already has 6 competitive products while the competition for the second group shows 1 long term and 2 recent competitive products. considering the Growth in group 2 will continue to rise strongly through 2025, the marketing department can project the future trends to be focused on an increased interest in men''s magazines. In addition, our products has been developed especially for men the last 5 years. Because of this, I think we are way ahead of the competition. There are some issues, however. Our competitor has been in this market for decades and they are expecting to spend over 2.5 million on advertising. In the end, I am confident our marketing team will come up with some excellent strategies for advertising online. Let sell this thing!"
344051,128865,128865,ru,Russian,C1,5,13,3,99,99A,99,99A,1,Comparing two demographic groups,group,group,41154,14:43:37.773,94,186,61.79382658,"
	  The market research showed that there are two demographic groups available for the further market expansion. The first group is formed by 15- to 19-year-old women. The second one is consist of 18- to 24 year old men. According to the statistics 29% of women representing the First Group buy at least one magazine a month. In comparison, nearly 47% of the representatives of the Second Group purchase at least one magazine a month. Furthermore, at least 69% of women prefer magazines to blogs. In contrast nearly 72% of men prefer magazines supported by extensive website content. The first group can be characterized as a group with a rather tough competition and a prospect of sharp demographic rise in 15 years. Therefore, I highly recommend to expand companies market share towards the Second group because this group experiences the lowest rate of competition and leads in purchasing power which is going to experience a slightly growth in the upcoming years. In addition, despite of the demographic size reduction The Second Group will be superior to the first one in terms of the purchase power.
	","The market research showed that there are two demographic groups available for the further market expansion. The first group is formed by 15- to 19-year-old women. The second one is consist of 18- to 24 year old men. according to the statistics 29% of women representing the First group buy at least one magazine a month. In comparison, nearly 47% of the representatives of the Second group purchase at least one magazine a month. furthermore, at least 69% of women prefer magazines to blogs. In contrast nearly 72% of men prefer magazines supported by extensive website content. The first group can be characterized as a group with a rather tough competition and a prospect of sharp demographic rise in 15 years. therefore, I highly recommend to expand companies market share towards the Second group because this group experiences the lowest rate of competition and leads in purchasing power which is going to experience a slightly growth in the upcoming years. In addition, despite of the demographic size reduction The Second group will be superior to the first one in terms of the purchase power."
314803,124714,124714,tw,Mandarin,C1,5,13,3,99,99A,99,99A,1,Comparing two demographic groups,group,group,41156,01:50:37.617,95,106,125.8432,"
	  Here is my summary about the two demographic groups. for your information. Advantage: The research shows that 47% of demographic group 2 purchase at least one magazine a month, and 72% prefer magazines supported by extensive website content.  so i think the trend deserves our investment. Also 1 long term and 2 recent competitive products are available, though not more than demographic group 1, it's still potential. As for purchase power, according to the data, there would be $ 244 billion of group 2 more than $175 billion in 2025(estimated). Therefore, i suggest you to enhance the estate on the group 2 to gain more profit.
	","Here is my summary about the two demographic groups. for your information. advantage: The research shows that 47% of demographic group 2 purchase at least one magazine a month, and 72% prefer magazines supported by extensive website content. so i think the trend deserves our investment. Also 1 long term and 2 recent competitive products are available, though not more than demographic group 1, it's still potential. As for purchase power, according to the data, there would be $ 244 billion of group 2 more than $175 billion in 2025(estimated). therefore, i suggest you to enhance the estate on the group 2 to gain more profit."
399025,48265,48265,cn,Mandarin,C1,5,13,3,99,99A,99,99A,1,Comparing two demographic groups,group,group,41162,04:06:29.377,95,164,50.92659446,"
	  Based on the two demographics,   first of all, the research shows that for the group 1, 15- to 19-year-old women, 29% of them would buy at least one magazine a month, in comparison, for the group 2, 18- to 24-year-old men, the number is 47%.  Secondly, for the competitions in the market, 6 competitive products already exist, in contrast, only 1 long term and 2 recent competitive in group 2.  Furthermore, on the one hand, the group 1 had $153 billion purchasing power in 2010 and its estimated to be $175 billion in 2025, but on the other hand, the group 2 has $242 billion purchasing power in 2010 and its estimated to be $244 billion in 2025.  In the end, the two groups shows there are similar demographic size in 2010 (its about 24 million), but it has big gap in 2025 based on the estimated data, Its 30 million in group 1 and 20 million for group 2.
	","based on the two demographics, first of all, the research shows that for the group 1, 15- to 19-year-old women, 29% of them would buy at least one magazine a month, in comparison, for the group 2, 18- to 24-year-old men, the number is 47%. secondly, for the competitions in the market, 6 competitive products already exist, in contrast, only 1 long term and 2 recent competitive in group 2. furthermore, on the one hand, the group 1 had $153 billion purchasing power in 2010 and its estimated to be $175 billion in 2025, but on the other hand, the group 2 has $242 billion purchasing power in 2010 and its estimated to be $244 billion in 2025. In the end, the two groups shows there are similar demographic size in 2010 (its about 24 million), but it has big gap in 2025 based on the estimated data, Its 30 million in group 1 and 20 million for group 2."
128722,5401,5401,br,Portuguese,C1,5,13,3,99,99A,99,99A,1,Comparing two demographic groups,group,group,41162,13:45:07.103,100,131,39.20588235,"
	  Comparing the two demographic groups presented observed that the group of men 19-24 years old have greater purchasing power and better correspond to our investment objective. We should suit our products and marketing to this group because it will give us greater return as we see in comparing the value of the purchasing power estimated for this group for the year 2025 in contrast to the purchase price for the group of women 15-19 years old which will be much smaller. Similarly the second group also possesses the highest percentage of preference for shopping magazines. We should also pay attention to the fact that the size of the population demographic of the second group will have a slight decline and moreover the first group will have a slight increase.
	",comparing the two demographic groups presented observed that the group of men 19-24 years old have greater purchasing power and better correspond to our investment objective. We should suit our products and marketing to this group because it will give us greater return as we see in comparing the value of the purchasing power estimated for this group for the year 2025 in contrast to the purchase price for the group of women 15-19 years old which will be much smaller. similarly the second group also possesses the highest percentage of preference for shopping magazines. We should also pay attention to the fact that the size of the population demographic of the second group will have a slight decline and moreover the first group will have a slight increase.
527170,1699,1699,br,Portuguese,C1,5,13,3,99,99A,99,99A,1,Comparing two demographic groups,group,group,41162,16:53:29.763,96,159,79,"
	  The demographic group 1 has a higher growth potential, since it is a market in expansion. In contrast, demographic group 2 has a tendence for having its sales reduced over the next years. Although it has a higher market potential, there are already 6 competitive products in group 1, in other words, there's a high concurrence in this segment. On the other side, market 2 has only 1 long term and 2 recent competitive products. If we would invest on group 1, I'd suggest taking the approach of making agressive publicity, which would also require big investments. When choosing group 2, a good option would be to develop a product that is quite different from the competitors'. If we make an innovative and creative product targeted at 18-24 old men, we could change the trends and get good sales with lower investment. When targeting market 2 it would be also a good idea to develop strong website content.
	","The demographic group 1 has a higher growth potential, since it is a market in expansion. In contrast, demographic group 2 has a tendence for having its sales reduced over the next years. Although it has a higher market potential, there are already 6 competitive products in group 1, in other words, there's a high concurrence in this segment. On the other side, market 2 has only 1 long term and 2 recent competitive products. If we would invest on group 1, I'd suggest taking the approach of making aggressive publicity, which would also require big investments. When choosing group 2, a good option would be to develop a product that is quite different from the competitors'. If we make an innovative and creative product targeted at 18-24 old men, we could change the trends and get good sales with lower investment. When targeting market 2 it would be also a good idea to develop strong website content."
215802,20114,20114,cn,Mandarin,C1,5,13,3,99,99A,99,99A,1,Comparing two demographic groups,group,group,41162,22:54:43.610,77,123,35.12378095,"
	  Compared to current market, 15 to 19-year-old women 29% of them puechase at least one magazine a month, and 69% prefer magazines to blogs.Hoever 18 to 24 year old men 47% purchase at least one magazine a month. 72% prefer magazines supported by extensive website content. In women competive market, we have 6 competive products, otherwise in men market, only 1 long term and 2 recent competive products. Regards the purchasing power, 153 billion , and 175 billion estimated in 2025. In contrast, in Men market, there are 242 billion in 2010, 244 billion in 2025. For the demographic size, there are 24 million in 2010, 30 million in 2025, but men, 25 million in 2010, 20 million in 2025 estimated.
	","compared to current market, 15 to 19-year-old women 29% of them purchase at least one magazine a month, and 69% prefer magazines to blogs.However 18 to 24 year old men 47% purchase at least one magazine a month. 72% prefer magazines supported by extensive website content. In women completive market, we have 6 completive products, otherwise in men market, only 1 long term and 2 recent completive products. regards the purchasing power, 153 billion , and 175 billion estimated in 2025. In contrast, in Men market, there are 242 billion in 2010, 244 billion in 2025. For the demographic size, there are 24 million in 2010, 30 million in 2025, but men, 25 million in 2010, 20 million in 2025 estimated."
518891,67658,67658,br,Portuguese,C1,5,13,3,99,99A,99,99A,1,Comparing two demographic groups,group,group,41163,10:55:21.280,99,165,39.88211467,"
	  We had done a research with two demographic groups about the magazines market. The first group involved women between the ages of 15 to 19 years old (group A) and the second group involved men between the ages of 18 to 24 years old (group B).  First of all, we noticed that both groups have a percentage that purchases at least one magazine in a month.  However, numbers of group B is bigger (47%) than group A (29%). The reason might be the products in the market. We know that there are 6 competitive products in the market for group A and there are only one long term and two recent competitive products for group B. The demographic size in 2010 was almost the same for both groups, 24 million for group A and 25 million for group B. However, it will change in 2025 as the estimated size for group A will be 30 million while for group B it will be 20 million.  
	","We had done a research with two demographic groups about the magazines market. The first group involved women between the ages of 15 to 19 years old (group A) and the second group involved men between the ages of 18 to 24 years old (group B). First of all, we noticed that both groups have a percentage that purchases at least one magazine in a month. However, numbers of group B is bigger (47%) than group A (29%). The reason might be the products in the market. We know that there are 6 competitive products in the market for group A and there are only one long term and two recent competitive products for group B. The demographic size in 2010 was almost the same for both groups, 24 million for group A and 25 million for group B. However, it will change in 2025 as the estimated size for group A will be 30 million while for group B it will be 20 million."
379831,100549,100549,br,Portuguese,C1,5,13,3,99,99A,99,99A,1,Comparing two demographic groups,group,group,41163,12:20:19.263,100,181,71.47827474,"
	  Magazine Sales: Demographic Group 1 (15- to 19-year-old women): Pros: 69% prefers magazines to blogs. The prevision is that the purchasing power and the demographic size will rise until 2025. Cons: Just 29% purchase at least one magazine a month and already exists 6 competitive products. Final opinion: In one hand the purchasing power and the demographic size will rise until 2025. But on the other hand, we have 6 competitive products on this area. Demographic Group 2 (18- to 24- year old men): Pros: 47% purchase at least one magazine a month and just exist 1 long term and 2 recent competitive products. Cons: 72% prefer magazines supported by extensive website content. The prevision is that the purchasing power will dramatically rise and the demographic size will reduce until 2025. Final opinion: In one hand, this demographic group consumes a lot of content, but on the other hand, the prevision is that the purchasing power and the demographic size will be stable until 2025. In the end, this group will request more time and money for website content.
	","magazine Sales: demographic group 1 (15- to 19-year-old women): Pros: 69% prefers magazines to blogs. The prevision is that the purchasing power and the demographic size will rise until 2025. Cons: Just 29% purchase at least one magazine a month and already exists 6 competitive products. Final opinion: In one hand the purchasing power and the demographic size will rise until 2025. But on the other hand, we have 6 competitive products on this area. demographic group 2 (18- to 24- year old men): Pros: 47% purchase at least one magazine a month and just exist 1 long term and 2 recent competitive products. Cons: 72% prefer magazines supported by extensive website content. The prevision is that the purchasing power will dramatically rise and the demographic size will reduce until 2025. Final opinion: In one hand, this demographic group consumes a lot of content, but on the other hand, the prevision is that the purchasing power and the demographic size will be stable until 2025. In the end, this group will request more time and money for website content."
